[13Aug2026 09:34:06.045] [main/INFO] [cpw.mods.modlauncher.Launcher/MODLAUNCHER]: ModLauncher running: args [--launchTarget, forgeserver, --fml.forgeVersion, 47.4.20, --fml.mcVersion, 1.20.1, --fml.forgeGroup, net.minecraftforge, --fml.mcpVersion, 20230612.114412]
[13Aug2026 09:34:06.049] [main/INFO] [cpw.mods.modlauncher.Launcher/MODLAUNCHER]: ModLauncher 10.0.9+10.0.9+main.dcd20f30 starting: java version 25.0.2 by Microsoft; OS Linux arch amd64 version 6.8.0-1052-azure
[13Aug2026 09:34:07.763] [main/INFO] [net.minecraftforge.fml.loading.ImmediateWindowHandler/]: ImmediateWindowProvider not loading because launch target is forgeserver
[13Aug2026 09:34:07.912] [main/INFO] [mixin/]: SpongePowered MIXIN Subsystem Version=0.8.5 Source=union:/workspaces/khunglong30/libraries/org/spongepowered/mixin/0.8.5/mixin-0.8.5.jar%2365!/ Service=ModLauncher Env=SERVER
[13Aug2026 09:34:08.596] [main/WARN] [net.minecraftforge.fml.loading.moddiscovery.ModFileParser/LOADING]: Mod file /workspaces/khunglong30/libraries/net/minecraftforge/fmlcore/1.20.1-47.4.20/fmlcore-1.20.1-47.4.20.jar is missing mods.toml file
[13Aug2026 09:34:08.599] [main/WARN] [net.minecraftforge.fml.loading.moddiscovery.ModFileParser/LOADING]: Mod file /workspaces/khunglong30/libraries/net/minecraftforge/javafmllanguage/1.20.1-47.4.20/javafmllanguage-1.20.1-47.4.20.jar is missing mods.toml file
[13Aug2026 09:34:08.604] [main/WARN] [net.minecraftforge.fml.loading.moddiscovery.ModFileParser/LOADING]: Mod file /workspaces/khunglong30/libraries/net/minecraftforge/lowcodelanguage/1.20.1-47.4.20/lowcodelanguage-1.20.1-47.4.20.jar is missing mods.toml file
[13Aug2026 09:34:08.608] [main/WARN] [net.minecraftforge.fml.loading.moddiscovery.ModFileParser/LOADING]: Mod file /workspaces/khunglong30/libraries/net/minecraftforge/mclanguage/1.20.1-47.4.20/mclanguage-1.20.1-47.4.20.jar is missing mods.toml file
[13Aug2026 09:34:09.250] [main/INFO] [net.minecraftforge.fml.loading.moddiscovery.JarInJarDependencyLocator/]: Found 21 dependencies adding them to mods collection
[13Aug2026 09:34:09.287] [main/WARN] [net.minecraftforge.fml.loading.moddiscovery.ModFile/]: fdbosses-3.1.0.3-1.20.1.jar contains an invalid 'accessTransformers' TOML entry. Should be e.g. accessTransformers = ["META-INF/accesstransformer.cfg", "META-INF/extra_at.cfg"] or accessTransformers = [] for no ATs. Falling back to default.
[13Aug2026 09:34:09.349] [main/WARN] [net.minecraftforge.fml.loading.moddiscovery.ModFile/]: fdlib-1.0.9-1.20.1.jar contains an invalid 'accessTransformers' TOML entry. Should be e.g. accessTransformers = ["META-INF/accesstransformer.cfg", "META-INF/extra_at.cfg"] or accessTransformers = [] for no ATs. Falling back to default.
[13Aug2026 09:34:12.872] [main/INFO] [mixin/]: Compatibility level set to JAVA_17
[13Aug2026 09:34:13.189] [main/INFO] [mixin/]: Successfully loaded Mixin Connector [com.aizistral.enigmaticlegacy.MixinConnector]
[13Aug2026 09:34:13.191] [main/INFO] [cpw.mods.modlauncher.LaunchServiceHandler/MODLAUNCHER]: Launching target 'forgeserver' with arguments []
[13Aug2026 09:34:13.445] [main/INFO] [ModernFix/]: Loaded configuration file for ModernFix 5.27.72+mc1.20.1: 110 options available, 0 override(s) found
[13Aug2026 09:34:13.446] [main/INFO] [ModernFix/]: Applying Nashorn fix
[13Aug2026 09:34:13.467] [main/INFO] [ModernFix/]: Applied Forge config corruption patch
[13Aug2026 09:34:13.629] [main/ERROR] [mixin/]: Invalid REFMAP JSON in woc_remastered.refmap.json: com.google.gson.JsonSyntaxException java.lang.IllegalStateException: Expected BEGIN_OBJECT but was STRING at line 10 column 159 path $.data..
[13Aug2026 09:34:13.629] [main/WARN] [mixin/]: Reference map 'woc_remastered.refmap.json' for woc_remastered.mixins.json could not be read. If this is a development environment you can ignore this message
[13Aug2026 09:34:14.590] [main/INFO] [net.minecraftforge.coremod.CoreMod.placebo/COREMODLOG]: Patching IForgeItemStack#getEnchantmentLevel
[13Aug2026 09:34:14.608] [main/INFO] [net.minecraftforge.coremod.CoreMod.placebo/COREMODLOG]: Patching IForgeItemStack#getEnchantmentLevel
[13Aug2026 09:34:14.732] [main/WARN] [mixin/]: Error loading class: dev/latvian/mods/kubejs/recipe/RecipesEventJS (java.lang.ClassNotFoundException: dev.latvian.mods.kubejs.recipe.RecipesEventJS)
[13Aug2026 09:34:14.732] [main/WARN] [mixin/]: @Mixin target dev.latvian.mods.kubejs.recipe.RecipesEventJS was not found mixins.hammerlib.json:bs.kubejs.RecipeEventJSMixin
[13Aug2026 09:34:15.292] [main/ERROR] [net.minecraftforge.fml.loading.RuntimeDistCleaner/DISTXFORM]: Attempted to load class net/minecraft/client/gui/screens/Screen for invalid dist DEDICATED_SERVER
[13Aug2026 09:34:15.293] [main/WARN] [mixin/]: Error loading class: net/minecraft/client/gui/screens/Screen (java.lang.RuntimeException: Attempted to load class net/minecraft/client/gui/screens/Screen for invalid dist DEDICATED_SERVER)
[13Aug2026 09:34:15.294] [main/WARN] [mixin/]: @Mixin target net.minecraft.client.gui.screens.Screen was not found relics.mixins.json:ScreenMixin
[13Aug2026 09:34:15.435] [main/INFO] [net.minecraftforge.coremod.CoreMod.apotheosis/COREMODLOG]: Replaced 2 calls to Enchantment#getMaxLevel() in net/minecraft/world/inventory/AnvilMenu
[13Aug2026 09:34:15.445] [main/INFO] [net.minecraftforge.coremod.CoreMod.placebo/COREMODLOG]: Patching IForgeItemStack#getEnchantmentLevel
[13Aug2026 09:34:15.446] [main/INFO] [net.minecraftforge.coremod.CoreMod.placebo/COREMODLOG]: Patching IForgeItemStack#getEnchantmentLevel
[13Aug2026 09:34:15.454] [main/WARN] [mixin/]: Error loading class: com/hollingsworth/arsnouveau/common/items/SpellCrossbow (java.lang.ClassNotFoundException: com.hollingsworth.arsnouveau.common.items.SpellCrossbow)
[13Aug2026 09:34:15.544] [main/WARN] [mixin/]: Error loading class: jeresources/api/util/LootConditionHelper (java.lang.ClassNotFoundException: jeresources.api.util.LootConditionHelper)
[13Aug2026 09:34:15.544] [main/WARN] [mixin/]: @Mixin target jeresources.api.util.LootConditionHelper was not found mixins.improvableskills.json:jer.LootConditionHelperMixin
[13Aug2026 09:34:15.855] [main/WARN] [mixin/]: Error loading class: com/seibel/distanthorizons/api/objects/data/DhApiTerrainDataPoint (java.lang.ClassNotFoundException: com.seibel.distanthorizons.api.objects.data.DhApiTerrainDataPoint)
[13Aug2026 09:34:16.355] [main/WARN] [mixin/]: Error loading class: net/minecraft/client/player/KeyboardInput (java.lang.ClassNotFoundException: net.minecraft.client.player.KeyboardInput)
[13Aug2026 09:34:16.356] [main/WARN] [mixin/]: @Mixin target net.minecraft.client.player.KeyboardInput was not found fdlib.mixins.json:KeyboardInputMixin
[13Aug2026 09:34:16.362] [main/WARN] [mixin/]: Error loading class: tfar/davespotioneering/blockentity/AdvancedBrewingStandBlockEntity (java.lang.ClassNotFoundException: tfar.davespotioneering.blockentity.AdvancedBrewingStandBlockEntity)
[13Aug2026 09:34:16.362] [main/WARN] [mixin/]: @Mixin target tfar.davespotioneering.blockentity.AdvancedBrewingStandBlockEntity was not found itemproductionlib.mixins.json:davespotioneering/AdvancedBrewingStandBlockEntityMixin
[13Aug2026 09:34:16.366] [main/WARN] [mixin/]: Error loading class: fuzs/visualworkbench/world/inventory/ModCraftingMenu (java.lang.ClassNotFoundException: fuzs.visualworkbench.world.inventory.ModCraftingMenu)
[13Aug2026 09:34:16.366] [main/WARN] [mixin/]: @Mixin target fuzs.visualworkbench.world.inventory.ModCraftingMenu was not found itemproductionlib.mixins.json:visualworkbench/ModCraftingMenuMixin
[13Aug2026 09:34:16.520] [main/INFO] [net.minecraftforge.coremod.CoreMod.apotheosis/COREMODLOG]: Replaced 2 calls to Enchantment#getMaxLevel() in net/minecraft/world/item/CreativeModeTabs
[13Aug2026 09:34:16.610] [main/INFO] [net.minecraftforge.coremod.CoreMod.apotheosis/COREMODLOG]: Replaced 1 calls to Enchantment#getMaxLevel() in net/minecraft/world/entity/npc/VillagerTrades$EnchantBookForEmeralds
[13Aug2026 09:34:16.614] [main/INFO] [net.minecraftforge.coremod.CoreMod.apotheosis/COREMODLOG]: Replaced 1 calls to Enchantment#isTreasureOnly() in net/minecraft/world/entity/npc/VillagerTrades$EnchantBookForEmeralds
[13Aug2026 09:34:16.614] [main/INFO] [net.minecraftforge.coremod.CoreMod.apotheosis/COREMODLOG]: Replaced 1 calls to Enchantment#isTradeable() in net/minecraft/world/entity/npc/VillagerTrades$EnchantBookForEmeralds
[13Aug2026 09:34:16.633] [main/INFO] [net.minecraftforge.coremod.CoreMod.apotheosis/COREMODLOG]: Replaced 1 calls to Enchantment#getMaxLevel() in net/minecraft/world/level/storage/loot/functions/EnchantRandomlyFunction
[13Aug2026 09:34:16.634] [main/INFO] [net.minecraftforge.coremod.CoreMod.apotheosis/COREMODLOG]: Replaced 1 calls to Enchantment#isDiscoverable() in net/minecraft/world/level/storage/loot/functions/EnchantRandomlyFunction
[13Aug2026 09:34:16.652] [main/WARN] [mixin/]: Error loading class: noobanidus/mods/lootr/config/ConfigManager (java.lang.ClassNotFoundException: noobanidus.mods.lootr.config.ConfigManager)
[13Aug2026 09:34:16.653] [main/WARN] [mixin/]: @Mixin target noobanidus.mods.lootr.config.ConfigManager was not found quark_integrations.mixins.json:lootr.ConfigManagerMixin
[13Aug2026 09:34:16.770] [main/WARN] [mixin/]: Error loading class: net/darkhax/darkutils/features/charms/CharmEffects (java.lang.ClassNotFoundException: net.darkhax.darkutils.features.charms.CharmEffects)
[13Aug2026 09:34:16.772] [main/WARN] [mixin/]: Error loading class: com/brandon3055/csg/ModEventHandler (java.lang.ClassNotFoundException: com.brandon3055.csg.ModEventHandler)
[13Aug2026 09:34:16.781] [main/WARN] [mixin/]: Error loading class: vazkii/quark/content/tweaks/module/AutomaticRecipeUnlockModule (java.lang.ClassNotFoundException: vazkii.quark.content.tweaks.module.AutomaticRecipeUnlockModule)
[13Aug2026 09:34:16.910] [main/WARN] [mixin/]: Error loading class: com/mojang/blaze3d/platform/InputConstants$Key (java.lang.ClassNotFoundException: com.mojang.blaze3d.platform.InputConstants$Key)
[13Aug2026 09:34:17.124] [main/INFO] [MixinExtras|Service/]: Initializing MixinExtras via com.llamalad7.mixinextras.service.MixinExtrasServiceImpl(version=0.5.3).
[13Aug2026 09:34:18.049] [main/INFO] [net.minecraft.server.Bootstrap/]: ModernFix reached bootstrap stage (15.18 s after launch)
[13Aug2026 09:34:18.202] [main/WARN] [mixin/]: @Final field delegatesByName:Ljava/util/Map; in modernfix-modernfix.mixins.json:perf.forge_registry_alloc.ForgeRegistryMixin should be final
[13Aug2026 09:34:18.204] [main/WARN] [mixin/]: @Final field delegatesByValue:Ljava/util/Map; in modernfix-modernfix.mixins.json:perf.forge_registry_alloc.ForgeRegistryMixin should be final
[13Aug2026 09:34:18.849] [main/INFO] [mixin/]: Mixing MixinLivingEntity from enigmaticlegacy.mixins.json into net.minecraft.world.entity.LivingEntity
[13Aug2026 09:34:19.368] [main/INFO] [mixin/]: Mixing MixinPlayer from enigmaticlegacy.mixins.json into net.minecraft.world.entity.player.Player
[13Aug2026 09:34:19.531] [main/INFO] [mixin/]: Mixing MixinMobEffect from enigmaticlegacy.mixins.json into net.minecraft.world.effect.MobEffect
[13Aug2026 09:34:19.680] [main/INFO] [net.minecraftforge.coremod.CoreMod.apotheosis/COREMODLOG]: Replaced 2 calls to Enchantment#getMaxLevel() in net/minecraft/world/item/CreativeModeTabs
[13Aug2026 09:34:20.059] [main/INFO] [net.minecraft.server.Bootstrap/]: Vanilla bootstrap took 1972 milliseconds
[13Aug2026 09:34:20.470] [main/INFO] [net.minecraftforge.coremod.CoreMod.apotheosis/COREMODLOG]: Replaced 1 calls to Enchantment#getMaxLevel() in org/violetmoon/quark/content/experimental/module/GameNerfsModule
[13Aug2026 09:34:21.258] [main/INFO] [net.minecraftforge.coremod.CoreMod.apotheosis/COREMODLOG]: Replaced 5 calls to Enchantment#getMaxLevel() in org/violetmoon/quark/content/tools/module/AncientTomesModule
[13Aug2026 09:34:21.264] [main/INFO] [mixin/]: Mixing MixinItemStack from enigmaticlegacy.mixins.json into net.minecraft.world.item.ItemStack
[13Aug2026 09:34:21.279] [main/WARN] [mixin/]: Mixin sona.mixins.json:ItemStackMixin has multiple constructors, (Ljava/lang/Class;)V was selected

[13Aug2026 09:34:21.300] [main/INFO] [net.minecraftforge.coremod.CoreMod.placebo/COREMODLOG]: Patching IForgeItemStack#getEnchantmentLevel
[13Aug2026 09:34:21.301] [main/INFO] [net.minecraftforge.coremod.CoreMod.placebo/COREMODLOG]: Patching IForgeItemStack#getEnchantmentLevel
[13Aug2026 09:34:21.330] [main/INFO] [mixin/]: Mixing AccessorAbstractArrowEntity from enigmaticlegacy.mixins.json into net.minecraft.world.entity.projectile.AbstractArrow
[13Aug2026 09:34:21.434] [main/INFO] [mixin/]: Mixing MixinEnchantmentContainer from enigmaticlegacy.mixins.json into net.minecraft.world.inventory.EnchantmentMenu
[13Aug2026 09:34:21.434] [main/INFO] [mixin/]: Renaming synthetic method lambda$onEnchantedItem$0(Lnet/minecraft/world/item/ItemStack;Lnet/minecraft/world/inventory/EnchantmentMenu;ILnet/minecraft/world/entity/player/Player;ILnet/minecraft/world/level/Level;Lnet/minecraft/core/BlockPos;)V to mddccb0e$lambda$onEnchantedItem$0$0 in enigmaticlegacy.mixins.json:MixinEnchantmentContainer
[13Aug2026 09:34:21.533] [main/WARN] [mixin/]: @Final field f_31427_:[I in mixins.epicfight.json:common.MixinWitherBoss should be final
[13Aug2026 09:34:21.534] [main/WARN] [mixin/]: @Final field f_31428_:[I in mixins.epicfight.json:common.MixinWitherBoss should be final
[13Aug2026 09:34:21.561] [main/INFO] [net.minecraftforge.coremod.CoreMod.apotheosis/COREMODLOG]: Replaced 2 calls to Enchantment#getMaxLevel() in net/minecraft/world/inventory/AnvilMenu
[13Aug2026 09:34:22.038] [main/INFO] [mixin/]: Mixing MixinEnderEyeItem from enigmaticlegacy.mixins.json into net.minecraft.world.item.EnderEyeItem
[13Aug2026 09:34:22.064] [main/INFO] [mixin/]: Mixing MixinCrossbowItem from enigmaticlegacy.mixins.json into net.minecraft.world.item.CrossbowItem
[13Aug2026 09:34:22.548] [main/INFO] [mixin/]: Mixing MixinEnderDragon from enigmaticlegacy.mixins.json into net.minecraft.world.entity.boss.enderdragon.EnderDragon
[13Aug2026 09:34:22.549] [main/INFO] [mixin/]: Renaming synthetic method lambda$onTickDeath$0(Lnet/minecraft/server/level/ServerPlayer;)V to mddccb0e$lambda$onTickDeath$0$0 in enigmaticlegacy.mixins.json:MixinEnderDragon
[13Aug2026 09:34:22.661] [main/WARN] [mixin/]: @Final field f_26027_:Lnet/minecraft/world/entity/ai/targeting/TargetingConditions; in guardvillagers.mixins.json:DefendVillageGoalGolemMixin should be final
[13Aug2026 09:34:22.798] [main/INFO] [mixin/]: Mixing MixinShulker from enigmaticlegacy.mixins.json into net.minecraft.world.entity.monster.Shulker
[13Aug2026 09:34:22.899] [main/WARN] [net.minecraft.network.syncher.SynchedEntityData/]: defineId called for: class net.minecraft.world.entity.LivingEntity from class yesman.epicfight.world.capabilities.entitypatch.LivingEntityPatch
[13Aug2026 09:34:22.900] [main/WARN] [net.minecraft.network.syncher.SynchedEntityData/]: defineId called for: class net.minecraft.world.entity.LivingEntity from class yesman.epicfight.world.capabilities.entitypatch.LivingEntityPatch
[13Aug2026 09:34:22.900] [main/WARN] [net.minecraft.network.syncher.SynchedEntityData/]: defineId called for: class net.minecraft.world.entity.LivingEntity from class yesman.epicfight.world.capabilities.entitypatch.LivingEntityPatch
[13Aug2026 09:34:22.900] [main/WARN] [net.minecraft.network.syncher.SynchedEntityData/]: defineId called for: class net.minecraft.world.entity.LivingEntity from class yesman.epicfight.world.capabilities.entitypatch.LivingEntityPatch
[13Aug2026 09:34:22.939] [main/WARN] [mixin/]: @Inject(@At("INVOKE_ASSIGN")) Shift.BY=2 on refurbished_furniture.common.mixins.json:LevelChunkMixin::handler$bdd000$refurbishedFurniture$AfterRemoveBlockEntity exceeds the maximum allowed value: 0. Increase the value of maxShiftBy to suppress this warning.
[13Aug2026 09:34:22.979] [main/INFO] [mixin/]: Mixing MixinVillagerEntity from enigmaticlegacy.mixins.json into net.minecraft.world.entity.npc.Villager
[13Aug2026 09:34:22.980] [main/INFO] [mixin/]: Mixing MixinVillager from enigmaticlegacy.mixins.json into net.minecraft.world.entity.npc.Villager
[13Aug2026 09:34:23.064] [main/INFO] [net.minecraftforge.coremod.CoreMod.apotheosis/COREMODLOG]: Patching FishingHook#catchingFish
[13Aug2026 09:34:23.231] [main/INFO] [mixin/]: Mixing MixinBindingCurseEnchantment from enigmaticlegacy.mixins.json into net.minecraft.world.item.enchantment.BindingCurseEnchantment
[13Aug2026 09:34:23.598] [main/INFO] [net.minecraftforge.coremod.CoreMod.apotheosis/COREMODLOG]: Replaced 1 calls to Enchantment#getMaxLevel() in net/minecraft/world/level/storage/loot/functions/EnchantRandomlyFunction
[13Aug2026 09:34:23.598] [main/INFO] [net.minecraftforge.coremod.CoreMod.apotheosis/COREMODLOG]: Replaced 1 calls to Enchantment#isDiscoverable() in net/minecraft/world/level/storage/loot/functions/EnchantRandomlyFunction
[13Aug2026 09:34:24.181] [main/WARN] [mixin/]: Static binding violation: PRIVATE @Overwrite method m_47505_ in modernfix-modernfix.mixins.json:perf.remove_biome_temperature_cache.BiomeMixin cannot reduce visibiliy of PUBLIC target method, visibility will be upgraded.
[13Aug2026 09:34:24.799] [modloading-worker-0/INFO] [mixin/]: Mixing MixinEnterBlockTrigger from enigmaticlegacy.mixins.json into net.minecraft.advancements.critereon.EnterBlockTrigger
[13Aug2026 09:34:24.803] [modloading-worker-0/INFO] [mixin/]: Mixing MixinInventoryChangeTrigger from enigmaticlegacy.mixins.json into net.minecraft.advancements.critereon.InventoryChangeTrigger
[13Aug2026 09:34:24.820] [modloading-worker-0/INFO] [mixin/]: Mixing MixinSummonedEntityTrigger from enigmaticlegacy.mixins.json into net.minecraft.advancements.critereon.SummonedEntityTrigger
[13Aug2026 09:34:25.255] [modloading-worker-0/INFO] [MaxHealthFix/]: Loaded maxhealthfix for Forge.
[13Aug2026 09:34:25.293] [modloading-worker-0/WARN] [net.minecraftforge.common.ForgeConfigSpec/CORE]: Configuration file /workspaces/khunglong30/config/guardvillagers-common.toml is not correct. Correcting
[13Aug2026 09:34:25.660] [modloading-worker-0/INFO] [org.berezka.doomsday_translations.Doomsday_translations/]: [Doomsday Translations] mod loaded on Server.
[13Aug2026 09:34:25.916] [modloading-worker-0/INFO] [ironfurnaces.IronFurnaces/]: Initializing Update Checker...
[13Aug2026 09:34:25.921] [Iron Furnaces Update Checker/INFO] [ironfurnaces.IronFurnaces/]: Starting Update Check...
[13Aug2026 09:34:25.972] [Iron Furnaces Update Checker/INFO] [ironfurnaces.IronFurnaces/]: Update Check done!
[13Aug2026 09:34:25.973] [Iron Furnaces Update Checker/INFO] [ironfurnaces.IronFurnaces/]: There is an Update for Iron Furnaces available!
[13Aug2026 09:34:25.974] [Iron Furnaces Update Checker/INFO] [ironfurnaces.IronFurnaces/]: Current Version: 1.20.1-416, newest Version: 1.20.1-release418!
[13Aug2026 09:34:25.974] [Iron Furnaces Update Checker/INFO] [ironfurnaces.IronFurnaces/]: View the Changelog at https://raw.githubusercontent.com/Qelifern/IronFurnaces/1.20.1/ifchangelog.txt
[13Aug2026 09:34:25.975] [Iron Furnaces Update Checker/INFO] [ironfurnaces.IronFurnaces/]: Download at https://www.curseforge.com/minecraft/mc-mods/iron-furnaces
[13Aug2026 09:34:26.074] [modloading-worker-0/INFO] [HammerLib/]: Registered charge handler for type org.zeith.hammerlib.util.charging.fluid.FluidCharge - org.zeith.hammerlib.util.charging.impl.FluidChargeHandler@210b2559
[13Aug2026 09:34:26.075] [modloading-worker-0/INFO] [HammerLib/]: Registered charge handler for type org.zeith.hammerlib.util.charging.fe.FECharge - org.zeith.hammerlib.util.charging.impl.FEChargeHandler@28cd7e2c
[13Aug2026 09:34:26.110] [modloading-worker-0/INFO] [HammerLib/]: Registered inventory lister org.zeith.hammerlib.util.charging.impl.VanillaPlayerInvLister
[13Aug2026 09:34:26.118] [modloading-worker-0/INFO] [lostcities/]: Creating standard profiles into 'config/lostcities/profiles'
[13Aug2026 09:34:26.123] [modloading-worker-0/INFO] [HammerLib/]: Hooked Lorg/zeith/hammerlib/core/test/machine/TileTestMachine; from hammerlib to register it's stuff.
[13Aug2026 09:34:26.124] [modloading-worker-0/INFO] [HammerLib/]: Hooked Lorg/zeith/hammerlib/core/test/machine/RecipeTestMachine; from hammerlib to register it's stuff.
[13Aug2026 09:34:26.124] [modloading-worker-0/INFO] [HammerLib/]: Hooked Lorg/zeith/hammerlib/core/test/machine/BlockTestMachine; from hammerlib to register it's stuff.
[13Aug2026 09:34:26.124] [modloading-worker-0/INFO] [HammerLib/]: Hooked Lorg/zeith/hammerlib/core/recipes/replacers/WaterBottleReplacer; from hammerlib to register it's stuff.
[13Aug2026 09:34:26.125] [modloading-worker-0/INFO] [HammerLib/]: Hooked Lorg/zeith/hammerlib/core/recipes/replacers/RemainingReplacerRegistrar; from hammerlib to register it's stuff.
[13Aug2026 09:34:26.125] [modloading-worker-0/INFO] [HammerLib/]: Hooked Lorg/zeith/hammerlib/core/init/SourceTypesHL; from hammerlib to register it's stuff.
[13Aug2026 09:34:26.125] [modloading-worker-0/INFO] [HammerLib/]: Hooked Lorg/zeith/hammerlib/core/init/RecipesHL; from hammerlib to register it's stuff.
[13Aug2026 09:34:26.125] [modloading-worker-0/INFO] [HammerLib/]: Hooked Lorg/zeith/hammerlib/core/init/LevelActionTypesHL; from hammerlib to register it's stuff.
[13Aug2026 09:34:26.125] [modloading-worker-0/INFO] [HammerLib/]: Hooked Lorg/zeith/hammerlib/core/init/ItemsHL; from hammerlib to register it's stuff.
[13Aug2026 09:34:26.125] [modloading-worker-0/INFO] [HammerLib/]: Hooked Lorg/zeith/hammerlib/core/init/GearsHL; from hammerlib to register it's stuff.
[13Aug2026 09:34:26.126] [modloading-worker-0/INFO] [HammerLib/]: Hooked Lorg/zeith/hammerlib/api/forge/ContainerAPI; from hammerlib to register it's stuff.
[13Aug2026 09:34:26.126] [modloading-worker-0/INFO] [HammerLib/]: Injecting setup into org.zeith.hammerlib.net.Network
[13Aug2026 09:34:26.178] [modloading-worker-0/INFO] [lostcities/]: Reading existing profiles from 'config/lostcities/profiles'
[13Aug2026 09:34:26.232] [modloading-worker-0/INFO] [HammerLib/]: Hooked Lorg/zeith/improvableskills/init/SkillsIS; from improvableskills to register it's stuff.
[13Aug2026 09:34:26.232] [modloading-worker-0/INFO] [HammerLib/]: Hooked Lorg/zeith/improvableskills/init/RecipeTypesIS; from improvableskills to register it's stuff.
[13Aug2026 09:34:26.232] [modloading-worker-0/INFO] [HammerLib/]: Hooked Lorg/zeith/improvableskills/init/ParticleTypesIS; from improvableskills to register it's stuff.
[13Aug2026 09:34:26.233] [modloading-worker-0/INFO] [HammerLib/]: Hooked Lorg/zeith/improvableskills/init/PageletsIS; from improvableskills to register it's stuff.
[13Aug2026 09:34:26.233] [modloading-worker-0/INFO] [HammerLib/]: Hooked Lorg/zeith/improvableskills/init/ItemsIS; from improvableskills to register it's stuff.
[13Aug2026 09:34:26.233] [modloading-worker-0/INFO] [HammerLib/]: Hooked Lorg/zeith/improvableskills/init/GuiHooksIS; from improvableskills to register it's stuff.
[13Aug2026 09:34:26.233] [modloading-worker-0/INFO] [HammerLib/]: Hooked Lorg/zeith/improvableskills/init/AbilitiesIS; from improvableskills to register it's stuff.
[13Aug2026 09:34:26.237] [modloading-worker-0/INFO] [HammerLib/]: Injecting config setup into class org.zeith.improvableskills.cfg.ConfigsIS
[13Aug2026 09:34:26.238] [modloading-worker-0/INFO] [org.admany.lc2h.LC2H/]: [LC2H] Registered with Quantified API
[13Aug2026 09:34:26.260] [modloading-worker-0/INFO] [Enigmatic Legacy/INFO]: Constructing mod instance...
[13Aug2026 09:34:26.402] [modloading-worker-0/INFO] [org.admany.lc2h.LC2H/]: AsyncManager using Quantified API scheduler
[13Aug2026 09:34:26.465] [modloading-worker-0/INFO] [com.cupboard.Cupboard/]: Loaded config for: cupboard.json
[13Aug2026 09:34:26.492] [modloading-worker-0/INFO] [dev.architectury.networking.forge.NetworkManagerImpl/]: Registering C2S receiver with id architectury:sync_ids
[13Aug2026 09:34:26.545] [modloading-worker-0/INFO] [dev.architectury.networking.forge.NetworkManagerImpl/]: Registering C2S receiver with id ftblibrary:edit_nbt_response
[13Aug2026 09:34:26.878] [modloading-worker-0/INFO] [Enigmatic Legacy/INFO]: Mod instance constructed successfully.
[13Aug2026 09:34:26.903] [modloading-worker-0/INFO] [com.jtorleonstudios.libraryferret.LibraryFerret/]: Initialize mod Library Ferret
[13Aug2026 09:34:26.924] [modloading-worker-0/INFO] [com.jtorleonstudios.libraryferret.LibraryFerret/]: Initialized mod Library Ferret
[13Aug2026 09:34:27.639] [modloading-worker-0/INFO] [net.blay09.mods.balm.forge.config.ForgeBalmConfig/]: Registering config for waystones:common (COMMON) with 46 properties.
[13Aug2026 09:34:27.695] [modloading-worker-0/INFO] [mixin/]: Mixing MixinPlayerList from enigmaticlegacy.mixins.json into net.minecraft.server.players.PlayerList
[13Aug2026 09:34:27.832] [modloading-worker-0/INFO] [epicfight/]: Loaded mod compat: GeckolibCompat
[13Aug2026 09:34:27.835] [modloading-worker-0/INFO] [epicfight/]: Loaded mod compat: CuriosCompat
[13Aug2026 09:34:27.836] [modloading-worker-0/INFO] [epicfight/]: Loaded mod compat: PlayerAnimatorCompat
[13Aug2026 09:34:28.019] [modloading-worker-0/INFO] [Enigmatic Addons/INFO]: Constructing mod instance...
[13Aug2026 09:34:28.020] [modloading-worker-0/INFO] [STDOUT/]: [com.tiviacz.travelersbackpack.TravelersBackpack:readOldCommonConfig:180]: curiosIntegration not found in the [common.backpackSettings] section.
[13Aug2026 09:34:28.088] [modloading-worker-0/INFO] [org.berezka.berezka_api.Berezka_api/]: [Berezka API] Berezka is loading...
[13Aug2026 09:34:28.100] [modloading-worker-0/INFO] [org.berezka.berezka_api.API/]: [Berezka API] createConfig info: namespace: berezka_api, configName: BerezkaAPI
[13Aug2026 09:34:28.103] [modloading-worker-0/INFO] [org.berezka.berezka_api.API/]: [Berezka API] Config param list for berezka_api is {DebugMode=org.berezka.berezka_api.data.ConfigParam@30a2e954, DevMode=org.berezka.berezka_api.data.ConfigParam@787d6515, DefaultDoExtraChecksValue=org.berezka.berezka_api.data.ConfigParam@6fdefe50, UseFolderPluginSystem=org.berezka.berezka_api.data.ConfigParam@277707a9, FolderPluginSystemList=org.berezka.berezka_api.data.ConfigParam@b8b25a, SpawnLessLoot=org.berezka.berezka_api.data.ConfigParam@137e3a95, MaxSizeOfStructuresCache=org.berezka.berezka_api.data.ConfigParam@b4a6ad4, LifeTimeOfStricturesCacheEntry=org.berezka.berezka_api.data.ConfigParam@141f6e5b, StructuresRarityMultiplier=org.berezka.berezka_api.data.ConfigParam@517024e0, GlobalStructuresRotation=org.berezka.berezka_api.data.ConfigParam@333816c9, UseGlobalStructuresRotation=org.berezka.berezka_api.data.ConfigParam@6b7cd6b0}
[13Aug2026 09:34:28.107] [modloading-worker-0/INFO] [org.berezka.berezka_api.API/]: [Berezka API] Config for berezka_api successfully registered!
[13Aug2026 09:34:28.107] [modloading-worker-0/INFO] [org.berezka.berezka_api.API/]: [Berezka API] Config spec: net.minecraftforge.common.ForgeConfigSpec@a7c90f41
[13Aug2026 09:34:28.108] [modloading-worker-0/INFO] [org.berezka.berezka_api.API/]: [Berezka API] Config file path: /workspaces/khunglong30/config/BerezkaAPI.toml
[13Aug2026 09:34:28.108] [modloading-worker-0/INFO] [org.berezka.berezka_api.API/]: [Berezka API] config for berezka_api was created in 8ms
[13Aug2026 09:34:28.233] [modloading-worker-0/INFO] [net.minecraftforge.common.ForgeMod/FORGEMOD]: Forge mod loading, version 47.4.20, for MC 1.20.1 with MCP 20230612.114412
[13Aug2026 09:34:28.233] [modloading-worker-0/INFO] [net.minecraftforge.common.MinecraftForge/FORGE]: MinecraftForge v47.4.20 Initialized
[13Aug2026 09:34:28.256] [modloading-worker-0/INFO] [Enigmatic Addons/INFO]: Mod instance constructed successfully.
[13Aug2026 09:34:29.126] [modloading-worker-0/INFO] [com.simibubi.create.Create/]: Create 6.0.8 initializing! Commit hash: 1a1a9a2819b4f89f78caec41b55ed8cb222fa24b
[13Aug2026 09:34:29.332] [modloading-worker-0/INFO] [Create Deco/]: Registering items for Create Deco
[13Aug2026 09:34:29.438] [modloading-worker-0/INFO] [Create Deco/]: Registering blocks for Create Deco
[13Aug2026 09:34:29.493] [modloading-worker-0/INFO] [net.chaoscraft.chaoszprojectbandits.ChaosZProjectBandits/]: Initializing ChaosZProjectBandits Mod...
[13Aug2026 09:34:29.497] [modloading-worker-0/INFO] [net.chaoscraft.chaoszprojectbandits.ChaosZProjectBandits/]: Config file path: /workspaces/khunglong30/config/bandits.json
[13Aug2026 09:34:29.499] [modloading-worker-0/INFO] [net.chaoscraft.chaoszprojectbandits.ChaosZProjectBandits/]: Config file exists, validating
[13Aug2026 09:34:29.516] [modloading-worker-0/INFO] [net.chaoscraft.chaoszprojectbandits.ChaosZProjectBandits/]: Configuration successfully loaded:
[13Aug2026 09:34:29.516] [modloading-worker-0/INFO] [net.chaoscraft.chaoszprojectbandits.ChaosZProjectBandits/]: Mod Enabled: true
[13Aug2026 09:34:29.518] [modloading-worker-0/INFO] [net.chaoscraft.chaoszprojectbandits.ChaosZProjectBandits/]: Min Days: 5
[13Aug2026 09:34:29.518] [modloading-worker-0/INFO] [net.chaoscraft.chaoszprojectbandits.ChaosZProjectBandits/]: Max Days: 15
[13Aug2026 09:34:29.519] [modloading-worker-0/INFO] [net.chaoscraft.chaoszprojectbandits.ChaosZProjectBandits/]: Min Bandits: 5
[13Aug2026 09:34:29.519] [modloading-worker-0/INFO] [net.chaoscraft.chaoszprojectbandits.ChaosZProjectBandits/]: Max Bandits: 10
[13Aug2026 09:34:29.520] [modloading-worker-0/INFO] [net.chaoscraft.chaoszprojectbandits.ChaosZProjectBandits/]: Min Distance: 64
[13Aug2026 09:34:29.520] [modloading-worker-0/INFO] [net.chaoscraft.chaoszprojectbandits.ChaosZProjectBandits/]: Max Distance: 96
[13Aug2026 09:34:29.741] [modloading-worker-0/INFO] [zeta/]: Doing super early config setup for zeta
[13Aug2026 09:34:29.797] [modloading-worker-0/INFO] [quark/]: Initializing TerraBlender underground biome compat
[13Aug2026 09:34:30.051] [modloading-worker-0/INFO] [net.minecraftforge.coremod.CoreMod.apotheosis/COREMODLOG]: Replaced 1 calls to Enchantment#getMaxLevel() in org/violetmoon/quark/content/experimental/module/GameNerfsModule
[13Aug2026 09:34:30.290] [modloading-worker-0/INFO] [net.minecraftforge.coremod.CoreMod.apotheosis/COREMODLOG]: Replaced 5 calls to Enchantment#getMaxLevel() in org/violetmoon/quark/content/tools/module/AncientTomesModule
[13Aug2026 09:34:30.318] [modloading-worker-0/ERROR] [epicfight/]: woc_remastered is already registered in skill_slot
[13Aug2026 09:34:30.319] [modloading-worker-0/INFO] [quark-zeta/]: Discovered 164 modules to load.
[13Aug2026 09:34:30.319] [modloading-worker-0/INFO] [quark-zeta/]: Constructing module Abacus...
[13Aug2026 09:34:30.332] [modloading-worker-0/INFO] [quark-zeta/]: Constructing module Adjustable Chat...
[13Aug2026 09:34:30.333] [modloading-worker-0/INFO] [quark-zeta/]: Constructing module Ambient Discs...
[13Aug2026 09:34:30.333] [modloading-worker-0/INFO] [quark-zeta/]: Constructing module Ancient Tomes...
[13Aug2026 09:34:30.339] [modloading-worker-0/INFO] [net.minecraftforge.coremod.CoreMod.apotheosis/COREMODLOG]: Replaced 3 calls to Enchantment#getMaxLevel() in org/violetmoon/quark/content/tools/item/AncientTomeItem
[13Aug2026 09:34:30.356] [modloading-worker-0/INFO] [quark-zeta/]: Constructing module Ancient Wood...
[13Aug2026 09:34:30.378] [modloading-worker-0/INFO] [quark-zeta/]: Constructing module Armed Armor Stands...
[13Aug2026 09:34:30.378] [modloading-worker-0/INFO] [quark-zeta/]: Constructing module Auto Walk Keybind...
[13Aug2026 09:34:30.379] [modloading-worker-0/INFO] [quark-zeta/]: Constructing module Automatic Recipe Unlock...
[13Aug2026 09:34:30.381] [modloading-worker-0/INFO] [quark-zeta/]: Constructing module Automatic Tool Restock...
[13Aug2026 09:34:30.383] [modloading-worker-0/INFO] [quark-zeta/]: Constructing module Azalea Wood...
[13Aug2026 09:34:30.385] [modloading-worker-0/INFO] [quark-zeta/]: Constructing module Back Button Keybind...
[13Aug2026 09:34:30.386] [modloading-worker-0/INFO] [quark-zeta/]: Constructing module Backpack...
[13Aug2026 09:34:30.394] [modloading-worker-0/INFO] [quark-zeta/]: Constructing module Beacon Redirection...
[13Aug2026 09:34:30.396] [modloading-worker-0/INFO] [quark-zeta/]: Constructing module Better Elytra Rocket...
[13Aug2026 09:34:30.398] [modloading-worker-0/INFO] [quark-zeta/]: Constructing module Big Stone Clusters...
[13Aug2026 09:34:30.410] [modloading-worker-0/INFO] [quark-zeta/]: Constructing module Blossom Trees...
[13Aug2026 09:34:30.411] [modloading-worker-0/INFO] [quark-zeta/]: Constructing module Bottled Cloud...
[13Aug2026 09:34:30.415] [modloading-worker-0/INFO] [quark-zeta/]: Constructing module Buckets Show Inhabitants...
[13Aug2026 09:34:30.416] [modloading-worker-0/INFO] [quark-zeta/]: Constructing module Camera...
[13Aug2026 09:34:30.417] [modloading-worker-0/INFO] [quark-zeta/]: Constructing module Campfires Boost Elytra...
[13Aug2026 09:34:30.422] [modloading-worker-0/INFO] [quark-zeta/]: Constructing module Celebratory Lamps...
[13Aug2026 09:34:30.425] [modloading-worker-0/INFO] [quark-zeta/]: Constructing module Chains Connect Blocks...
[13Aug2026 09:34:30.425] [modloading-worker-0/INFO] [quark-zeta/]: Constructing module Chest Searching...
[13Aug2026 09:34:30.425] [modloading-worker-0/INFO] [quark-zeta/]: Constructing module Chorus Vegetation...
[13Aug2026 09:34:30.433] [modloading-worker-0/INFO] [quark-zeta/]: Constructing module Chute...
[13Aug2026 09:34:30.434] [modloading-worker-0/INFO] [quark-zeta/]: Constructing module Climate Control Remover...
[13Aug2026 09:34:30.434] [modloading-worker-0/INFO] [quark-zeta/]: Constructing module Color Runes...
[13Aug2026 09:34:30.437] [modloading-worker-0/INFO] [quark-zeta/]: Constructing module Compasses Work Everywhere...
[13Aug2026 09:34:30.439] [modloading-worker-0/INFO] [quark-zeta/]: Constructing module Compressed Blocks...
[13Aug2026 09:34:30.442] [modloading-worker-0/INFO] [quark-zeta/]: Constructing module Coral On Cactus...
[13Aug2026 09:34:30.444] [modloading-worker-0/INFO] [quark-zeta/]: Constructing module Corundum...
[13Aug2026 09:34:30.468] [modloading-worker-0/INFO] [quark-zeta/]: Constructing module Crabs...
[13Aug2026 09:34:30.471] [modloading-worker-0/INFO] [quark-zeta/]: Constructing module Crafter...
[13Aug2026 09:34:30.475] [modloading-worker-0/INFO] [quark-zeta/]: Constructing module Crate...
[13Aug2026 09:34:30.477] [modloading-worker-0/INFO] [quark-zeta/]: Constructing module Diamond Repair...
[13Aug2026 09:34:30.478] [modloading-worker-0/INFO] [quark-zeta/]: Constructing module Dispensers Place Blocks...
[13Aug2026 09:34:30.480] [modloading-worker-0/INFO] [quark-zeta/]: Constructing module Double Door Opening...
[13Aug2026 09:34:30.481] [modloading-worker-0/INFO] [quark-zeta/]: Constructing module Dragon Scales...
[13Aug2026 09:34:30.482] [modloading-worker-0/INFO] [quark-zeta/]: Constructing module Duskbound Blocks...
[13Aug2026 09:34:30.483] [modloading-worker-0/INFO] [quark-zeta/]: Constructing module Dyeable Item Frames...
[13Aug2026 09:34:30.492] [modloading-worker-0/INFO] [quark-zeta/]: Constructing module Easy Transfering...
[13Aug2026 09:34:30.495] [modloading-worker-0/INFO] [quark-zeta/]: Constructing module Elytra Indicator...
[13Aug2026 09:34:30.495] [modloading-worker-0/INFO] [quark-zeta/]: Constructing module Emotes...
[13Aug2026 09:34:30.496] [modloading-worker-0/INFO] [quark-zeta/]: Constructing module Enchantment Predicates...
[13Aug2026 09:34:30.496] [modloading-worker-0/INFO] [quark-zeta/]: Constructing module Enchantments Begone...
[13Aug2026 09:34:30.496] [modloading-worker-0/INFO] [quark-zeta/]: Constructing module Ender Watcher...
[13Aug2026 09:34:30.503] [modloading-worker-0/INFO] [quark-zeta/]: Constructing module Endermosh Music Disc...
[13Aug2026 09:34:30.513] [modloading-worker-0/INFO] [quark-zeta/]: Constructing module Enhanced Ladders...
[13Aug2026 09:34:30.514] [modloading-worker-0/INFO] [quark-zeta/]: Constructing module Expanded Item Interactions...
[13Aug2026 09:34:30.515] [modloading-worker-0/INFO] [quark-zeta/]: Constructing module Fairy Rings...
[13Aug2026 09:34:30.518] [modloading-worker-0/INFO] [quark-zeta/]: Constructing module Fallen Logs...
[13Aug2026 09:34:30.521] [modloading-worker-0/INFO] [quark-zeta/]: Constructing module Feeding Trough...
[13Aug2026 09:34:30.524] [modloading-worker-0/INFO] [quark-zeta/]: Constructing module Forgotten...
[13Aug2026 09:34:30.542] [modloading-worker-0/INFO] [quark-zeta/]: Constructing module Foxhound...
[13Aug2026 09:34:30.544] [modloading-worker-0/INFO] [quark-zeta/]: Constructing module Framed Glass...
[13Aug2026 09:34:30.546] [modloading-worker-0/INFO] [quark-zeta/]: Constructing module Game Nerfs...
[13Aug2026 09:34:30.546] [modloading-worker-0/INFO] [quark-zeta/]: Constructing module Glass Item Frame...
[13Aug2026 09:34:30.552] [modloading-worker-0/INFO] [quark-zeta/]: Constructing module Glass Shard...
[13Aug2026 09:34:30.553] [modloading-worker-0/INFO] [quark-zeta/]: Constructing module Glimmering Weald...
[13Aug2026 09:34:30.566] [modloading-worker-0/INFO] [quark-zeta/]: Constructing module Gold Bars...
[13Aug2026 09:34:30.567] [modloading-worker-0/INFO] [quark-zeta/]: Constructing module Gold Tools Have Fortune...
[13Aug2026 09:34:30.567] [modloading-worker-0/INFO] [quark-zeta/]: Constructing module Grab Chickens...
[13Aug2026 09:34:30.568] [modloading-worker-0/INFO] [quark-zeta/]: Constructing module Grate...
[13Aug2026 09:34:30.575] [modloading-worker-0/INFO] [quark-zeta/]: Constructing module Gravisand...
[13Aug2026 09:34:30.578] [modloading-worker-0/INFO] [quark-zeta/]: Constructing module Greener Grass...
[13Aug2026 09:34:30.580] [modloading-worker-0/INFO] [quark-zeta/]: Constructing module Hedges...
[13Aug2026 09:34:30.582] [modloading-worker-0/INFO] [quark-zeta/]: Constructing module Hoe Harvesting...
[13Aug2026 09:34:30.586] [modloading-worker-0/INFO] [quark-zeta/]: Constructing module Hollow Logs...
[13Aug2026 09:34:30.586] [modloading-worker-0/INFO] [quark-zeta/]: Constructing module Horses Swim...
[13Aug2026 09:34:30.587] [modloading-worker-0/INFO] [quark-zeta/]: Constructing module Hotbar Changer...
[13Aug2026 09:34:30.587] [modloading-worker-0/INFO] [quark-zeta/]: Constructing module Improved Sponges...
[13Aug2026 09:34:30.587] [modloading-worker-0/INFO] [quark-zeta/]: Constructing module Improved Tooltips...
[13Aug2026 09:34:30.588] [modloading-worker-0/INFO] [quark-zeta/]: Constructing module Industrial Palette...
[13Aug2026 09:34:30.591] [modloading-worker-0/INFO] [quark-zeta/]: Constructing module Inventory Sorting...
[13Aug2026 09:34:30.591] [modloading-worker-0/INFO] [quark-zeta/]: Constructing module Iron Rod...
[13Aug2026 09:34:30.607] [modloading-worker-0/INFO] [quark-zeta/]: Constructing module Item Sharing...
[13Aug2026 09:34:30.608] [modloading-worker-0/INFO] [quark-zeta/]: Constructing module Japanese Palette...
[13Aug2026 09:34:30.608] [modloading-worker-0/INFO] [quark-zeta/]: Constructing module Leaf Carpet...
[13Aug2026 09:34:30.609] [modloading-worker-0/INFO] [quark-zeta/]: Constructing module Lock Rotation...
[13Aug2026 09:34:30.611] [modloading-worker-0/INFO] [quark-zeta/]: Constructing module Long Range Pick Block...
[13Aug2026 09:34:30.615] [modloading-worker-0/INFO] [quark-zeta/]: Constructing module Magma Keeps Concrete Powder...
[13Aug2026 09:34:30.615] [modloading-worker-0/INFO] [quark-zeta/]: Constructing module Magnets...
[13Aug2026 09:34:30.624] [modloading-worker-0/INFO] [quark-zeta/]: Constructing module Map Washing...
[13Aug2026 09:34:30.628] [modloading-worker-0/INFO] [quark-zeta/]: Constructing module Matrix Enchanting...
[13Aug2026 09:34:30.651] [modloading-worker-0/INFO] [quark-zeta/]: Constructing module Metal Buttons...
[13Aug2026 09:34:30.651] [modloading-worker-0/INFO] [quark-zeta/]: Constructing module Microcrafting Helper...
[13Aug2026 09:34:30.653] [modloading-worker-0/INFO] [quark-zeta/]: Constructing module Midori...
[13Aug2026 09:34:30.653] [modloading-worker-0/INFO] [quark-zeta/]: Constructing module Monster Box...
[13Aug2026 09:34:30.655] [modloading-worker-0/INFO] [quark-zeta/]: Constructing module More Banner Layers...
[13Aug2026 09:34:30.659] [modloading-worker-0/INFO] [quark-zeta/]: Constructing module More Brick Types...
[13Aug2026 09:34:30.660] [modloading-worker-0/INFO] [quark-zeta/]: Constructing module More Mud Blocks...
[13Aug2026 09:34:30.663] [modloading-worker-0/INFO] [quark-zeta/]: Constructing module More Note Block Sounds...
[13Aug2026 09:34:30.663] [modloading-worker-0/INFO] [quark-zeta/]: Constructing module More Potted Plants...
[13Aug2026 09:34:30.664] [modloading-worker-0/INFO] [quark-zeta/]: Constructing module More Villagers...
[13Aug2026 09:34:30.664] [modloading-worker-0/INFO] [quark-zeta/]: Constructing module Narrator Readout...
[13Aug2026 09:34:30.665] [modloading-worker-0/INFO] [quark-zeta/]: Constructing module Nether Brick Fence Gate...
[13Aug2026 09:34:30.665] [modloading-worker-0/INFO] [quark-zeta/]: Constructing module Nether Obsidian Spikes...
[13Aug2026 09:34:30.666] [modloading-worker-0/INFO] [quark-zeta/]: Constructing module New Stone Types...
[13Aug2026 09:34:30.673] [modloading-worker-0/INFO] [quark-zeta/]: Constructing module No Durability On Cosmetics...
[13Aug2026 09:34:30.674] [modloading-worker-0/INFO] [quark-zeta/]: Constructing module No More Lava Pockets...
[13Aug2026 09:34:30.675] [modloading-worker-0/INFO] [quark-zeta/]: Constructing module Obsidian Plate...
[13Aug2026 09:34:30.677] [modloading-worker-0/INFO] [quark-zeta/]: Constructing module Overlay Shader...
[13Aug2026 09:34:30.677] [modloading-worker-0/INFO] [quark-zeta/]: Constructing module Parrot Eggs...
[13Aug2026 09:34:30.681] [modloading-worker-0/INFO] [quark-zeta/]: Constructing module Pat The Dogs...
[13Aug2026 09:34:30.684] [modloading-worker-0/INFO] [quark-zeta/]: Constructing module Pathfinder Maps...
[13Aug2026 09:34:30.688] [modloading-worker-0/INFO] [quark-zeta/]: Constructing module Permafrost...
[13Aug2026 09:34:30.692] [modloading-worker-0/INFO] [quark-zeta/]: Constructing module Petals On Water...
[13Aug2026 09:34:30.693] [modloading-worker-0/INFO] [quark-zeta/]: Constructing module Pickarang...
[13Aug2026 09:34:30.702] [modloading-worker-0/INFO] [quark-zeta/]: Constructing module Pig Litters...
[13Aug2026 09:34:30.707] [modloading-worker-0/INFO] [quark-zeta/]: Constructing module Pipes...
[13Aug2026 09:34:30.718] [modloading-worker-0/INFO] [org.admany.lc2h.LC2H/]: [Quantified] [LwjglRuntimeTuning] Configured LWJGL stack size to 64 MiB (65536 KiB)
[13Aug2026 09:34:30.718] [modloading-worker-0/INFO] [quark-zeta/]: Constructing module Pistons Move Tile Entities...
[13Aug2026 09:34:30.719] [modloading-worker-0/INFO] [quark-zeta/]: Constructing module Poison Potato Usage...
[13Aug2026 09:34:30.722] [modloading-worker-0/INFO] [quark-zeta/]: Constructing module Quick Armor Swapping...
[13Aug2026 09:34:30.723] [modloading-worker-0/INFO] [quark-zeta/]: Constructing module Rainbow Lamps...
[13Aug2026 09:34:30.723] [modloading-worker-0/INFO] [quark-zeta/]: Constructing module Raw Metal Bricks...
[13Aug2026 09:34:30.724] [modloading-worker-0/INFO] [quark-zeta/]: Constructing module Reacharound Placing...
[13Aug2026 09:34:30.727] [modloading-worker-0/INFO] [quark-zeta/]: Constructing module Redstone Randomizer...
[13Aug2026 09:34:30.730] [modloading-worker-0/INFO] [quark-zeta/]: Constructing module Renewable Spore Blossoms...
[13Aug2026 09:34:30.738] [modloading-worker-0/INFO] [quark-zeta/]: Constructing module Replace Scaffolding...
[13Aug2026 09:34:30.739] [modloading-worker-0/INFO] [quark-zeta/]: Constructing module Rope...
[13Aug2026 09:34:30.741] [modloading-worker-0/INFO] [quark-zeta/]: Constructing module Safer Creatures...
[13Aug2026 09:34:30.741] [modloading-worker-0/INFO] [quark-zeta/]: Constructing module Seed Pouch...
[13Aug2026 09:34:30.743] [modloading-worker-0/INFO] [org.admany.quantified.core.forge.wide.QuantifiedForgeWideBootstrap/]: Configured LWJGL stack size to 64 MiB (67108864 bytes)
[13Aug2026 09:34:30.743] [modloading-worker-0/INFO] [org.admany.quantified.core.forge.wide.QuantifiedForgeWideBootstrap/]: [Quantified] Quantified API starting
[13Aug2026 09:34:30.746] [modloading-worker-0/INFO] [quark-zeta/]: Constructing module Shear Vines...
[13Aug2026 09:34:30.755] [modloading-worker-0/INFO] [quark-zeta/]: Constructing module Shiba...
[13Aug2026 09:34:30.755] [modloading-worker-0/INFO] [quark-zeta/]: Constructing module Shingles...
[13Aug2026 09:34:30.756] [modloading-worker-0/INFO] [quark-zeta/]: Constructing module Shulker Packing...
[13Aug2026 09:34:30.756] [modloading-worker-0/INFO] [quark-zeta/]: Constructing module Simple Harvest...
[13Aug2026 09:34:30.758] [modloading-worker-0/INFO] [quark-zeta/]: Constructing module Skull Pikes...
[13Aug2026 09:34:30.761] [modloading-worker-0/INFO] [org.admany.quantified.core.forge.wide.QuantifiedForgeWideBootstrap/]: Loaded flat configuration from /workspaces/khunglong30/config/QuantifiedAPI/quantified_config.json
[13Aug2026 09:34:30.762] [modloading-worker-0/INFO] [org.admany.quantified.core.forge.wide.QuantifiedForgeWideBootstrap/]: Quantified GPU config: enabled=true, preferredBackend=VULKAN_PREFERRED, vulkanDevice=auto, openclDevice=auto, forceOpenCL=false
[13Aug2026 09:34:30.762] [modloading-worker-0/INFO] [org.admany.quantified.core.forge.wide.QuantifiedForgeWideBootstrap/]: [Quantified] Quantified Core Starting
[13Aug2026 09:34:30.763] [modloading-worker-0/INFO] [quark-zeta/]: Constructing module Slabs To Blocks...
[13Aug2026 09:34:30.764] [modloading-worker-0/INFO] [quark-zeta/]: Constructing module Slime In A Bucket...
[13Aug2026 09:34:30.768] [modloading-worker-0/INFO] [quark-zeta/]: Constructing module Slimes To Magma Cubes...
[13Aug2026 09:34:30.770] [modloading-worker-0/INFO] [quark-zeta/]: Constructing module Snow Golem Player Heads...
[13Aug2026 09:34:30.770] [modloading-worker-0/INFO] [org.admany.quantified.core.forge.wide.QuantifiedForgeWideBootstrap/]: Async scheduler configured with 1 foreground and 1 background threads (4 cores detected)
[13Aug2026 09:34:30.770] [modloading-worker-0/INFO] [org.admany.quantified.core.forge.wide.QuantifiedForgeWideBootstrap/]: [Quantified] Quantified Async Pool Start
[13Aug2026 09:34:30.770] [modloading-worker-0/INFO] [quark-zeta/]: Constructing module Soul Candles...
[13Aug2026 09:34:30.775] [modloading-worker-0/INFO] [quark-zeta/]: Constructing module Soul Sandstone...
[13Aug2026 09:34:30.776] [modloading-worker-0/INFO] [quark-zeta/]: Constructing module Spawner Replacer...
[13Aug2026 09:34:30.776] [modloading-worker-0/INFO] [quark-zeta/]: Constructing module Spiral Spires...
[13Aug2026 09:34:30.793] [modloading-worker-0/INFO] [quark-zeta/]: Constructing module Stonelings...
[13Aug2026 09:34:30.796] [modloading-worker-0/INFO] [quark-zeta/]: Constructing module Stools...
[13Aug2026 09:34:30.799] [modloading-worker-0/INFO] [org.admany.quantified.core.common.cache.disk.DiskCacheManager/]: Initialized disk cache at: /workspaces/khunglong30/config/QuantifiedAPI/cache
[13Aug2026 09:34:30.800] [modloading-worker-0/INFO] [quark-zeta/]: Constructing module Sturdy Stone...
[13Aug2026 09:34:30.801] [modloading-worker-0/INFO] [quark-zeta/]: Constructing module Thatch...
[13Aug2026 09:34:30.802] [modloading-worker-0/INFO] [quark-zeta/]: Constructing module Tiny Potato...
[13Aug2026 09:34:30.803] [modloading-worker-0/INFO] [quark-zeta/]: Constructing module Torch Arrow...
[13Aug2026 09:34:30.803] [modloading-worker-0/INFO] [org.admany.lc2h.LC2H/]: [Quantified] Telemetry service started
[13Aug2026 09:34:30.805] [modloading-worker-0/INFO] [quark-zeta/]: Constructing module Toretoise...
[13Aug2026 09:34:30.806] [modloading-worker-0/INFO] [quark-zeta/]: Constructing module Totem Of Holding...
[13Aug2026 09:34:30.810] [modloading-worker-0/INFO] [quark-zeta/]: Constructing module Trowel...
[13Aug2026 09:34:30.813] [modloading-worker-0/INFO] [quark-zeta/]: Constructing module Usage Ticker...
[13Aug2026 09:34:30.822] [modloading-worker-0/INFO] [quark-zeta/]: Constructing module Uses For Curses...
[13Aug2026 09:34:30.822] [modloading-worker-0/INFO] [quark-zeta/]: Constructing module Utility Recipes...
[13Aug2026 09:34:30.824] [modloading-worker-0/INFO] [quark-zeta/]: Constructing module Variant Animal Textures...
[13Aug2026 09:34:30.826] [modloading-worker-0/INFO] [quark-zeta/]: Constructing module Variant Bookshelves...
[13Aug2026 09:34:30.827] [modloading-worker-0/INFO] [quark-zeta/]: Constructing module Variant Chests...
[13Aug2026 09:34:30.832] [modloading-worker-0/INFO] [org.admany.lc2h.LC2H/]: [Quantified] Scheduling OpenCL probe attempt #1 (initial) in 5000 ms
[13Aug2026 09:34:30.841] [modloading-worker-0/INFO] [org.admany.lc2h.LC2H/]: [Quantified] [LwjglRuntimeTuning] Creating daemon thread 'Quantified-OpenCL-Probe-Scheduler' stack=64 MiB
[13Aug2026 09:34:30.844] [modloading-worker-0/INFO] [org.admany.quantified.core.forge.wide.QuantifiedForgeWideBootstrap/]: OpenCL initialization deferred to background probe.
[13Aug2026 09:34:30.868] [modloading-worker-0/INFO] [quark-zeta/]: Constructing module Variant Furnaces...
[13Aug2026 09:34:30.898] [modloading-worker-0/INFO] [org.admany.quantified.core.common.gpu.backend.VulkanProbeScheduler/]: Vulkan probe scheduler armed (maxAttempts=3, initialDelayMs=0, retryDelayMs=60000)
[13Aug2026 09:34:30.900] [modloading-worker-0/INFO] [quark-zeta/]: Constructing module Variant Ladders...
[13Aug2026 09:34:30.901] [modloading-worker-0/INFO] [org.admany.quantified.core.common.gpu.backend.VulkanProbeScheduler/]: Scheduling Vulkan probe attempt #1 (initial) in 0 ms
[13Aug2026 09:34:30.909] [modloading-worker-0/INFO] [quark-zeta/]: Constructing module Variant Selector...
[13Aug2026 09:34:30.911] [modloading-worker-0/INFO] [org.admany.lc2h.LC2H/]: [Quantified] [LwjglRuntimeTuning] Creating daemon thread 'Quantified-Vulkan-Probe-Scheduler' stack=64 MiB
[13Aug2026 09:34:30.916] [Quantified-Vulkan-Probe-Scheduler/INFO] [org.admany.quantified.core.common.gpu.backend.VulkanProbeScheduler/]: Running Vulkan probe attempt #1 (initial)
[13Aug2026 09:34:30.918] [modloading-worker-0/INFO] [org.admany.quantified.core.forge.wide.QuantifiedForgeWideBootstrap/]: Vulkan initialization deferred to background probe (isolated bundled runtime for legacy Minecraft).
[13Aug2026 09:34:30.922] [Quantified-Vulkan-Probe-Scheduler/INFO] [org.admany.quantified.core.common.gpu.backend.VulkanRuntime/]: [Vulkan][Probe 1] Reprobe requested on thread 'Quantified-Vulkan-Probe-Scheduler' (group=main')
[13Aug2026 09:34:30.926] [Quantified-Vulkan-Probe-Scheduler/INFO] [org.admany.quantified.core.common.gpu.backend.VulkanRuntime/]: [Vulkan][Probe 1] Probe start on thread 'Quantified-Vulkan-Probe-Scheduler' LWJGL-stack=64 MiB
[13Aug2026 09:34:30.924] [modloading-worker-0/INFO] [quark-zeta/]: Constructing module Vertical Planks...
[13Aug2026 09:34:30.930] [modloading-worker-0/INFO] [quark-zeta/]: Constructing module Vertical Slabs...
[13Aug2026 09:34:30.948] [Quantified-Vulkan-Probe-Scheduler/INFO] [org.admany.quantified.core.common.gpu.backend.VulkanRuntime/]: [Vulkan][Probe 1] Environment: os=Linux 6.8.0-1052-azure, arch=amd64, java=25.0.2, vendor=Microsoft, lwjgl.stack.bytes=67108864, quantified.lwjgl.stackSizeBytes=67108864, quantified.lwjgl.stackSizeKb=65536, quantified.gpuThreadStackBytes=<unset>, quantified.gpuThreadStackKb=<unset>, quantified.probeThreadStackBytes=<unset>, quantified.probeThreadStackKb=<unset>, org.lwjgl.system.stackSizeKb=65536
[13Aug2026 09:34:30.956] [Quantified-Vulkan-Probe-Scheduler/INFO] [org.admany.quantified.core.common.gpu.backend.VulkanRuntime/]: [Vulkan][Probe 1] Loader env: VK_ICD_FILENAMES=<unset>, VK_DRIVER_FILES=<unset>, VK_LAYER_PATH=<unset>, VK_INSTANCE_LAYERS=<unset>, VK_LOADER_DEBUG=<unset>, VK_LOADER_LAYERS_DISABLE=<unset>
[13Aug2026 09:34:30.961] [modloading-worker-0/INFO] [org.admany.lc2h.LC2H/]: [Quantified] DeveloperFeatures.initialiseFromConfig: developerDashboard=false, developerMode=true
[13Aug2026 09:34:30.964] [modloading-worker-0/INFO] [org.admany.lc2h.LC2H/]: [Quantified] Developer mode enabled; experimental telemetry toggles now available.
[13Aug2026 09:34:31.049] [modloading-worker-0/INFO] [quark-zeta/]: Constructing module Vexes Die With Their Masters...
[13Aug2026 09:34:31.050] [modloading-worker-0/INFO] [quark-zeta/]: Constructing module Villager Rerolling Rework...
[13Aug2026 09:34:31.061] [modloading-worker-0/INFO] [quark-zeta/]: Constructing module Villagers Follow Emeralds...
[13Aug2026 09:34:31.063] [modloading-worker-0/INFO] [quark-zeta/]: Constructing module Wooden Posts...
[13Aug2026 09:34:31.080] [modloading-worker-0/INFO] [quark-zeta/]: Constructing module Wool Shuts Up Minecarts...
[13Aug2026 09:34:31.086] [modloading-worker-0/INFO] [quark-zeta/]: Constructing module Wraith...
[13Aug2026 09:34:31.091] [modloading-worker-0/INFO] [quark-zeta/]: Constructing module Zombie Villagers On Normal...
[13Aug2026 09:34:31.092] [modloading-worker-0/INFO] [quark-zeta/]: Constructing module More Stone Variants...
[13Aug2026 09:34:31.093] [modloading-worker-0/INFO] [quark-zeta/]: Constructed 164 modules.
[13Aug2026 09:34:31.152] [modloading-worker-0/INFO] [org.admany.lc2h.LC2H/]: [Quantified] Developer overlay sampler started
[13Aug2026 09:34:31.153] [modloading-worker-0/WARN] [org.admany.lc2h.LC2H/]: [Quantified] Invalid developer stress profile {0}, defaulting to CPU_HEAVY
[13Aug2026 09:34:31.230] [modloading-worker-0/INFO] [org.admany.quantified.core.forge.wide.QuantifiedForgeWideBootstrap/]: Vulkan isolated runtime classes loaded successfully for legacy Minecraft.
[13Aug2026 09:34:31.233] [modloading-worker-0/INFO] [org.admany.quantified.core.forge.wide.QuantifiedForgeWideBootstrap/]: All Quantified API classes successfully initialized.
[13Aug2026 09:34:31.234] [modloading-worker-0/INFO] [org.admany.quantified.core.forge.wide.QuantifiedForgeWideBootstrap/]: Quantified API initialized successfully.
[13Aug2026 09:34:31.239] [modloading-worker-0/INFO] [org.admany.quantified.core.forge.wide.QuantifiedForgeWideBootstrap/]: [Quantified] Quantified API has been called out by:
  - [lc2h] (Version 3.4.0) at 09:34
  - [Quantified Frontend] (Version 2.2.0) at 09:34
  - [test-mod] (Version 1.0.0) at 09:34
[13Aug2026 09:34:31.263] [modloading-worker-0/WARN] [org.admany.quantified.core.compat.LegacyApiRegistry/]: Quantified API v2: 1 mod(s) are on the legacy v1.x integration path: [lc2h]
[13Aug2026 09:34:31.282] [modloading-worker-0/INFO] [org.admany.anticheat.anticheatmod/]: [Anticheat] [Setup] 🚀 Loading ADM Anticheat... Initializing.
[13Aug2026 09:34:31.286] [modloading-worker-0/INFO] [org.admany.anticheat.anticheatmod/]: [96m[ADM Anticheat] [0mBoot environment: SERVER
[13Aug2026 09:34:31.291] [modloading-worker-0/INFO] [org.admany.anticheat.anticheatmod/]: [Anticheat] [LANConfig] LAN config loaded successfully
[13Aug2026 09:34:31.292] [modloading-worker-0/INFO] [org.admany.anticheat.anticheatmod/]: [96m[ADM Anticheat] [0mChecking server environment... LAN config loaded: true, LANAnticheatOn: false
[13Aug2026 09:34:31.294] [modloading-worker-0/INFO] [org.admany.anticheat.anticheatmod/]: [Anticheat] [Setup] ✓ Environment detection initialized.
[13Aug2026 09:34:31.335] [modloading-worker-0/INFO] [org.admany.anticheat.anticheatmod/]: [Anticheat] [WebhookConfig] ✓ Webhook config loaded successfully
[13Aug2026 09:34:31.339] [modloading-worker-0/INFO] [org.admany.anticheat.anticheatmod/]: [Anticheat] [Config] enableAfkKick=false, enableAutoClickerDetection=false, anticheatEnabled=true
[13Aug2026 09:34:31.349] [modloading-worker-0/INFO] [quark-zeta/]: Doing super early config setup for quark
[13Aug2026 09:34:31.358] [modloading-worker-0/INFO] [org.admany.anticheat.anticheatmod/]: [Anticheat] [ResourcePacks] ⓘ Server pack hash cache refreshed (entries=0)
[13Aug2026 09:34:31.361] [modloading-worker-0/INFO] [org.admany.anticheat.anticheatmod/]: [Anticheat] [Setup] ✓ Config loaded (logToConsole=true, anticheatEnabled=true) — ID file: config/admanticheat/idfile/admanticheat_id_list.json
[13Aug2026 09:34:31.372] [modloading-worker-0/INFO] [org.admany.anticheat.anticheatmod/]: [Anticheat] [Setup] ⓘ ID file location: config/admanticheat/idfile/admanticheat_id_list.json (server will attempt to migrate legacy files if present)
[13Aug2026 09:34:31.372] [modloading-worker-0/INFO] [org.admany.anticheat.anticheatmod/]: [Anticheat] [Setup] ⓘ Main config location: config/admanticheat/admanticheat_config.json
[13Aug2026 09:34:31.373] [modloading-worker-0/ERROR] [org.admany.anticheat.anticheatmod/]: [Anticheat] [Setup] ❌ ERROR: ID file 'config/admanticheat/idfile/admanticheat_id_list.json' is missing! No mod/resourcepack compliance checks will be performed until this file exists. Generate it on a client and copy it here.
[13Aug2026 09:34:31.434] [modloading-worker-0/INFO] [org.admany.anticheat.anticheatmod/]: [Anticheat] [Network] Registered 5 standard packet types
[13Aug2026 09:34:31.437] [modloading-worker-0/INFO] [org.admany.anticheat.anticheatmod/]: [Anticheat] [Network] Registered SecurePacket on admany:anticheat channel (id=5)
[13Aug2026 09:34:31.443] [modloading-worker-0/INFO] [org.admany.anticheat.anticheatmod/]: [Anticheat] [Security] Secure packet system prepared
[13Aug2026 09:34:31.444] [modloading-worker-0/INFO] [org.admany.anticheat.anticheatmod/]: [Anticheat] [Security] Registered 0 secure packet types
[13Aug2026 09:34:31.445] [modloading-worker-0/INFO] [org.admany.anticheat.anticheatmod/]: [Anticheat] [Network] Networking and packet integrity subsystems initialized.
[13Aug2026 09:34:31.445] [modloading-worker-0/INFO] [org.admany.anticheat.anticheatmod/]: [Anticheat] [ServerHooks] 🔄 Initialized server-side movement validation hooks
[13Aug2026 09:34:31.457] [modloading-worker-0/INFO] [org.admany.anticheat.anticheatmod/]: [Anticheat] [Config] ✓ Hot config reloading enabled - checking every 5 seconds
[13Aug2026 09:34:31.457] [modloading-worker-0/INFO] [org.admany.anticheat.anticheatmod/]: [Anticheat] [Config] Hot config reloading initialized
[13Aug2026 09:34:31.638] [Quantified-Vulkan-Probe-Scheduler/INFO] [org.admany.quantified.core.common.gpu.backend.VulkanRuntime/]: [Vulkan][Probe 1] Launching isolated Vulkan probe: /usr/local/sdkman/candidates/java/25.0.2-ms/bin/java --enable-native-access=ALL-UNNAMED --sun-misc-unsafe-memory-access=allow -Xms16m -Xmx256m -XX:MaxDirectMemorySize=128m -Xss16m -Dorg.lwjgl.system.stackSize=16384 -Dquantified.lwjgl.stackSizeKb=16384 -Dquantified.lwjgl.stackSizeBytes=16777216 -Dorg.lwjgl.system.SharedLibraryExtractPath=/workspaces/khunglong30/config/QuantifiedAPI/cache/tools/vulkanProbe/natives -Dorg.lwjgl.librarypath=/workspaces/khunglong30/config/QuantifiedAPI/cache/tools/vulkanProbe/natives -cp /workspaces/khunglong30/config/QuantifiedAPI/cache/tools/vulkanProbe/quantified-vulkan-probe.jar:/workspaces/khunglong30/config/QuantifiedAPI/cache/tools/vulkanProbe/lib/lwjgl-3.3.3-natives-linux-arm64.jar:/workspaces/khunglong30/config/QuantifiedAPI/cache/tools/vulkanProbe/lib/lwjgl-3.3.3-natives-linux.jar:/workspaces/khunglong30/config/QuantifiedAPI/cache/tools/vulkanProbe/lib/lwjgl-3.3.3-natives-windows.jar:/workspaces/khunglong30/config/QuantifiedAPI/cache/tools/vulkanProbe/lib/lwjgl-3.3.3.jar:/workspaces/khunglong30/config/QuantifiedAPI/cache/tools/vulkanProbe/lib/lwjgl-vulkan-3.3.3.jar org.admany.quantified.vulkan.probe.VulkanProbeEntrypoint [VK_LOADER_LAYERS_DISABLE=~implicit~, VK_LOADER_DEBUG=error]
[13Aug2026 09:34:31.758] [Quantified-Vulkan-Probe-Stdout/INFO] [org.admany.quantified.core.common.gpu.backend.VulkanRuntime/]: [Vulkan][Probe 1] [Subprocess] [probe] [heartbeat] startup
[13Aug2026 09:34:31.758] [Quantified-Vulkan-Probe-Stdout/INFO] [org.admany.quantified.core.common.gpu.backend.VulkanRuntime/]: [Vulkan][Probe 1] [Subprocess] [probe] [heartbeat] pre-librarypath-config
[13Aug2026 09:34:31.763] [Quantified-Vulkan-Probe-Stdout/INFO] [org.admany.quantified.core.common.gpu.backend.VulkanRuntime/]: [Vulkan][Probe 1] [Subprocess] [probe] java=25.0.2, vendor=Microsoft, os=Linux 6.8.0-1052-azure, arch=amd64
[13Aug2026 09:34:31.765] [Quantified-Vulkan-Probe-Stdout/INFO] [org.admany.quantified.core.common.gpu.backend.VulkanRuntime/]: [Vulkan][Probe 1] [Subprocess] [probe] org.lwjgl.system.stackSizeKb=16384, quantified.lwjgl.stackSizeBytes=16777216
[13Aug2026 09:34:31.766] [Quantified-Vulkan-Probe-Stdout/INFO] [org.admany.quantified.core.common.gpu.backend.VulkanRuntime/]: [Vulkan][Probe 1] [Subprocess] [probe] java.library.path=/usr/java/packages/lib:/usr/lib64:/lib64:/lib:/usr/lib
[13Aug2026 09:34:31.766] [Quantified-Vulkan-Probe-Stdout/INFO] [org.admany.quantified.core.common.gpu.backend.VulkanRuntime/]: [Vulkan][Probe 1] [Subprocess] [probe] org.lwjgl.librarypath=/workspaces/khunglong30/config/QuantifiedAPI/cache/tools/vulkanProbe/natives
[13Aug2026 09:34:31.767] [Quantified-Vulkan-Probe-Stdout/INFO] [org.admany.quantified.core.common.gpu.backend.VulkanRuntime/]: [Vulkan][Probe 1] [Subprocess] [probe] org.lwjgl.system.SharedLibraryExtractPath(original)=/workspaces/khunglong30/config/QuantifiedAPI/cache/tools/vulkanProbe/natives
[13Aug2026 09:34:31.767] [Quantified-Vulkan-Probe-Stdout/INFO] [org.admany.quantified.core.common.gpu.backend.VulkanRuntime/]: [Vulkan][Probe 1] [Subprocess] [probe] org.lwjgl.system.SharedLibraryExtractPath(effective)=/workspaces/khunglong30/config/QuantifiedAPI/cache/tools/vulkanProbe/natives
[13Aug2026 09:34:31.768] [Quantified-Vulkan-Probe-Stdout/INFO] [org.admany.quantified.core.common.gpu.backend.VulkanRuntime/]: [Vulkan][Probe 1] [Subprocess] [probe] [heartbeat] post-librarypath-config
[13Aug2026 09:34:31.773] [Quantified-Vulkan-Probe-Stdout/INFO] [org.admany.quantified.core.common.gpu.backend.VulkanRuntime/]: [Vulkan][Probe 1] [Subprocess] [probe] [heartbeat] pre-VK-init
[13Aug2026 09:34:31.891] [modloading-worker-0/WARN] [net.minecraft.network.syncher.SynchedEntityData/]: defineId called for: class net.minecraft.world.entity.player.Player from class yesman.epicfight.world.capabilities.entitypatch.player.PlayerPatch
[13Aug2026 09:34:31.978] [Quantified-Vulkan-Probe-Stdout/INFO] [org.admany.quantified.core.common.gpu.backend.VulkanRuntime/]: [Vulkan][Probe 1] [Subprocess] [LWJGL] Failed to load a library. Possible solutions:
[13Aug2026 09:34:31.978] [Quantified-Vulkan-Probe-Stdout/INFO] [org.admany.quantified.core.common.gpu.backend.VulkanRuntime/]: [Vulkan][Probe 1] [Subprocess] 	a) Install the library or the driver that provides the library.
[13Aug2026 09:34:31.980] [Quantified-Vulkan-Probe-Stdout/INFO] [org.admany.quantified.core.common.gpu.backend.VulkanRuntime/]: [Vulkan][Probe 1] [Subprocess] 	b) Ensure that the library is accessible from the system library paths.
[13Aug2026 09:34:31.980] [Quantified-Vulkan-Probe-Stdout/INFO] [org.admany.quantified.core.common.gpu.backend.VulkanRuntime/]: [Vulkan][Probe 1] [Subprocess] [LWJGL] Enable debug mode with -Dorg.lwjgl.util.Debug=true for better diagnostics.
[13Aug2026 09:34:31.981] [Quantified-Vulkan-Probe-Stdout/INFO] [org.admany.quantified.core.common.gpu.backend.VulkanRuntime/]: [Vulkan][Probe 1] [Subprocess] [LWJGL] Enable the SharedLibraryLoader debug mode with -Dorg.lwjgl.util.DebugLoader=true for better diagnostics.
[13Aug2026 09:34:31.981] [Quantified-Vulkan-Probe-Stdout/INFO] [org.admany.quantified.core.common.gpu.backend.VulkanRuntime/]: [Vulkan][Probe 1] [Subprocess] [probe] VK bootstrap failure: java.lang.UnsatisfiedLinkError: Failed to locate library: libvulkan.so.1
[13Aug2026 09:34:31.981] [Quantified-Vulkan-Probe-Stdout/INFO] [org.admany.quantified.core.common.gpu.backend.VulkanRuntime/]: [Vulkan][Probe 1] [Subprocess] java.lang.UnsatisfiedLinkError: Failed to locate library: libvulkan.so.1
[13Aug2026 09:34:31.984] [Quantified-Vulkan-Probe-Stdout/INFO] [org.admany.quantified.core.common.gpu.backend.VulkanRuntime/]: [Vulkan][Probe 1] [Subprocess] 	at org.lwjgl.system.Library.loadNative(Library.java:346)
[13Aug2026 09:34:31.984] [Quantified-Vulkan-Probe-Stdout/INFO] [org.admany.quantified.core.common.gpu.backend.VulkanRuntime/]: [Vulkan][Probe 1] [Subprocess] 	at org.lwjgl.system.Library.loadNative(Library.java:236)
[13Aug2026 09:34:31.984] [Quantified-Vulkan-Probe-Stdout/INFO] [org.admany.quantified.core.common.gpu.backend.VulkanRuntime/]: [Vulkan][Probe 1] [Subprocess] 	at org.lwjgl.system.Library.loadNative(Library.java:217)
[13Aug2026 09:34:31.984] [Quantified-Vulkan-Probe-Stdout/INFO] [org.admany.quantified.core.common.gpu.backend.VulkanRuntime/]: [Vulkan][Probe 1] [Subprocess] 	at org.lwjgl.system.Library.loadNative(Library.java:431)
[13Aug2026 09:34:31.984] [Quantified-Vulkan-Probe-Stdout/INFO] [org.admany.quantified.core.common.gpu.backend.VulkanRuntime/]: [Vulkan][Probe 1] [Subprocess] 	at org.lwjgl.system.Library.loadNative(Library.java:402)
[13Aug2026 09:34:31.984] [Quantified-Vulkan-Probe-Stdout/INFO] [org.admany.quantified.core.common.gpu.backend.VulkanRuntime/]: [Vulkan][Probe 1] [Subprocess] 	at org.lwjgl.vulkan.VK.create(VK.java:52)
[13Aug2026 09:34:31.984] [Quantified-Vulkan-Probe-Stdout/INFO] [org.admany.quantified.core.common.gpu.backend.VulkanRuntime/]: [Vulkan][Probe 1] [Subprocess] 	at org.lwjgl.vulkan.VK.<clinit>(VK.java:37)
[13Aug2026 09:34:31.984] [Quantified-Vulkan-Probe-Stdout/INFO] [org.admany.quantified.core.common.gpu.backend.VulkanRuntime/]: [Vulkan][Probe 1] [Subprocess] 	at java.base/java.lang.Class.forName0(Native Method)
[13Aug2026 09:34:31.985] [Quantified-Vulkan-Probe-Stdout/INFO] [org.admany.quantified.core.common.gpu.backend.VulkanRuntime/]: [Vulkan][Probe 1] [Subprocess] 	at java.base/java.lang.Class.forName(Class.java:467)
[13Aug2026 09:34:31.985] [Quantified-Vulkan-Probe-Stdout/INFO] [org.admany.quantified.core.common.gpu.backend.VulkanRuntime/]: [Vulkan][Probe 1] [Subprocess] 	at java.base/java.lang.Class.forName(Class.java:458)
[13Aug2026 09:34:31.985] [Quantified-Vulkan-Probe-Stdout/INFO] [org.admany.quantified.core.common.gpu.backend.VulkanRuntime/]: [Vulkan][Probe 1] [Subprocess] 	at org.admany.quantified.vulkan.probe.VulkanProbeEntrypoint.bootstrapVulkanBinding(VulkanProbeEntrypoint.java:89)
[13Aug2026 09:34:31.985] [Quantified-Vulkan-Probe-Stdout/INFO] [org.admany.quantified.core.common.gpu.backend.VulkanRuntime/]: [Vulkan][Probe 1] [Subprocess] 	at org.admany.quantified.vulkan.probe.VulkanProbeEntrypoint.main(VulkanProbeEntrypoint.java:69)
[13Aug2026 09:34:31.985] [Quantified-Vulkan-Probe-Stdout/INFO] [org.admany.quantified.core.common.gpu.backend.VulkanRuntime/]: [Vulkan][Probe 1] [Subprocess] [probe] [heartbeat] post-VK-init-failed
[13Aug2026 09:34:31.985] [Quantified-Vulkan-Probe-Stdout/INFO] [org.admany.quantified.core.common.gpu.backend.VulkanRuntime/]: [Vulkan][Probe 1] [Subprocess] [probe] [heartbeat] done
[13Aug2026 09:34:31.985] [Quantified-Vulkan-Probe-Stdout/INFO] [org.admany.quantified.core.common.gpu.backend.VulkanRuntime/]: [Vulkan][Probe 1] [Subprocess] {"ok":false,"code":"vk_class_init_failed","maxApiVersion":0,"selectedApiVersion":0,"devices":[],"failure":"UnsatisfiedLinkError: Failed to locate library: libvulkan.so.1"}
[13Aug2026 09:34:31.998] [Quantified-Vulkan-Probe-Scheduler/WARN] [org.admany.quantified.core.common.gpu.backend.VulkanRuntime/]: [Vulkan][Probe 1] UnsatisfiedLinkError: Failed to locate library: libvulkan.so.1
[13Aug2026 09:34:32.006] [Quantified-Vulkan-Probe-Scheduler/INFO] [org.admany.quantified.core.common.gpu.backend.VulkanRuntime/]: [Quantified][GPU Startup][Vulkan] probe=1 inProcessAvailable=false executionCandidate=false mode=ISOLATED inProcessBindings=false embeddedProbeBundle=true devices=none reason=UnsatisfiedLinkError: Failed to locate library: libvulkan.so.1 linux{libvulkan=false,libopencl=false,dri=true,nvidia=false,vkIcdOverride=false,vkDriverOverride=false,openclVendorDir=false}
[13Aug2026 09:34:32.008] [Quantified-Vulkan-Probe-Scheduler/INFO] [org.admany.quantified.core.common.gpu.backend.VulkanProbeScheduler/]: Scheduling Vulkan probe attempt #2 (retry:unavailable) in 60000 ms
[13Aug2026 09:34:33.376] [main/INFO] [mixin/]: Mixing MixinForgeHooks from enigmaticlegacy.mixins.json into net.minecraftforge.common.ForgeHooks
[13Aug2026 09:34:33.550] [main/INFO] [net.minecraftforge.coremod.CoreMod.apotheosis/COREMODLOG]: Replaced 1 calls to Enchantment#getMaxLevel() in org/violetmoon/quark/content/tools/loot/EnchantTome
[13Aug2026 09:34:35.835] [Quantified-OpenCL-Probe-Scheduler/INFO] [org.admany.lc2h.LC2H/]: [Quantified] Running OpenCL probe attempt #1 (initial)
[13Aug2026 09:34:35.839] [Quantified-OpenCL-Probe-Scheduler/INFO] [org.admany.lc2h.LC2H/]: [Quantified] [LwjglRuntimeTuning] Creating daemon thread 'Quantified-OpenCL-Probe' stack=64 MiB
[13Aug2026 09:34:35.842] [Quantified-OpenCL-Probe/WARN] [org.admany.lc2h.LC2H/]: [Quantified] OpenCL runtime unavailable: No Java binding found
[13Aug2026 09:34:35.867] [Quantified-OpenCL-Probe/INFO] [org.admany.lc2h.LC2H/]: [Quantified] [Quantified][GPU Startup][OpenCL] phase=in-process-init available=false lwjglBinding=false embeddedProbeBundle=true deviceCount=0 reason=No Java OpenCL binding found (org.lwjgl.opencl) linux{libvulkan=false,libopencl=false,dri=true,nvidia=false,vkIcdOverride=false,vkDriverOverride=false,openclVendorDir=false}
[13Aug2026 09:34:35.977] [Quantified-OpenCL-Probe/INFO] [org.admany.quantified.core.common.opencl.core.OpenCLRuntime/]: [OpenCL][Probe 1] Launching isolated OpenCL probe: /usr/local/sdkman/candidates/java/25.0.2-ms/bin/java --enable-native-access=ALL-UNNAMED --sun-misc-unsafe-memory-access=allow -Xms16m -Xmx256m -Xss16m -Dorg.lwjgl.opencl.explicitInit=true -Dorg.lwjgl.system.stackSize=16384 -Dorg.lwjgl.system.SharedLibraryExtractPath=/workspaces/khunglong30/config/QuantifiedAPI/cache/tools/openclProbe/natives -Dorg.lwjgl.librarypath=/workspaces/khunglong30/config/QuantifiedAPI/cache/tools/openclProbe/natives -cp /workspaces/khunglong30/config/QuantifiedAPI/cache/tools/openclProbe/quantified-opencl-probe.jar:/workspaces/khunglong30/config/QuantifiedAPI/cache/tools/openclProbe/lib/lwjgl-3.3.3-natives-linux-arm64.jar:/workspaces/khunglong30/config/QuantifiedAPI/cache/tools/openclProbe/lib/lwjgl-3.3.3-natives-linux.jar:/workspaces/khunglong30/config/QuantifiedAPI/cache/tools/openclProbe/lib/lwjgl-3.3.3-natives-windows.jar:/workspaces/khunglong30/config/QuantifiedAPI/cache/tools/openclProbe/lib/lwjgl-3.3.3.jar:/workspaces/khunglong30/config/QuantifiedAPI/cache/tools/openclProbe/lib/lwjgl-opencl-3.3.3.jar org.admany.quantified.opencl.probe.OpenCLProbeEntrypoint
[13Aug2026 09:34:36.380] [Quantified-OpenCL-Probe-Stdout/INFO] [org.admany.quantified.core.common.opencl.core.OpenCLRuntime/]: [OpenCL][Probe 1] [Subprocess] [LWJGL] Failed to load a library. Possible solutions:
[13Aug2026 09:34:36.381] [Quantified-OpenCL-Probe-Stdout/INFO] [org.admany.quantified.core.common.opencl.core.OpenCLRuntime/]: [OpenCL][Probe 1] [Subprocess] 	a) Install the library or the driver that provides the library.
[13Aug2026 09:34:36.384] [Quantified-OpenCL-Probe-Stdout/INFO] [org.admany.quantified.core.common.opencl.core.OpenCLRuntime/]: [OpenCL][Probe 1] [Subprocess] 	b) Ensure that the library is accessible from the system library paths.
[13Aug2026 09:34:36.384] [Quantified-OpenCL-Probe-Stdout/INFO] [org.admany.quantified.core.common.opencl.core.OpenCLRuntime/]: [OpenCL][Probe 1] [Subprocess] [LWJGL] Enable debug mode with -Dorg.lwjgl.util.Debug=true for better diagnostics.
[13Aug2026 09:34:36.384] [Quantified-OpenCL-Probe-Stdout/INFO] [org.admany.quantified.core.common.opencl.core.OpenCLRuntime/]: [OpenCL][Probe 1] [Subprocess] [LWJGL] Enable the SharedLibraryLoader debug mode with -Dorg.lwjgl.util.DebugLoader=true for better diagnostics.
[13Aug2026 09:34:36.384] [Quantified-OpenCL-Probe-Stdout/INFO] [org.admany.quantified.core.common.opencl.core.OpenCLRuntime/]: [OpenCL][Probe 1] [Subprocess] {"ok":false,"devices":[],"failure":"UnsatisfiedLinkError: Failed to locate library: libOpenCL.so.1"}
[13Aug2026 09:34:36.405] [Quantified-OpenCL-Probe/INFO] [org.admany.lc2h.LC2H/]: [Quantified] [Quantified][GPU Startup][OpenCL] phase=isolated-probe available=false lwjglBinding=false embeddedProbeBundle=true deviceCount=0 reason=UnsatisfiedLinkError: Failed to locate library: libOpenCL.so.1 linux{libvulkan=false,libopencl=false,dri=true,nvidia=false,vkIcdOverride=false,vkDriverOverride=false,openclVendorDir=false}
[13Aug2026 09:34:37.872] [main/INFO] [Moonlight/]: Initialized block sets in 31ms
[13Aug2026 09:34:38.046] [main/INFO] [ModernFix/]: Bypassed Mojang DFU
[13Aug2026 09:34:38.047] [main/INFO] [ModernFix/]: Instantiating Mojang DFU
[13Aug2026 09:34:39.861] [main/WARN] [net.minecraft.network.syncher.SynchedEntityData/]: defineId called for: class net.minecraft.world.entity.TamableAnimal from class reascer.wom.world.entity.mob.EnderHand
[13Aug2026 09:34:39.861] [main/WARN] [net.minecraft.network.syncher.SynchedEntityData/]: defineId called for: class net.minecraft.world.entity.TamableAnimal from class reascer.wom.world.entity.mob.TargetingHelper
[13Aug2026 09:34:39.944] [main/WARN] [net.minecraft.network.syncher.SynchedEntityData/]: defineId called for: class net.minecraft.world.entity.boss.wither.WitherBoss from class yesman.epicfight.world.capabilities.entitypatch.boss.WitherPatch
[13Aug2026 09:34:39.945] [main/WARN] [net.minecraft.network.syncher.SynchedEntityData/]: defineId called for: class net.minecraft.world.entity.boss.wither.WitherBoss from class yesman.epicfight.world.capabilities.entitypatch.boss.WitherPatch
[13Aug2026 09:34:39.945] [main/WARN] [net.minecraft.network.syncher.SynchedEntityData/]: defineId called for: class net.minecraft.world.entity.boss.wither.WitherBoss from class yesman.epicfight.world.capabilities.entitypatch.boss.WitherPatch
[13Aug2026 09:34:39.945] [main/WARN] [net.minecraft.network.syncher.SynchedEntityData/]: defineId called for: class net.minecraft.world.entity.boss.wither.WitherBoss from class yesman.epicfight.world.capabilities.entitypatch.boss.WitherPatch
[13Aug2026 09:34:39.945] [main/WARN] [net.minecraft.network.syncher.SynchedEntityData/]: defineId called for: class net.minecraft.world.entity.boss.wither.WitherBoss from class yesman.epicfight.world.capabilities.entitypatch.boss.WitherPatch
[13Aug2026 09:34:39.945] [main/WARN] [net.minecraft.network.syncher.SynchedEntityData/]: defineId called for: class net.minecraft.world.entity.boss.wither.WitherBoss from class yesman.epicfight.world.capabilities.entitypatch.boss.WitherPatch
[13Aug2026 09:34:39.945] [main/WARN] [net.minecraft.network.syncher.SynchedEntityData/]: defineId called for: class net.minecraft.world.entity.boss.wither.WitherBoss from class yesman.epicfight.world.capabilities.entitypatch.boss.WitherPatch
[13Aug2026 09:34:39.945] [main/WARN] [net.minecraft.network.syncher.SynchedEntityData/]: defineId called for: class net.minecraft.world.entity.boss.wither.WitherBoss from class yesman.epicfight.world.capabilities.entitypatch.boss.WitherPatch
[13Aug2026 09:34:39.946] [main/WARN] [net.minecraft.network.syncher.SynchedEntityData/]: defineId called for: class net.minecraft.world.entity.boss.wither.WitherBoss from class yesman.epicfight.world.capabilities.entitypatch.boss.WitherPatch
[13Aug2026 09:34:40.196] [main/WARN] [net.minecraftforge.common.ForgeConfigSpec/CORE]: Configuration file /workspaces/khunglong30/config/guardvillagers-common.toml is not correct. Correcting
[13Aug2026 09:34:40.256] [main/INFO] [org.berezka.berezka_api.Berezka_api/]: [Berezka API] onConfig load for berezka_api
[13Aug2026 09:34:40.257] [main/INFO] [org.berezka.berezka_api.API/]: [Berezka API] getValue: key: berezka_api:UseFolderPluginSystem is exist?: true
[13Aug2026 09:34:40.257] [main/INFO] [org.berezka.berezka_api.API/]: [Berezka API] getValue: key: berezka_api:UseGlobalStructuresRotation is exist?: true
[13Aug2026 09:34:40.257] [main/INFO] [org.berezka.berezka_api.API/]: [Berezka API] getValue: key: berezka_api:DebugMode is exist?: true
[13Aug2026 09:34:40.257] [main/INFO] [org.berezka.berezka_api.Berezka_api/]: [Berezka API] Berezka API is loaded
[13Aug2026 09:34:40.452] [modloading-worker-0/INFO] [moze_intel.projecte.PECore/]: Found and loaded EMC mapper: CraftingMapper, with priority 0
[13Aug2026 09:34:40.452] [modloading-worker-0/INFO] [com.lootintegrations.LootintegrationsMod/]: lootintegrations mod initialized
[13Aug2026 09:34:40.454] [modloading-worker-0/INFO] [HammerLib/]: Setup HammerLib networking!
[13Aug2026 09:34:40.465] [modloading-worker-0/INFO] [moze_intel.projecte.PECore/]: Found and loaded EMC mapper: CustomConversionMapper, with priority 0
[13Aug2026 09:34:40.466] [modloading-worker-0/INFO] [moze_intel.projecte.PECore/]: Found and loaded EMC mapper: WeatheredCopperMapper, with priority 0
[13Aug2026 09:34:40.466] [modloading-worker-0/INFO] [moze_intel.projecte.PECore/]: Found and loaded EMC mapper: TippedArrowMapper, with priority 0
[13Aug2026 09:34:40.468] [modloading-worker-0/INFO] [moze_intel.projecte.PECore/]: Found and loaded EMC mapper: RawOresBlacklistMapper, with priority 0
[13Aug2026 09:34:40.471] [modloading-worker-0/INFO] [moze_intel.projecte.PECore/]: Found and loaded EMC mapper: OresBlacklistMapper, with priority 0
[13Aug2026 09:34:40.471] [modloading-worker-0/INFO] [moze_intel.projecte.PECore/]: Found and loaded EMC mapper: CustomEMCMapper, with priority 0
[13Aug2026 09:34:40.472] [modloading-worker-0/INFO] [moze_intel.projecte.PECore/]: Found and loaded EMC mapper: BrewingMapper, with priority 0
[13Aug2026 09:34:40.475] [modloading-worker-0/INFO] [moze_intel.projecte.PECore/]: Found and loaded EMC mapper: APICustomEMCMapper, with priority 0
[13Aug2026 09:34:40.488] [modloading-worker-0/INFO] [moze_intel.projecte.PECore/]: Found and loaded RecipeType Mapper: VanillaRecipeTypes, with priority 0
[13Aug2026 09:34:40.488] [modloading-worker-0/INFO] [moze_intel.projecte.PECore/]: Found and loaded RecipeType Mapper: Smithing, with priority 0
[13Aug2026 09:34:40.492] [modloading-worker-0/INFO] [moze_intel.projecte.PECore/]: Found and loaded RecipeType Mapper: FallbackRecipeType, with priority -2147483648
[13Aug2026 09:34:40.502] [modloading-worker-0/INFO] [moze_intel.projecte.PECore/]: Found and loaded NBT Processor: StoredEMCProcessor, with priority 0
[13Aug2026 09:34:40.506] [modloading-worker-0/INFO] [moze_intel.projecte.PECore/]: Found and loaded NBT Processor: EnchantmentProcessor, with priority 0
[13Aug2026 09:34:40.510] [modloading-worker-0/INFO] [moze_intel.projecte.PECore/]: Found and loaded NBT Processor: DecoratedPotProcessor, with priority 0
[13Aug2026 09:34:40.510] [modloading-worker-0/INFO] [moze_intel.projecte.PECore/]: Found and loaded NBT Processor: DamageProcessor, with priority 2147483647
[13Aug2026 09:34:40.513] [modloading-worker-0/INFO] [moze_intel.projecte.PECore/]: Found and loaded NBT Processor: ArmorTrimProcessor, with priority 0
[13Aug2026 09:34:40.527] [Thread-0/INFO] [ModernFix/]: Please use /mfsrc to reload any changed mod config files
[13Aug2026 09:34:40.597] [modloading-worker-0/INFO] [org.admany.lc2h.LC2H/]: [LC2H] Registered with Quantified API
[13Aug2026 09:34:40.597] [modloading-worker-0/INFO] [org.admany.lc2h.LC2H/]: Setting up LC2H core systems
[13Aug2026 09:34:40.599] [modloading-worker-0/INFO] [org.admany.lc2h.LC2H/]: LC2H setup complete
[13Aug2026 09:34:40.601] [modloading-worker-0/INFO] [Enigmatic Legacy/INFO]: Initializing common setup phase...
[13Aug2026 09:34:40.602] [modloading-worker-0/INFO] [Enigmatic Legacy/INFO]: Registering packets...
[13Aug2026 09:34:40.654] [modloading-worker-0/INFO] [thetadev.constructionwand.ConstructionWand/]: ConstructionWand says hello - may the odds be ever in your favor.
[13Aug2026 09:34:40.669] [modloading-worker-0/INFO] [Enigmatic Legacy/INFO]: Registering triggers...
[13Aug2026 09:34:40.678] [modloading-worker-0/INFO] [Enigmatic Legacy/INFO]: Registering stats...
[13Aug2026 09:34:40.679] [modloading-worker-0/INFO] [Enigmatic Legacy/INFO]: Common setup phase finished successfully.
[13Aug2026 09:34:40.692] [modloading-worker-0/INFO] [Enigmatic Addons/INFO]: Initializing common setup phase...
[13Aug2026 09:34:40.700] [modloading-worker-0/INFO] [Enigmatic Addons/INFO]: Registering packets...
[13Aug2026 09:34:40.707] [Forge Version Check/INFO] [net.minecraftforge.fml.VersionChecker/]: [hammerlib] Starting version check at https://api.modrinth.com/updates/PlkSuVtM/forge_updates.json
[13Aug2026 09:34:40.727] [modloading-worker-0/INFO] [Enigmatic Addons/INFO]: Common setup phase finished successfully.
[13Aug2026 09:34:40.795] [modloading-worker-0/INFO] [net.chaoscraft.chaoszprojectbandits.ChaosZProjectBandits/]: Performing common setup tasks...
[13Aug2026 09:34:40.827] [modloading-worker-0/INFO] [org.admany.anticheat.anticheatmod/]: [Anticheat] [Security] Secure packet system prepared
[13Aug2026 09:34:40.828] [modloading-worker-0/INFO] [org.admany.anticheat.anticheatmod/]: [Anticheat] [Security] Registered 0 secure packet types
[13Aug2026 09:34:40.828] [modloading-worker-0/INFO] [org.admany.anticheat.anticheatmod/]: [Anticheat] [Security] 🔒 Secure packet system initialized.
[13Aug2026 09:34:40.829] [modloading-worker-0/INFO] [org.admany.anticheat.anticheatmod/]: [Anticheat] [Environment] 🔍 Environment handshake registered
[13Aug2026 09:34:40.829] [modloading-worker-0/INFO] [org.admany.anticheat.anticheatmod/]: [Anticheat] [Environment] 🔍 Environment detection handshake registered.
[13Aug2026 09:34:40.961] [main/INFO] [Framework/SYNCED_ENTITY_DATA]: Registered synced data key refurbished_furniture:lock_yaw for refurbished_furniture:seat
[13Aug2026 09:34:40.996] [main/INFO] [tacz/SYNCED_ENTITY_DATA_TAC_COPY]: Registered synced data key tacz:shoot_cool_down for minecraft:living_entity
[13Aug2026 09:34:40.996] [main/INFO] [tacz/SYNCED_ENTITY_DATA_TAC_COPY]: Registered synced data key tacz:melee_cool_down for minecraft:living_entity
[13Aug2026 09:34:40.996] [main/INFO] [tacz/SYNCED_ENTITY_DATA_TAC_COPY]: Registered synced data key tacz:reload_state for minecraft:living_entity
[13Aug2026 09:34:40.996] [main/INFO] [tacz/SYNCED_ENTITY_DATA_TAC_COPY]: Registered synced data key tacz:aiming_progress for minecraft:living_entity
[13Aug2026 09:34:40.996] [main/INFO] [tacz/SYNCED_ENTITY_DATA_TAC_COPY]: Registered synced data key tacz:draw_cool_down for minecraft:living_entity
[13Aug2026 09:34:40.997] [main/INFO] [tacz/SYNCED_ENTITY_DATA_TAC_COPY]: Registered synced data key tacz:is_aiming for minecraft:living_entity
[13Aug2026 09:34:40.997] [main/INFO] [tacz/SYNCED_ENTITY_DATA_TAC_COPY]: Registered synced data key tacz:sprint_time for minecraft:living_entity
[13Aug2026 09:34:40.997] [main/INFO] [tacz/SYNCED_ENTITY_DATA_TAC_COPY]: Registered synced data key tacz:is_bolting for minecraft:living_entity
[13Aug2026 09:34:40.997] [main/INFO] [tacz/SYNCED_ENTITY_DATA_TAC_COPY]: Registered synced data key tacz:throwable_using for minecraft:living_entity
[13Aug2026 09:34:41.006] [Forge Version Check/INFO] [net.minecraftforge.fml.VersionChecker/]: [hammerlib] Found status: UP_TO_DATE Current: 20.1.50 Target: null
[13Aug2026 09:34:41.007] [Forge Version Check/INFO] [net.minecraftforge.fml.VersionChecker/]: [projecte] Starting version check at https://raw.githubusercontent.com/sinkillerj/ProjectE/mc1.20.x/update.json
[13Aug2026 09:34:41.026] [Forge Version Check/INFO] [net.minecraftforge.fml.VersionChecker/]: [projecte] Found status: UP_TO_DATE Current: 1.0.1 Target: null
[13Aug2026 09:34:41.026] [Forge Version Check/INFO] [net.minecraftforge.fml.VersionChecker/]: [maxhealthfix] Starting version check at https://updates.blamejared.com/get?n=maxhealthfix&gv=1.20.1
[13Aug2026 09:34:41.071] [main/INFO] [com.tiviacz.travelersbackpack.TravelersBackpack/]: Registered the FluidEffect with Unique ID of minecraft:water for Water (Fluid Amount Required: 1000) with the ID 0
[13Aug2026 09:34:41.072] [main/INFO] [com.tiviacz.travelersbackpack.TravelersBackpack/]: Registered the FluidEffect with Unique ID of minecraft:lava for Lava (Fluid Amount Required: 1000) with the ID 1
[13Aug2026 09:34:41.072] [main/INFO] [com.tiviacz.travelersbackpack.TravelersBackpack/]: Registered the FluidEffect with Unique ID of travelersbackpack:potion for Uncraftable Potion (Fluid Amount Required: 250) with the ID 2
[13Aug2026 09:34:41.072] [main/INFO] [com.tiviacz.travelersbackpack.TravelersBackpack/]: Registered the FluidEffect with Unique ID of minecraft:milk for Milk (Fluid Amount Required: 1000) with the ID 3
[13Aug2026 09:34:41.155] [main/INFO] [Moonlight/]: Initialized color sets in 59ms
[13Aug2026 09:34:41.155] [main/INFO] [com.finderfeed.fdlib.FDLib/]: Loading FD animations...
[13Aug2026 09:34:41.155] [main/INFO] [com.finderfeed.fdlib.FDLib/]: Loading animation: fdbosses:chesed_idle
[13Aug2026 09:34:41.172] [main/INFO] [com.finderfeed.fdlib.FDLib/]: Loading animation: fdbosses:chesed_boom_attack
[13Aug2026 09:34:41.177] [main/INFO] [com.finderfeed.fdlib.FDLib/]: Loading animation: fdbosses:chesed_attack
[13Aug2026 09:34:41.183] [main/INFO] [com.finderfeed.fdlib.FDLib/]: Loading animation: fdbosses:chesed_roll_up
[13Aug2026 09:34:41.187] [main/INFO] [com.finderfeed.fdlib.FDLib/]: Loading animation: fdbosses:chesed_roll_up_end
[13Aug2026 09:34:41.191] [main/INFO] [com.finderfeed.fdlib.FDLib/]: Loading animation: fdbosses:chesed_second_phase_prepare
[13Aug2026 09:34:41.195] [main/INFO] [com.finderfeed.fdlib.FDLib/]: Loading animation: fdbosses:chesed_second_phase_strike_walls
[13Aug2026 09:34:41.201] [main/INFO] [com.finderfeed.fdlib.FDLib/]: Loading animation: fdbosses:chesed_roll_up_just_end
[13Aug2026 09:34:41.204] [main/INFO] [com.finderfeed.fdlib.FDLib/]: Loading animation: fdbosses:chesed_roll
[13Aug2026 09:34:41.212] [main/INFO] [com.finderfeed.fdlib.FDLib/]: Loading animation: fdbosses:chesed_roll_roll
[13Aug2026 09:34:41.215] [main/INFO] [com.finderfeed.fdlib.FDLib/]: Loading animation: fdbosses:chesed_cast
[13Aug2026 09:34:41.219] [main/INFO] [com.finderfeed.fdlib.FDLib/]: Loading animation: fdbosses:chesed_earthquake_cast
[13Aug2026 09:34:41.226] [main/INFO] [com.finderfeed.fdlib.FDLib/]: Loading animation: fdbosses:chesed_rockfall_cast
[13Aug2026 09:34:41.234] [main/INFO] [com.finderfeed.fdlib.FDLib/]: Loading animation: fdbosses:electric_orb_idle
[13Aug2026 09:34:41.235] [main/INFO] [com.finderfeed.fdlib.FDLib/]: Loading animation: fdbosses:chesed_crystal_spawn
[13Aug2026 09:34:41.235] [main/INFO] [com.finderfeed.fdlib.FDLib/]: Loading animation: fdbosses:chesed_monolith_idle
[13Aug2026 09:34:41.237] [main/INFO] [com.finderfeed.fdlib.FDLib/]: Loading animation: fdbosses:chesed_monolith_turn_off
[13Aug2026 09:34:41.238] [main/INFO] [com.finderfeed.fdlib.FDLib/]: Loading animation: fdbosses:kinetic_field_spawn
[13Aug2026 09:34:41.240] [main/INFO] [com.finderfeed.fdlib.FDLib/]: Loading animation: fdbosses:chesed_appear
[13Aug2026 09:34:41.248] [main/INFO] [com.finderfeed.fdlib.FDLib/]: Loading animation: fdbosses:chesed_screen_appear
[13Aug2026 09:34:41.253] [main/INFO] [com.finderfeed.fdlib.FDLib/]: Loading animation: fdbosses:chesed_death
[13Aug2026 09:34:41.266] [main/INFO] [com.finderfeed.fdlib.FDLib/]: Loading animation: fdbosses:ray_reflector_activate
[13Aug2026 09:34:41.266] [main/INFO] [com.finderfeed.fdlib.FDLib/]: Loading animation: fdbosses:test_malkuth
[13Aug2026 09:34:41.271] [main/INFO] [com.finderfeed.fdlib.FDLib/]: Loading animation: fdbosses:malkuth_idle
[13Aug2026 09:34:41.277] [main/INFO] [com.finderfeed.fdlib.FDLib/]: Loading animation: fdbosses:malkuth_slash_fire
[13Aug2026 09:34:41.282] [main/INFO] [com.finderfeed.fdlib.FDLib/]: Loading animation: fdbosses:malkuth_slash_ice
[13Aug2026 09:34:41.287] [main/INFO] [com.finderfeed.fdlib.FDLib/]: Loading animation: fdbosses:malkuth_jump_forward_prepare
[13Aug2026 09:34:41.291] [main/INFO] [com.finderfeed.fdlib.FDLib/]: Loading animation: fdbosses:malkuth_jump_crush_attack_start
[13Aug2026 09:34:41.296] [main/INFO] [com.finderfeed.fdlib.FDLib/]: Loading animation: fdbosses:malkuth_jump_crush_attack_midair
[13Aug2026 09:34:41.300] [main/INFO] [com.finderfeed.fdlib.FDLib/]: Loading animation: fdbosses:malkuth_jump_crush_attack_end
[13Aug2026 09:34:41.304] [main/INFO] [com.finderfeed.fdlib.FDLib/]: Loading animation: fdbosses:malkuth_pull_and_punch
[13Aug2026 09:34:41.309] [main/INFO] [com.finderfeed.fdlib.FDLib/]: Loading animation: fdbosses:malkuth_screen_appear
[13Aug2026 09:34:41.313] [main/INFO] [com.finderfeed.fdlib.FDLib/]: Loading animation: fdbosses:malkuth_screen_idle
[13Aug2026 09:34:41.317] [main/INFO] [com.finderfeed.fdlib.FDLib/]: Loading animation: fdbosses:malkuth_crush_attack_attack
[13Aug2026 09:34:41.320] [main/INFO] [com.finderfeed.fdlib.FDLib/]: Loading animation: fdbosses:malkuth_cannon_shoot
[13Aug2026 09:34:41.321] [main/INFO] [com.finderfeed.fdlib.FDLib/]: Loading animation: fdbosses:malkuth_cannon_break
[13Aug2026 09:34:41.321] [main/INFO] [com.finderfeed.fdlib.FDLib/]: Loading animation: fdbosses:malkuth_cannon_repair
[13Aug2026 09:34:41.322] [main/INFO] [com.finderfeed.fdlib.FDLib/]: Loading animation: fdbosses:malkuth_cannon_summon
[13Aug2026 09:34:41.322] [main/INFO] [com.finderfeed.fdlib.FDLib/]: Loading animation: fdbosses:malkuth_jump_and_land
[13Aug2026 09:34:41.327] [main/INFO] [com.finderfeed.fdlib.FDLib/]: Loading animation: fdbosses:malkuth_jump_with_crush
[13Aug2026 09:34:41.332] [main/INFO] [com.finderfeed.fdlib.FDLib/]: Loading animation: fdbosses:malkuth_jump_crush_attack_full
[13Aug2026 09:34:41.337] [main/INFO] [com.finderfeed.fdlib.FDLib/]: Loading animation: fdbosses:malkuth_sword_forward
[13Aug2026 09:34:41.341] [main/INFO] [com.finderfeed.fdlib.FDLib/]: Loading animation: fdbosses:malkuth_carousel_slash_1
[13Aug2026 09:34:41.346] [main/INFO] [com.finderfeed.fdlib.FDLib/]: Loading animation: fdbosses:malkuth_giant_sword_attack
[13Aug2026 09:34:41.350] [main/INFO] [com.finderfeed.fdlib.FDLib/]: Loading animation: fdbosses:malkuth_single_earthquake_fire
[13Aug2026 09:34:41.354] [main/INFO] [com.finderfeed.fdlib.FDLib/]: Loading animation: fdbosses:malkuth_single_earthquake_ice
[13Aug2026 09:34:41.358] [main/INFO] [com.finderfeed.fdlib.FDLib/]: Loading animation: fdbosses:malkuth_summon_throw_side_stones
[13Aug2026 09:34:41.362] [main/INFO] [com.finderfeed.fdlib.FDLib/]: Loading animation: fdbosses:malkuth_jump_to_float
[13Aug2026 09:34:41.366] [main/INFO] [com.finderfeed.fdlib.FDLib/]: Loading animation: fdbosses:malkuth_float
[13Aug2026 09:34:41.370] [main/INFO] [com.finderfeed.fdlib.FDLib/]: Loading animation: fdbosses:malkuth_summon_fireballs
[13Aug2026 09:34:41.374] [main/INFO] [com.finderfeed.fdlib.FDLib/]: Loading animation: fdbosses:malkuth_crystal_summon
[13Aug2026 09:34:41.375] [main/INFO] [com.finderfeed.fdlib.FDLib/]: Loading animation: fdbosses:malkuth_summon_anim
[13Aug2026 09:34:41.379] [main/INFO] [com.finderfeed.fdlib.FDLib/]: Loading animation: fdbosses:malkuth_warrior_idle
[13Aug2026 09:34:41.379] [main/INFO] [com.finderfeed.fdlib.FDLib/]: Loading animation: fdbosses:malkuth_warrior_attack
[13Aug2026 09:34:41.380] [main/INFO] [com.finderfeed.fdlib.FDLib/]: Loading animation: fdbosses:malkuth_warrior_walk
[13Aug2026 09:34:41.381] [main/INFO] [com.finderfeed.fdlib.FDLib/]: Loading animation: fdbosses:malkuth_warrior_slam_earth
[13Aug2026 09:34:41.385] [main/INFO] [com.finderfeed.fdlib.FDLib/]: Loading animation: fdbosses:malkuth_warrior_die
[13Aug2026 09:34:41.386] [main/INFO] [com.finderfeed.fdlib.FDLib/]: Loading animation: fdbosses:malkuth_death
[13Aug2026 09:34:41.396] [main/INFO] [com.finderfeed.fdlib.FDLib/]: Loading animation: fdbosses:geburah_stomp
[13Aug2026 09:34:41.397] [main/INFO] [com.finderfeed.fdlib.FDLib/]: Loading animation: fdbosses:geburah_fire_all_cannons
[13Aug2026 09:34:41.397] [main/INFO] [com.finderfeed.fdlib.FDLib/]: Loading animation: fdbosses:justice_hammer_smack
[13Aug2026 09:34:41.398] [main/INFO] [com.finderfeed.fdlib.FDLib/]: Loading animation: fdbosses:geburah_tilt_left
[13Aug2026 09:34:41.398] [main/INFO] [com.finderfeed.fdlib.FDLib/]: Loading animation: fdbosses:geburah_tilt_right
[13Aug2026 09:34:41.399] [main/INFO] [com.finderfeed.fdlib.FDLib/]: Loading animation: fdbosses:judgement_bird_fly
[13Aug2026 09:34:41.399] [main/INFO] [com.finderfeed.fdlib.FDLib/]: Loading animation: fdbosses:judgement_bird_cast
[13Aug2026 09:34:41.400] [main/INFO] [com.finderfeed.fdlib.FDLib/]: Loading animation: fdbosses:geburah_bell_ring
[13Aug2026 09:34:41.400] [main/INFO] [com.finderfeed.fdlib.FDLib/]: Loading animation: fdbosses:geburah_appear
[13Aug2026 09:34:41.401] [main/INFO] [com.finderfeed.fdlib.FDLib/]: Loading animation: fdbosses:chesed_item_idle
[13Aug2026 09:34:41.401] [main/INFO] [com.finderfeed.fdlib.FDLib/]: Loading animation: fdbosses:chesed_item_use
[13Aug2026 09:34:41.402] [main/INFO] [com.finderfeed.fdlib.FDLib/]: Loading animation: fdbosses:malkuth_fist_flying
[13Aug2026 09:34:41.402] [main/INFO] [com.finderfeed.fdlib.FDLib/]: Loading animation: fdbosses:malkuth_fist_grab
[13Aug2026 09:34:41.403] [main/INFO] [com.finderfeed.fdlib.FDLib/]: Loading animation: fdbosses:divine_gear_idle
[13Aug2026 09:34:41.403] [main/INFO] [com.finderfeed.fdlib.FDLib/]: Loading animation: fdbosses:divine_gear_summon
[13Aug2026 09:34:41.404] [main/INFO] [com.finderfeed.fdlib.FDLib/]: Loading animation: fdbosses:divine_gear_death
[13Aug2026 09:34:41.404] [main/INFO] [com.finderfeed.fdlib.FDLib/]: Loading animation: fdbosses:divine_gear_item_idle
[13Aug2026 09:34:41.404] [main/INFO] [com.finderfeed.fdlib.FDLib/]: Loading animation: fdlib:testanim
[13Aug2026 09:34:41.405] [main/INFO] [com.finderfeed.fdlib.FDLib/]: FD Animations loaded!
[13Aug2026 09:34:41.405] [main/INFO] [com.finderfeed.fdlib.FDLib/]: Loading FD models...
[13Aug2026 09:34:41.405] [main/INFO] [com.finderfeed.fdlib.FDLib/]: Loading model: fdbosses:chesed
[13Aug2026 09:34:41.420] [main/INFO] [com.finderfeed.fdlib.FDLib/]: Loading model: fdbosses:chesed
[13Aug2026 09:34:41.422] [main/INFO] [com.finderfeed.fdlib.FDLib/]: Loading model: fdbosses:chesed
[13Aug2026 09:34:41.425] [main/INFO] [com.finderfeed.fdlib.FDLib/]: Loading model: fdbosses:electric_orb
[13Aug2026 09:34:41.426] [main/INFO] [com.finderfeed.fdlib.FDLib/]: Loading model: fdbosses:chesed_crystal
[13Aug2026 09:34:41.426] [main/INFO] [com.finderfeed.fdlib.FDLib/]: Loading model: fdbosses:chesed_monolith
[13Aug2026 09:34:41.427] [main/INFO] [com.finderfeed.fdlib.FDLib/]: Loading model: fdbosses:chesed_kinetic_field
[13Aug2026 09:34:41.428] [main/INFO] [com.finderfeed.fdlib.FDLib/]: Loading model: fdbosses:boss_spawner
[13Aug2026 09:34:41.429] [main/INFO] [com.finderfeed.fdlib.FDLib/]: Loading model: fdbosses:boss_spawner
[13Aug2026 09:34:41.432] [main/INFO] [com.finderfeed.fdlib.FDLib/]: Loading model: fdbosses:chesed_ray_reflector
[13Aug2026 09:34:41.433] [main/INFO] [com.finderfeed.fdlib.FDLib/]: Loading model: fdbosses:wip
[13Aug2026 09:34:41.434] [main/INFO] [com.finderfeed.fdlib.FDLib/]: Loading model: fdbosses:malkuth
[13Aug2026 09:34:41.436] [main/INFO] [com.finderfeed.fdlib.FDLib/]: Loading model: fdbosses:malkuth_screen
[13Aug2026 09:34:41.439] [main/INFO] [com.finderfeed.fdlib.FDLib/]: Loading model: fdbosses:malkuth_sword
[13Aug2026 09:34:41.440] [main/INFO] [com.finderfeed.fdlib.FDLib/]: Loading model: fdbosses:malkuth_crush_attack
[13Aug2026 09:34:41.444] [main/INFO] [com.finderfeed.fdlib.FDLib/]: Loading model: fdbosses:malkuth_cannon
[13Aug2026 09:34:41.445] [main/INFO] [com.finderfeed.fdlib.FDLib/]: Loading model: fdbosses:malkuth_cannon_projectile
[13Aug2026 09:34:41.445] [main/INFO] [com.finderfeed.fdlib.FDLib/]: Loading model: fdbosses:malkuth_earthquake_part
[13Aug2026 09:34:41.446] [main/INFO] [com.finderfeed.fdlib.FDLib/]: Loading model: fdbosses:malkuth_boulder_ice
[13Aug2026 09:34:41.447] [main/INFO] [com.finderfeed.fdlib.FDLib/]: Loading model: fdbosses:malkuth_boulder_fire
[13Aug2026 09:34:41.448] [main/INFO] [com.finderfeed.fdlib.FDLib/]: Loading model: fdbosses:malkuth_platform
[13Aug2026 09:34:41.449] [main/INFO] [com.finderfeed.fdlib.FDLib/]: Loading model: fdbosses:malkuth_repair_crystal
[13Aug2026 09:34:41.451] [main/INFO] [com.finderfeed.fdlib.FDLib/]: Loading model: fdbosses:malkuth_boss_spawner
[13Aug2026 09:34:41.453] [main/INFO] [com.finderfeed.fdlib.FDLib/]: Loading model: fdbosses:malkuth_warrior
[13Aug2026 09:34:41.454] [main/INFO] [com.finderfeed.fdlib.FDLib/]: Loading model: fdbosses:geburah
[13Aug2026 09:34:41.459] [main/INFO] [com.finderfeed.fdlib.FDLib/]: Loading model: fdbosses:geburah_no_core
[13Aug2026 09:34:41.464] [main/INFO] [com.finderfeed.fdlib.FDLib/]: Loading model: fdbosses:judgement_ball
[13Aug2026 09:34:41.464] [main/INFO] [com.finderfeed.fdlib.FDLib/]: Loading model: fdbosses:judgement_ball
[13Aug2026 09:34:41.464] [main/INFO] [com.finderfeed.fdlib.FDLib/]: Loading model: fdbosses:justice_hammer
[13Aug2026 09:34:41.465] [main/INFO] [com.finderfeed.fdlib.FDLib/]: Loading model: fdbosses:judgement_bird
[13Aug2026 09:34:41.465] [main/INFO] [com.finderfeed.fdlib.FDLib/]: Loading model: fdbosses:judgement_bird
[13Aug2026 09:34:41.468] [main/INFO] [com.finderfeed.fdlib.FDLib/]: Loading model: fdbosses:geburah_bell
[13Aug2026 09:34:41.468] [main/INFO] [com.finderfeed.fdlib.FDLib/]: Loading model: fdbosses:justitia
[13Aug2026 09:34:41.469] [main/INFO] [com.finderfeed.fdlib.FDLib/]: Loading model: fdbosses:chesed_item
[13Aug2026 09:34:41.469] [main/INFO] [com.finderfeed.fdlib.FDLib/]: Loading model: fdbosses:malkuth_fist
[13Aug2026 09:34:41.469] [main/INFO] [com.finderfeed.fdlib.FDLib/]: Loading model: fdbosses:malkuth_fist
[13Aug2026 09:34:41.469] [main/INFO] [com.finderfeed.fdlib.FDLib/]: Loading model: fdbosses:malkuth_fist_flying
[13Aug2026 09:34:41.470] [main/INFO] [com.finderfeed.fdlib.FDLib/]: Loading model: fdbosses:divine_gear
[13Aug2026 09:34:41.473] [main/INFO] [com.finderfeed.fdlib.FDLib/]: Loading model: fdlib:test
[13Aug2026 09:34:41.474] [main/INFO] [com.finderfeed.fdlib.FDLib/]: Loading model: fdlib:test
[13Aug2026 09:34:41.474] [main/INFO] [com.finderfeed.fdlib.FDLib/]: FD Models loaded!
[13Aug2026 09:34:41.498] [main/INFO] [net.minecraftforge.coremod.CoreMod.apotheosis/COREMODLOG]: Replaced 1 calls to Enchantment#getMaxLevel() in net/minecraft/world/entity/npc/VillagerTrades$EnchantBookForEmeralds
[13Aug2026 09:34:41.499] [main/INFO] [net.minecraftforge.coremod.CoreMod.apotheosis/COREMODLOG]: Replaced 1 calls to Enchantment#isTreasureOnly() in net/minecraft/world/entity/npc/VillagerTrades$EnchantBookForEmeralds
[13Aug2026 09:34:41.499] [main/INFO] [net.minecraftforge.coremod.CoreMod.apotheosis/COREMODLOG]: Replaced 1 calls to Enchantment#isTradeable() in net/minecraft/world/entity/npc/VillagerTrades$EnchantBookForEmeralds
[13Aug2026 09:34:41.514] [main/INFO] [zeta/]: Common setup: Performing initial refresh of zeta's config on thread 'main'
[13Aug2026 09:34:41.515] [main/INFO] [zeta/]: 'zeta' is enabling Zeta's piston structure resolver.
[13Aug2026 09:34:41.519] [main/INFO] [zeta/]: Waiting for server start before accepting filewatcher changes to zeta's config
[13Aug2026 09:34:41.523] [main/INFO] [terrablender/]: Registered region minecraft:overworld to index 0 for type OVERWORLD
[13Aug2026 09:34:41.523] [main/INFO] [terrablender/]: Registered region minecraft:nether to index 0 for type NETHER
[13Aug2026 09:34:41.523] [main/INFO] [terrablender/]: Registered region quark:biome_provider to index 1 for type OVERWORLD
[13Aug2026 09:34:41.524] [main/INFO] [quark-zeta/]: Common setup: Performing initial refresh of quark's config on thread 'main'
[13Aug2026 09:34:41.553] [main/INFO] [quark-zeta/]: Waiting for server start before accepting filewatcher changes to quark's config
[13Aug2026 09:34:41.636] [Forge Version Check/INFO] [net.minecraftforge.fml.VersionChecker/]: [maxhealthfix] Found status: BETA Current: 12.0.4 Target: 12.0.4
[13Aug2026 09:34:41.637] [Forge Version Check/INFO] [net.minecraftforge.fml.VersionChecker/]: [guardvillagers] Starting version check at https://raw.githubusercontent.com/seymourimadeit/guardvillagers/master/update.json
[13Aug2026 09:34:41.656] [Forge Version Check/INFO] [net.minecraftforge.fml.VersionChecker/]: [guardvillagers] Found status: BETA Current: 1.20.1-1.6.18 Target: 1.20-1.6.5
[13Aug2026 09:34:41.660] [Forge Version Check/INFO] [net.minecraftforge.fml.VersionChecker/]: [minetraps] Starting version check at https://raw.githubusercontent.com/XxRexRaptorxX/Update-Checker/main/MineTraps.json
[13Aug2026 09:34:41.676] [Forge Version Check/INFO] [net.minecraftforge.fml.VersionChecker/]: [minetraps] Found status: UP_TO_DATE Current: 2.3.0a Target: null
[13Aug2026 09:34:41.677] [Forge Version Check/INFO] [net.minecraftforge.fml.VersionChecker/]: [improvableskills] Starting version check at https://api.modrinth.com/updates/9fT7HUaI/forge_updates.json
[13Aug2026 09:34:41.680] [main/INFO] [Supplementaries/]: Finished mod setup in: [6, 3, 0, 1, 0, 1, 16, 0] ms
[13Aug2026 09:34:41.701] [main/INFO] [org.admany.anticheat.anticheatmod/]: [Anticheat] [Security] Registering secure packets
[13Aug2026 09:34:41.923] [modloading-worker-0/INFO] [Enigmatic Legacy/INFO]: Sending messages to Curios API...
[13Aug2026 09:34:41.925] [Forge Version Check/INFO] [net.minecraftforge.fml.VersionChecker/]: [improvableskills] Found status: UP_TO_DATE Current: 20.1.13 Target: null
[13Aug2026 09:34:41.925] [Forge Version Check/INFO] [net.minecraftforge.fml.VersionChecker/]: [attributefix] Starting version check at https://updates.blamejared.com/get?n=attributefix&gv=1.20.1
[13Aug2026 09:34:42.031] [modloading-worker-0/INFO] [HammerLib/]: Performed registerFoil from hammerlib. Determined constant(0xFFFFFF0F) foil provider
[13Aug2026 09:34:42.032] [modloading-worker-0/INFO] [HammerLib/]: Performed registerFoil from hammerlib. Determined dynamic(org.zeith.hammerlib.client.CustomFoilConfigs$$Lambda/0x00000000522d6f88@1097d419) foil provider
[13Aug2026 09:34:42.103] [Forge Version Check/INFO] [net.minecraftforge.fml.VersionChecker/]: [attributefix] Found status: BETA Current: 21.0.5 Target: 21.0.5
[13Aug2026 09:34:42.104] [Forge Version Check/INFO] [net.minecraftforge.fml.VersionChecker/]: [journeymap] Starting version check at https://forge.curseupdate.com/32274/journeymap
[13Aug2026 09:34:42.164] [Forge Version Check/INFO] [net.minecraftforge.fml.VersionChecker/]: [journeymap] Found status: UP_TO_DATE Current: 1.20.1-6.0.1 Target: null
[13Aug2026 09:34:42.164] [Forge Version Check/INFO] [net.minecraftforge.fml.VersionChecker/]: [forge] Starting version check at https://files.minecraftforge.net/net/minecraftforge/forge/promotions_slim.json
[13Aug2026 09:34:42.234] [modloading-worker-0/INFO] [Enigmatic Legacy/INFO]: Initializing load completion phase...
[13Aug2026 09:34:42.234] [modloading-worker-0/INFO] [Enigmatic Legacy/INFO]: Registering brewing recipes...
[13Aug2026 09:34:42.234] [modloading-worker-0/INFO] [Enigmatic Addons/INFO]: Initializing load completion phase...
[13Aug2026 09:34:42.235] [modloading-worker-0/INFO] [Enigmatic Addons/INFO]: Registering brewing recipes...
[13Aug2026 09:34:42.237] [modloading-worker-0/INFO] [AttributeFix/]: Loaded values for 71 compatible attributes.
[13Aug2026 09:34:42.248] [modloading-worker-0/WARN] [AttributeFix/]: Attribute ID 'enhancedai:spawn_reinforcements_chance' does not belong to a known attribute. This entry will be ignored.
[13Aug2026 09:34:42.252] [modloading-worker-0/WARN] [AttributeFix/]: Attribute ID 'enhancedai:push_resistance' does not belong to a known attribute. This entry will be ignored.
[13Aug2026 09:34:42.252] [modloading-worker-0/WARN] [AttributeFix/]: Attribute ID 'enhancedai:xray_follow_range' does not belong to a known attribute. This entry will be ignored.
[13Aug2026 09:34:42.252] [modloading-worker-0/INFO] [AttributeFix/]: Loaded 74 values from config.
[13Aug2026 09:34:42.251] [modloading-worker-0/INFO] [Enigmatic Addons/INFO]: Registering triggers...
[13Aug2026 09:34:42.255] [modloading-worker-0/INFO] [Enigmatic Addons/INFO]: Load completion phase finished successfully
[13Aug2026 09:34:42.284] [modloading-worker-0/INFO] [AttributeFix/]: Saving config file. 74 entries.
[13Aug2026 09:34:42.284] [modloading-worker-0/INFO] [AttributeFix/]: Applying changes for 74 attributes.
[13Aug2026 09:34:42.300] [modloading-worker-0/INFO] [Jade/]: Start loading plugin at org.zeith.hammerlib.compat.jade.GetWaila
[13Aug2026 09:34:42.311] [modloading-worker-0/INFO] [Jade/]: Start loading plugin at moze_intel.projecte.integration.jade.PEJadePlugin
[13Aug2026 09:34:42.311] [modloading-worker-0/INFO] [Jade/]: Start loading plugin at dev.shadowsoffire.apotheosis.spawn.compat.SpawnerHwylaPlugin
[13Aug2026 09:34:42.312] [modloading-worker-0/INFO] [Jade/]: Start loading plugin at dev.shadowsoffire.apotheosis.ench.compat.EnchHwylaPlugin
[13Aug2026 09:34:42.313] [modloading-worker-0/INFO] [Jade/]: Start loading plugin at dev.shadowsoffire.apotheosis.adventure.compat.AdventureHwylaPlugin
[13Aug2026 09:34:42.313] [modloading-worker-0/INFO] [Jade/]: Start loading plugin at net.blay09.mods.balm.forge.compat.hudinfo.ForgeJadeModCompat
[13Aug2026 09:34:42.314] [modloading-worker-0/INFO] [Jade/]: Start loading plugin at net.blay09.mods.waystones.compat.JadeIntegration
[13Aug2026 09:34:42.314] [modloading-worker-0/INFO] [Jade/]: Start loading plugin at snownee.jade.addon.vanilla.VanillaPlugin
[13Aug2026 09:34:42.333] [modloading-worker-0/INFO] [Jade/]: Start loading plugin at snownee.jade.addon.universal.UniversalPlugin
[13Aug2026 09:34:42.336] [modloading-worker-0/INFO] [Jade/]: Start loading plugin at snownee.jade.addon.core.CorePlugin
[13Aug2026 09:34:42.338] [modloading-worker-0/INFO] [Jade/]: Start loading plugin at de.maxhenkel.easyvillagers.integration.waila.PluginEasyVillagers
[13Aug2026 09:34:42.338] [modloading-worker-0/INFO] [Jade/]: Start loading plugin at net.mehvahdjukaar.supplementaries.integration.JadeCompat
[13Aug2026 09:34:42.343] [modloading-worker-0/INFO] [Enigmatic Legacy/INFO]: Successfully fetched the list of devoted believers from Enigmatic Legacy's repository.
[13Aug2026 09:34:42.348] [modloading-worker-0/INFO] [Enigmatic Legacy/INFO]: Successfully backed up the list of devoted believers.
[13Aug2026 09:34:42.349] [modloading-worker-0/INFO] [Enigmatic Legacy/]: Believer: ObsidianFlight, UUID: 0cf25168-1b5a-4ac9-90eb-45bb20b0afab
[13Aug2026 09:34:42.349] [modloading-worker-0/INFO] [Enigmatic Legacy/]: Believer: Alexsist, UUID: b77d12d4-627f-47d3-965a-74e4f41854cc
[13Aug2026 09:34:42.349] [modloading-worker-0/INFO] [Enigmatic Legacy/]: Believer: Volsarex, UUID: e9907457-0251-42de-86b7-32289c19a6c4
[13Aug2026 09:34:42.349] [modloading-worker-0/INFO] [Enigmatic Legacy/]: Believer: Tar, UUID: 64d64b70-fde8-467e-ad70-271d5ddf26f6
[13Aug2026 09:34:42.349] [modloading-worker-0/INFO] [Enigmatic Legacy/]: Believer: Strgnv, UUID: 93f46b5e-3f96-4bde-9de9-96e7210441f9
[13Aug2026 09:34:42.349] [modloading-worker-0/INFO] [Enigmatic Legacy/]: Believer: SoulRacer65, UUID: a9ca1491-c6b2-4502-a585-94336fb07e75
[13Aug2026 09:34:42.350] [modloading-worker-0/INFO] [Enigmatic Legacy/]: Believer: legitch, UUID: 64906813-adac-4aa9-8ac9-f25dbb677102
[13Aug2026 09:34:42.350] [modloading-worker-0/INFO] [Enigmatic Legacy/]: Believer: TheOutlander, UUID: 9c22cd32-4dff-42b9-946c-69548781f894
[13Aug2026 09:34:42.350] [modloading-worker-0/INFO] [Enigmatic Legacy/]: Believer: Crobee, UUID: ed207d6d-0bec-4e0b-9674-d8455f017441
[13Aug2026 09:34:42.350] [modloading-worker-0/INFO] [Enigmatic Legacy/]: Believer: Exlor, UUID: d45f7a78-513c-43ed-b2f7-6447a92ddaf2
[13Aug2026 09:34:42.350] [modloading-worker-0/INFO] [Enigmatic Legacy/]: Believer: IaruEmbyr, UUID: 97b38aa9-8c8b-4b50-8b69-f71db9a5c2d3
[13Aug2026 09:34:42.350] [modloading-worker-0/INFO] [Enigmatic Legacy/]: Believer: HunterPhantom, UUID: b818e7a3-997e-4456-a7f0-dc7c97c42892
[13Aug2026 09:34:42.350] [modloading-worker-0/INFO] [Enigmatic Legacy/]: Believer: Azure, UUID: 4aeb4bcc-e4b3-4851-9c1f-13d41ad7f37c
[13Aug2026 09:34:42.350] [modloading-worker-0/INFO] [Enigmatic Legacy/]: Believer: PixelVoxel, UUID: f9e9d0d6-eb43-46db-ae6e-b0950668c06d
[13Aug2026 09:34:42.350] [modloading-worker-0/INFO] [Enigmatic Legacy/]: Believer: Izures, UUID: 4c2145c9-be1a-4ae4-bb9f-0003bd221a98
[13Aug2026 09:34:42.350] [modloading-worker-0/INFO] [Enigmatic Legacy/]: Believer: 0thLaw, UUID: a4ef9810-6c0b-45a6-9895-6bbebc70e001
[13Aug2026 09:34:42.350] [modloading-worker-0/INFO] [Enigmatic Legacy/]: Believer: Nexus, UUID: 08e81c68-0a2f-4625-882b-ddcf3c86e351
[13Aug2026 09:34:42.350] [modloading-worker-0/INFO] [Enigmatic Legacy/]: Believer: Fetrex, UUID: d7d73994-0fa5-4690-a8dd-4dc850563f4e
[13Aug2026 09:34:42.350] [modloading-worker-0/INFO] [Enigmatic Legacy/]: Believer: MasterGentar, UUID: 86a110be-dc85-4d2c-82d3-3669cb61db8f
[13Aug2026 09:34:42.350] [modloading-worker-0/INFO] [Enigmatic Legacy/]: Believer: Dimagic, UUID: 34128f78-ad16-4ef3-a647-bb13f0aea775
[13Aug2026 09:34:42.350] [modloading-worker-0/INFO] [Enigmatic Legacy/]: Believer: probablyastar, UUID: 8f0f3658-5644-4f21-b5ea-324153338d87
[13Aug2026 09:34:42.350] [modloading-worker-0/INFO] [Enigmatic Legacy/]: Believer: Toastr125, UUID: 5cd5f647-d3bb-412e-b60c-0aaae21bcddd
[13Aug2026 09:34:42.350] [modloading-worker-0/INFO] [Enigmatic Legacy/]: Believer: YesPyro, UUID: 82a617a0-56fe-4ead-82d4-9d968ca7c777
[13Aug2026 09:34:42.350] [modloading-worker-0/INFO] [Enigmatic Legacy/]: Believer: Amadhe, UUID: 8bdb26a8-7687-49e5-829b-f298cfc10508
[13Aug2026 09:34:42.350] [modloading-worker-0/INFO] [Enigmatic Legacy/]: Believer: BAN30x, UUID: f42c7088-b559-4385-b8f4-94f3a565634c
[13Aug2026 09:34:42.351] [modloading-worker-0/INFO] [Enigmatic Legacy/]: Believer: Hyperion, UUID: 143e257c-b945-4700-85d2-ebcf63c1811f
[13Aug2026 09:34:42.351] [modloading-worker-0/INFO] [Enigmatic Legacy/]: Believer: prism182, UUID: f9048245-89cb-456c-aa2b-cc8e9d8b8c76
[13Aug2026 09:34:42.351] [modloading-worker-0/INFO] [Enigmatic Legacy/]: Believer: Celeste-ialGamer, UUID: 4822d847-93c1-4efd-bd9f-b2d56ba1608d
[13Aug2026 09:34:42.351] [modloading-worker-0/INFO] [Enigmatic Legacy/]: Believer: Snow_guy864335, UUID: a4fa93e5-c243-4b7b-b69a-6943152a5d2d
[13Aug2026 09:34:42.351] [modloading-worker-0/INFO] [Enigmatic Legacy/]: Believer: Dvyant, UUID: f75e74cb-d289-459f-8d28-ea3668541e32
[13Aug2026 09:34:42.351] [modloading-worker-0/INFO] [Enigmatic Legacy/]: Believer: Naoro, UUID: 7a195143-a6cd-4efb-8e57-deac4b7636d7
[13Aug2026 09:34:42.351] [modloading-worker-0/INFO] [Enigmatic Legacy/]: Believer: millie, UUID: f4fac73a-0ada-4e50-bbed-61b06f1a4d18
[13Aug2026 09:34:42.351] [modloading-worker-0/INFO] [Enigmatic Legacy/]: Believer: NinjaFox, UUID: 834a2387-6dec-4d57-8bd3-72be2a54ed54
[13Aug2026 09:34:42.351] [modloading-worker-0/INFO] [Enigmatic Legacy/]: Believer: ProstoChel, UUID: 1fd0b74a-536b-4a65-a849-5c607c950396
[13Aug2026 09:34:42.351] [modloading-worker-0/INFO] [Enigmatic Legacy/]: Believer: (Ne)TyMVS, UUID: ac159e63-a757-4f7d-8c2c-73469a715ff3
[13Aug2026 09:34:42.351] [modloading-worker-0/INFO] [Enigmatic Legacy/]: Believer: TheMuffinMan, UUID: 20f48143-1e09-4c89-9c85-085b70c76953
[13Aug2026 09:34:42.351] [modloading-worker-0/INFO] [Enigmatic Legacy/]: Believer: solmortis, UUID: f6dbd5e9-701c-4c76-8a48-0ba4b687c76d
[13Aug2026 09:34:42.351] [modloading-worker-0/INFO] [Enigmatic Legacy/]: Believer: Eternal_Banisher, UUID: 387aa6d4-f388-400f-b9c5-1514f238ceae
[13Aug2026 09:34:42.351] [modloading-worker-0/INFO] [Enigmatic Legacy/]: Believer: AbsorbingSafe11, UUID: 343ad979-87b7-4dfa-88b8-3f3fdc2e00ab
[13Aug2026 09:34:42.351] [modloading-worker-0/INFO] [Enigmatic Legacy/]: Believer: Stygian, UUID: f6c7001f-4ce8-43f7-b4a1-a9d9d5fadb93
[13Aug2026 09:34:42.351] [modloading-worker-0/INFO] [Enigmatic Legacy/]: Believer: PikachuGabe0, UUID: ca7b21a6-76a5-4ea6-af48-b90f66e4f2b1
[13Aug2026 09:34:42.352] [modloading-worker-0/INFO] [Enigmatic Legacy/]: Believer: Purifier, UUID: 58c97c29-2c25-4320-a1d2-8e5651de506b
[13Aug2026 09:34:42.352] [modloading-worker-0/INFO] [Enigmatic Legacy/]: Believer: Sam/Barker, UUID: 0179c9aa-12c8-423c-bf96-d53c9ed479dd
[13Aug2026 09:34:42.352] [modloading-worker-0/INFO] [Enigmatic Legacy/]: Believer: Ciege, UUID: 48b866bf-a574-4a10-b7bd-2d83d056452d
[13Aug2026 09:34:42.352] [modloading-worker-0/INFO] [Enigmatic Legacy/]: Believer: Solbaify, UUID: 5679a7e1-29f4-4bdc-bd60-5f642d95ad68
[13Aug2026 09:34:42.352] [modloading-worker-0/INFO] [Enigmatic Legacy/]: Believer: Samola345, UUID: b657c54f-3174-4434-bed8-14d7be8634b3
[13Aug2026 09:34:42.352] [modloading-worker-0/INFO] [Enigmatic Legacy/]: Believer: Ozzi, UUID: 7d52df8b-963d-45c2-9c8a-aa7f20ae0659
[13Aug2026 09:34:42.352] [modloading-worker-0/INFO] [Enigmatic Legacy/]: Believer: Arix, UUID: c13feccd-e582-4ae1-aee7-35e8acf7e9e1
[13Aug2026 09:34:42.352] [modloading-worker-0/INFO] [Enigmatic Legacy/]: Believer: Nechronom, UUID: 84b933b8-9688-4021-a039-eed55c985548
[13Aug2026 09:34:42.352] [modloading-worker-0/INFO] [Enigmatic Legacy/]: Believer: WelshyWeasel, UUID: 208abd4b-5534-4394-970f-f71dd693c53d
[13Aug2026 09:34:42.352] [modloading-worker-0/INFO] [Enigmatic Legacy/]: Believer: Thauma, UUID: facc8bc4-a623-47dc-af89-ba979ac159b5
[13Aug2026 09:34:42.352] [modloading-worker-0/INFO] [Enigmatic Legacy/]: Believer: GrekvarZikurah, UUID: f251c109-8214-4882-b0b4-332441843a50
[13Aug2026 09:34:42.353] [modloading-worker-0/INFO] [Enigmatic Legacy/]: Believer: Sebaty5, UUID: c6dd33f1-e851-40b4-840d-6af5ebe4ea3b
[13Aug2026 09:34:42.353] [modloading-worker-0/INFO] [Enigmatic Legacy/]: Believer: MarceDev, UUID: 24b26788-1ce6-44a6-a4df-45202850a9ef
[13Aug2026 09:34:42.353] [modloading-worker-0/INFO] [Enigmatic Legacy/]: Believer: Xathanon, UUID: 806dc0b8-7d90-4776-b870-37fda466a13f
[13Aug2026 09:34:42.353] [modloading-worker-0/INFO] [Enigmatic Legacy/]: Believer: Jusey1, UUID: 5f311b1c-8557-42cc-9c33-3605ea8f524f
[13Aug2026 09:34:42.353] [modloading-worker-0/INFO] [Enigmatic Legacy/]: Believer: swagfredbear27, UUID: c98b3962-3ea9-47f8-820d-134ce2691af0
[13Aug2026 09:34:42.353] [modloading-worker-0/INFO] [Enigmatic Legacy/]: Believer: CrazyHamburger, UUID: 57282a53-522e-4f8c-9f44-19d2068668d7
[13Aug2026 09:34:42.353] [modloading-worker-0/INFO] [Enigmatic Legacy/]: Believer: UwUent, UUID: 43124493-b135-4467-8460-f04e7e845b63
[13Aug2026 09:34:42.353] [modloading-worker-0/INFO] [Enigmatic Legacy/]: Believer: angelman, UUID: 85efda35-7bc1-48c5-a392-f3c23047212f
[13Aug2026 09:34:42.353] [modloading-worker-0/INFO] [Enigmatic Legacy/]: Believer: Madis0, UUID: 581a3f25-db2c-4e52-9823-62e9e4730daa
[13Aug2026 09:34:42.354] [modloading-worker-0/INFO] [Enigmatic Legacy/]: Believer: Destiny, UUID: 38edb8bc-816f-47b7-95d9-f67af6017f2f
[13Aug2026 09:34:42.354] [modloading-worker-0/INFO] [Enigmatic Legacy/INFO]: Load completion phase finished successfully
[13Aug2026 09:34:42.363] [main/INFO] [citadel/]: adding citadel surface rules via terrablender...
[13Aug2026 09:34:42.365] [main/INFO] [citadel/]: Added 0 vanilla biome surface rule types via terrablender
[13Aug2026 09:34:42.365] [main/INFO] [citadel/]: Added 0 modded biome surface rule types via terrablender
[13Aug2026 09:34:42.507] [Forge Version Check/INFO] [net.minecraftforge.fml.VersionChecker/]: [forge] Found status: OUTDATED Current: 47.4.20 Target: 47.4.22
[13Aug2026 09:34:42.510] [Forge Version Check/INFO] [net.minecraftforge.fml.VersionChecker/]: [easy_villagers] Starting version check at https://update.maxhenkel.de/forge/easy_villagers
[13Aug2026 09:34:42.922] [main/INFO] [epicfight/]: Data keys [invincible:up, invincible:dodge_success_timer, woc_remastered:is_pressed, invincible:right, invincible:parry_timer, invincible:left, woc_remastered:press_timer, invincible:cooldown, invincible:down] for invincible:combo_demo
[13Aug2026 09:34:42.922] [main/INFO] [epicfight/]: Data keys [epicfight:basic_attack_active, epicfight:combo_counter] for epicfight:basic_attack
[13Aug2026 09:34:42.922] [main/INFO] [epicfight/]: Data keys [epicfight:penalty, epicfight:penalty_restore_counter] for epicfight:guard
[13Aug2026 09:34:42.922] [main/INFO] [epicfight/]: Data keys [epicfight:parry_motion_counter, epicfight:penalty, epicfight:last_active, epicfight:penalty_restore_counter] for epicfight:parrying
[13Aug2026 09:34:42.922] [main/INFO] [epicfight/]: Data keys [epicfight:penalty, epicfight:penalty_restore_counter] for epicfight:impact_guard
[13Aug2026 09:34:42.922] [main/INFO] [epicfight/]: Data keys [epicfight:stacks, epicfight:tick_record, epicfight:resisting_damage_type] for epicfight:adaptive_skin
[13Aug2026 09:34:42.922] [main/INFO] [epicfight/]: Data keys [epicfight:tick_record] for epicfight:adrenaline_fiend
[13Aug2026 09:34:42.922] [main/INFO] [epicfight/]: Data keys [epicfight:entity_id, epicfight:stacks] for epicfight:bonebreaker
[13Aug2026 09:34:42.922] [main/INFO] [epicfight/]: Data keys [epicfight:entity_id, epicfight:tick_record] for epicfight:vengeance
[13Aug2026 09:34:42.922] [main/INFO] [epicfight/]: Data keys [epicfight:slam_protect_next_fall, epicfight:fall_distance] for epicfight:meteor_slam
[13Aug2026 09:34:42.923] [main/INFO] [epicfight/]: Data keys [epicfight:stacks] for epicfight:revelation
[13Aug2026 09:34:42.923] [main/INFO] [epicfight/]: Data keys [epicfight:slam_protect_next_fall] for epicfight:demolition_leap
[13Aug2026 09:34:42.923] [main/INFO] [epicfight/]: Data keys [epicfight:jump_key_pressed_last_tick, epicfight:slam_protect_next_fall, epicfight:jump_count] for epicfight:phantom_ascent
[13Aug2026 09:34:42.923] [main/INFO] [epicfight/]: Data keys [epicfight:last_hit_count] for epicfight:grasping_spire
[13Aug2026 09:34:42.923] [main/INFO] [epicfight/]: Data keys [epicfight:sheath] for epicfight:battojutsu_passive
[13Aug2026 09:34:42.923] [main/INFO] [epicfight/]: Data keys [epicfight:sheath] for epicfight:battojutsu
[13Aug2026 09:34:42.923] [main/INFO] [epicfight/]: Data keys [epicfight:combo_counter] for epicfight:blade_rush
[13Aug2026 09:34:42.923] [main/INFO] [epicfight/]: Data keys [epicfight:thrown_trident_entity_id] for epicfight:everlasting_allegiance
[13Aug2026 09:34:42.923] [main/INFO] [epicfight/]: Data keys [wom:target_id] for wom:ender_obscuris
[13Aug2026 09:34:42.923] [main/INFO] [epicfight/]: Data keys [wom:timer, wom:timer_refresh, wom:dodge] for wom:dodge_master
[13Aug2026 09:34:42.923] [main/INFO] [epicfight/]: Data keys [wom:timer, wom:timer_refresh, wom:dodge, wom:cooldown, wom:registered_position, wom:active, wom:registered_health] for wom:time_travel
[13Aug2026 09:34:42.923] [main/INFO] [epicfight/]: Data keys [wom:cooldown] for wom:punishment_kick
[13Aug2026 09:34:42.923] [main/INFO] [epicfight/]: Data keys [epicfight:penalty, wom:parrying, wom:consumprion_value, wom:holding_rmb, wom:last_active, epicfight:penalty_restore_counter] for wom:counter_attack
[13Aug2026 09:34:42.923] [main/INFO] [epicfight/]: Data keys [wom:timer, wom:timer_refresh, wom:vengence_duration, wom:charge, epicfight:penalty, wom:consumprion_value, wom:cooldown, wom:holding_stance, epicfight:penalty_restore_counter] for wom:vengeful_parry
[13Aug2026 09:34:42.923] [main/INFO] [epicfight/]: Data keys [wom:charge, epicfight:penalty, wom:parrying, wom:holding_rmb, wom:cooldown, epicfight:penalty_restore_counter] for wom:perfect_bulwark
[13Aug2026 09:34:42.924] [main/INFO] [epicfight/]: Data keys [wom:charge, wom:cycle] for wom:soul_protection
[13Aug2026 09:34:42.924] [main/INFO] [epicfight/]: Data keys [wom:charge, wom:cycle] for wom:shulker_cloak
[13Aug2026 09:34:42.924] [main/INFO] [epicfight/]: Data keys [wom:timer, epicfight:penalty, wom:holding_rmb, wom:active, epicfight:penalty_restore_counter] for wom:buster_parade
[13Aug2026 09:34:42.924] [main/INFO] [epicfight/]: Data keys [wom:timer, wom:timer_refresh, wom:active, wom:duree] for wom:pain_anticipation
[13Aug2026 09:34:42.924] [main/INFO] [epicfight/]: Data keys [wom:timer, wom:timer_refresh, wom:active, wom:duree] for wom:latent_retribution
[13Aug2026 09:34:42.924] [main/INFO] [epicfight/]: Data keys [wom:power, wom:rate] for wom:critical_knowledge
[13Aug2026 09:34:42.924] [main/INFO] [epicfight/]: Data keys [wom:cooldown, wom:max_shield, wom:recovery_rate] for wom:heart_shield
[13Aug2026 09:34:42.924] [main/INFO] [epicfight/]: Data keys [wom:melody_index, wom:saved_elapsed_time, wom:step] for wom:dancing_blade
[13Aug2026 09:34:42.924] [main/INFO] [epicfight/]: Data keys [wom:timer, wom:timer_refresh, wom:stage, wom:cycle, wom:active, wom:duree] for wom:meditation
[13Aug2026 09:34:42.924] [main/INFO] [epicfight/]: Data keys [wom:cooldown] for wom:dopamine
[13Aug2026 09:34:42.924] [main/INFO] [epicfight/]: Data keys [wom:last_active] for wom:manipulator
[13Aug2026 09:34:42.924] [main/INFO] [epicfight/]: Data keys [wom:timer, wom:power, wom:stack, wom:rate] for wom:lethal_focus
[13Aug2026 09:34:42.924] [main/INFO] [epicfight/]: Data keys [wom:timer, wom:timer_refresh, wom:jump_key_up, wom:wall_glide, wom:wall_running, wom:angle] for wom:spider_techniques
[13Aug2026 09:34:42.924] [main/INFO] [epicfight/]: Data keys [wom:mermaid_movement, wom:jump_key_up, wom:diving, wom:consumprion_value, wom:crawling, wom:cooldown, wom:water_dashing] for wom:aqua_maneuvre
[13Aug2026 09:34:42.924] [main/INFO] [epicfight/]: Data keys [wom:timer, wom:stage, wom:wall_glide, wom:wall_running, wom:consumprion_value, wom:buffing, wom:active, wom:verso] for wom:natural_sprinter
[13Aug2026 09:34:42.925] [main/INFO] [epicfight/]: Data keys [wom:timer] for wom:lunatic_vivacity
[13Aug2026 09:34:42.925] [main/INFO] [epicfight/]: Data keys [wom:timer, wom:consumprion_value, wom:holding_rmb, wom:registered_health] for wom:voodoo_magic
[13Aug2026 09:34:42.925] [main/INFO] [epicfight/]: Data keys [wom:target_id, wom:target_distance] for wom:back_and_forth
[13Aug2026 09:34:42.925] [main/INFO] [epicfight/]: Data keys [wom:cooldown, wom:combo] for wom:shooting_style
[13Aug2026 09:34:42.925] [main/INFO] [epicfight/]: Data keys [wom:timer, wom:active] for wom:proximity_exploiter
[13Aug2026 09:34:42.925] [main/INFO] [epicfight/]: Data keys [wom:timer, wom:stack] for wom:all_eyes_on_you
[13Aug2026 09:34:42.925] [main/INFO] [epicfight/]: Data keys [wom:timer, wom:stack] for wom:all_eyes_on_me
[13Aug2026 09:34:42.925] [main/INFO] [epicfight/]: Data keys [wom:timer, wom:cooldown] for wom:avatar_of_might
[13Aug2026 09:34:42.925] [main/INFO] [epicfight/]: Data keys [wom:attacks, wom:stack, wom:active] for wom:agony_plunge
[13Aug2026 09:34:42.925] [main/INFO] [epicfight/]: Data keys [wom:timer, wom:timer_refresh, wom:movespeed, wom:charging_time, wom:holding_rmb, wom:charged, wom:active, wom:charged_attack, wom:saved_charge, wom:charging] for wom:torment_passive
[13Aug2026 09:34:42.925] [main/INFO] [epicfight/]: Data keys [wom:timer, wom:timer_refresh, wom:active] for wom:true_berserk
[13Aug2026 09:34:42.925] [main/INFO] [epicfight/]: Data keys [wom:stack] for wom:herrscher_passive
[13Aug2026 09:34:42.925] [main/INFO] [epicfight/]: Data keys [wom:timer, wom:timer_refresh, wom:expiation, wom:buffed, wom:redemptioon, wom:buffing, wom:strenght, wom:verso] for wom:plunder_perdition
[13Aug2026 09:34:42.925] [main/INFO] [epicfight/]: Data keys [wom:sheath] for wom:satsujin_passive
[13Aug2026 09:34:42.925] [main/INFO] [epicfight/]: Data keys [wom:timer_refresh, wom:charge, wom:timedslash, wom:holding_rmb, wom:cooldown, wom:holding_stance, wom:frequency, wom:timer, wom:attacks, wom:second_draw, wom:stack, wom:damage, wom:active, wom:saved_charge, wom:charging] for wom:sakura_state
[13Aug2026 09:34:42.926] [main/INFO] [epicfight/]: Data keys [wom:shoot, wom:holding_rmb, wom:zoom, wom:cooldown, wom:combo, wom:nofalldamage, wom:zoom_cooldown, wom:reload_cooldown, wom:using_item] for wom:ender_blast
[13Aug2026 09:34:42.926] [main/INFO] [epicfight/]: Data keys [wom:shoot, wom:side, wom:holding_rmb, wom:zoom, wom:cooldown, wom:combo, wom:nofalldamage, wom:zoom_cooldown, wom:reload_cooldown, wom:using_item] for wom:ender_fusion
[13Aug2026 09:34:42.926] [main/INFO] [epicfight/]: Data keys [wom:guard_point_result, wom:gesetz_sprengkopf, wom:charging_time, wom:parrying, wom:holding_rmb, wom:guard_point, wom:charged, wom:cooldown, wom:holding_stance, wom:combo] for wom:regierung
[13Aug2026 09:34:42.926] [main/INFO] [epicfight/]: Data keys [wom:timer, wom:timer_refresh, wom:crescent, wom:echo, wom:lunar_eclipse_stack] for wom:lunar_eclipse
[13Aug2026 09:34:42.926] [main/INFO] [epicfight/]: Data keys [wom:idle, wom:verso] for wom:lunar_echo_passive
[13Aug2026 09:34:42.926] [main/INFO] [epicfight/]: Data keys [wom:ascending, wom:blackhole_timer, wom:witheraftereffect, wom:zoom, wom:darkness_portal_angle, wom:serius_focus, wom:blackhole_vec, wom:blackhole, wom:zoom_cooldown, wom:timer, wom:darkness_target_vec, wom:darkness_portal_vec, wom:darkness_target_reaped, wom:shoot, wom:darkness_target, wom:blackhole_active, wom:timer_refresh, wom:darkness_target_hited, wom:holding_rmb, wom:serius_focus_cooldown, wom:darkness_portal_timer, wom:witherccatharsis, wom:active, wom:darkness_activate_portal, wom:shoot_cooldown] for wom:demonic_ascension
[13Aug2026 09:34:42.926] [main/INFO] [epicfight/]: Data keys [wom:catharsis, wom:particle, wom:lapse, wom:basic_attack, wom:withercurse, wom:idle, wom:blink] for wom:demon_mark_passive
[13Aug2026 09:34:42.926] [main/INFO] [epicfight/]: Data keys [wom:timer_refresh, wom:particle, wom:charge, wom:heat_level, wom:holding_rmb, wom:solar_obscuridad_ta_timer, wom:solar_crematorio, wom:timer, wom:stored_heat_level, wom:heating_speed, wom:cycle, wom:solar_obscuridad, wom:timed_attack, wom:charging, wom:solar_infernio] for wom:solar_arcano
[13Aug2026 09:34:42.926] [main/INFO] [epicfight/]: Data keys [wom:timer_refresh, wom:particle, wom:charge, wom:heat_level, wom:solar_obscuridad_ta_timer, wom:solar_crematorio, wom:timer, wom:stored_heat_level, wom:heating_speed, wom:cycle, wom:solar_obscuridad, wom:timed_attack, wom:charging, wom:solar_infernio] for wom:solar_passive
[13Aug2026 09:34:42.926] [main/INFO] [epicfight/]: Data keys [wom:serius_focus, wom:serius_focus_cooldown] for wom:rechargement
[13Aug2026 09:34:42.926] [main/INFO] [epicfight/]: Data keys [wom:charge, wom:bullet_overloaded, wom:shell_number, wom:shell_delay, wom:cycle, wom:charged, wom:bullet_loaded_old, wom:shell_anim, wom:active, wom:super_reload, wom:bullet_loaded] for wom:napoleon_passive
[13Aug2026 09:34:42.926] [main/INFO] [epicfight/]: Data keys [wom:timer, wom:stack] for wom:unbreakable
[13Aug2026 09:34:42.926] [main/INFO] [epicfight/]: Data keys [invincible:up, invincible:dodge_success_timer, woc_remastered:is_pressed, invincible:right, invincible:parry_timer, invincible:left, woc_remastered:press_timer, invincible:cooldown, invincible:down] for woc_remastered:witherizer_single
[13Aug2026 09:34:42.927] [main/INFO] [epicfight/]: Data keys [invincible:up, invincible:dodge_success_timer, woc_remastered:is_pressed, invincible:right, invincible:parry_timer, invincible:left, woc_remastered:press_timer, invincible:cooldown, invincible:down] for woc_remastered:witherizer_dual
[13Aug2026 09:34:42.927] [main/INFO] [epicfight/]: Data keys [invincible:up, invincible:dodge_success_timer, woc_remastered:is_pressed, invincible:right, invincible:parry_timer, invincible:left, woc_remastered:press_timer, invincible:cooldown, invincible:down] for woc_remastered:voiderizer_single
[13Aug2026 09:34:42.927] [main/INFO] [epicfight/]: Data keys [invincible:up, invincible:dodge_success_timer, woc_remastered:is_pressed, invincible:right, invincible:parry_timer, invincible:left, woc_remastered:press_timer, invincible:cooldown, invincible:down] for woc_remastered:voiderizer_dual
[13Aug2026 09:34:42.927] [main/INFO] [epicfight/]: Data keys [invincible:up, invincible:dodge_success_timer, woc_remastered:is_pressed, invincible:right, invincible:parry_timer, invincible:left, woc_remastered:press_timer, invincible:cooldown, invincible:down] for woc_remastered:spark_of_the_wings
[13Aug2026 09:34:42.927] [main/INFO] [epicfight/]: Data keys [invincible:up, invincible:dodge_success_timer, woc_remastered:is_pressed, invincible:right, invincible:parry_timer, invincible:left, woc_remastered:press_timer, invincible:cooldown, invincible:down] for woc_remastered:rising_wings_mace
[13Aug2026 09:34:42.927] [main/INFO] [epicfight/]: Data keys [invincible:up, invincible:dodge_success_timer, woc_remastered:is_pressed, invincible:right, invincible:parry_timer, invincible:left, woc_remastered:press_timer, invincible:cooldown, invincible:down] for woc_remastered:rising_wings_halberd
[13Aug2026 09:34:42.927] [main/INFO] [epicfight/]: Data keys [invincible:up, invincible:dodge_success_timer, woc_remastered:is_pressed, invincible:right, invincible:parry_timer, invincible:left, woc_remastered:press_timer, invincible:cooldown, invincible:down] for woc_remastered:ender_force_guard
[13Aug2026 09:34:42.927] [main/INFO] [epicfight/]: Data keys [invincible:up, invincible:dodge_success_timer, woc_remastered:is_pressed, invincible:right, invincible:parry_timer, invincible:left, woc_remastered:press_timer, invincible:cooldown, invincible:down] for woc_remastered:ender_force_bulwark
[13Aug2026 09:34:42.927] [main/INFO] [epicfight/]: Data keys [invincible:up, invincible:dodge_success_timer, woc_remastered:is_pressed, invincible:right, invincible:parry_timer, invincible:left, woc_remastered:press_timer, invincible:cooldown, invincible:down] for woc_remastered:ender_duelist_maelstrom
[13Aug2026 09:34:42.927] [main/INFO] [epicfight/]: Data keys [invincible:up, invincible:dodge_success_timer, woc_remastered:is_pressed, invincible:right, invincible:parry_timer, invincible:left, woc_remastered:press_timer, invincible:cooldown, invincible:down] for woc_remastered:ender_duelist_guard
[13Aug2026 09:34:42.927] [main/INFO] [epicfight/]: Data keys [invincible:up, invincible:dodge_success_timer, woc_remastered:is_pressed, invincible:right, invincible:parry_timer, invincible:left, woc_remastered:press_timer, invincible:cooldown, invincible:down] for woc_remastered:ender_duelist_bulwark
[13Aug2026 09:34:42.927] [main/INFO] [epicfight/]: Data keys [invincible:up, invincible:dodge_success_timer, woc_remastered:is_pressed, invincible:right, invincible:parry_timer, invincible:left, woc_remastered:press_timer, invincible:cooldown, invincible:down] for woc_remastered:infernal_awoken_vf
[13Aug2026 09:34:42.927] [main/INFO] [epicfight/]: Data keys [invincible:up, invincible:dodge_success_timer, woc_remastered:is_pressed, invincible:right, invincible:parry_timer, invincible:left, woc_remastered:press_timer, invincible:cooldown, invincible:down] for woc_remastered:infernal_awoken_thunderstorm
[13Aug2026 09:34:42.928] [main/INFO] [epicfight/]: Data keys [invincible:up, invincible:dodge_success_timer, woc_remastered:is_pressed, invincible:right, invincible:parry_timer, invincible:left, woc_remastered:press_timer, invincible:cooldown, invincible:down] for woc_remastered:infernal_awoken
[13Aug2026 09:34:42.928] [main/INFO] [epicfight/]: Data keys [invincible:up, invincible:dodge_success_timer, woc_remastered:is_pressed, invincible:right, invincible:parry_timer, invincible:left, woc_remastered:press_timer, invincible:cooldown, invincible:down] for woc_remastered:tidal_electricity
[13Aug2026 09:34:42.928] [main/INFO] [epicfight/]: Data keys [invincible:up, invincible:dodge_success_timer, woc_remastered:is_pressed, invincible:right, invincible:parry_timer, invincible:left, woc_remastered:press_timer, invincible:cooldown, invincible:down] for woc_remastered:sandstorm_of_wrath
[13Aug2026 09:34:42.928] [main/INFO] [epicfight/]: Data keys [invincible:up, invincible:dodge_success_timer, woc_remastered:is_pressed, invincible:right, invincible:parry_timer, invincible:left, woc_remastered:press_timer, invincible:cooldown, invincible:down] for woc_remastered:flame_avatar_k
[13Aug2026 09:34:42.928] [main/INFO] [epicfight/]: Data keys [invincible:up, invincible:dodge_success_timer, woc_remastered:is_pressed, invincible:right, invincible:parry_timer, invincible:left, woc_remastered:press_timer, invincible:cooldown, invincible:down] for woc_remastered:flame_avatar
[13Aug2026 09:34:42.928] [main/INFO] [epicfight/]: Data keys [invincible:up, invincible:dodge_success_timer, woc_remastered:is_pressed, invincible:right, invincible:parry_timer, invincible:left, woc_remastered:press_timer, invincible:cooldown, invincible:down] for woc_remastered:abyssal_claw_gb
[13Aug2026 09:34:42.928] [main/INFO] [epicfight/]: Data keys [invincible:up, invincible:dodge_success_timer, woc_remastered:is_pressed, invincible:right, invincible:parry_timer, invincible:left, woc_remastered:press_timer, invincible:cooldown, invincible:down] for woc_remastered:abyssal_claw
[13Aug2026 09:34:42.928] [main/INFO] [epicfight/]: Data keys [woc_remastered:cooldown] for woc_remastered:flame_piercer
[13Aug2026 09:34:42.928] [main/INFO] [epicfight/]: Data keys [woc_remastered:cooldown] for woc_remastered:ghastly_grasp
[13Aug2026 09:34:42.928] [main/INFO] [epicfight/]: Data keys [woc_remastered:cooldown] for woc_remastered:shattered_abyss
[13Aug2026 09:34:43.173] [Forge Version Check/INFO] [net.minecraftforge.fml.VersionChecker/]: [easy_villagers] Found status: AHEAD Current: 1.20.1-1.1.39 Target: null
[13Aug2026 09:34:43.173] [Forge Version Check/INFO] [net.minecraftforge.fml.VersionChecker/]: [supplementaries] Starting version check at https://api.modrinth.com/updates/supplementaries/forge_updates.json
[13Aug2026 09:34:43.245] [main/INFO] [com.mojang.authlib.yggdrasil.YggdrasilAuthenticationService/]: Environment: authHost='https://authserver.mojang.com', accountsHost='https://api.mojang.com', sessionHost='https://sessionserver.mojang.com', servicesHost='https://api.minecraftservices.com', name='PROD'
[13Aug2026 09:34:43.295] [main/WARN] [net.minecraft.server.packs.VanillaPackResourcesBuilder/]: Assets URL 'union:/workspaces/khunglong30/libraries/net/minecraft/server/1.20.1-20230612.114412/server-1.20.1-20230612.114412-srg.jar%23291!/assets/.mcassetsroot' uses unexpected schema
[13Aug2026 09:34:43.295] [main/WARN] [net.minecraft.server.packs.VanillaPackResourcesBuilder/]: Assets URL 'union:/workspaces/khunglong30/libraries/net/minecraft/server/1.20.1-20230612.114412/server-1.20.1-20230612.114412-srg.jar%23291!/data/.mcassetsroot' uses unexpected schema
[13Aug2026 09:34:43.450] [Forge Version Check/INFO] [net.minecraftforge.fml.VersionChecker/]: [supplementaries] Found status: OUTDATED Current: 1.20-3.1.43 Target: 1.20-3.1.43-forge
[13Aug2026 09:34:43.457] [main/INFO] [com.simibubi.create.Create/]: Created 358 recipes which will be injected into the game
[13Aug2026 09:34:43.465] [main/INFO] [com.simibubi.create.Create/]: Created 2 tags which will be injected into the game
[13Aug2026 09:34:43.552] [main/INFO] [tacz/GunPackFinder]: Start scanning for gun packs in /workspaces/khunglong30/tacz
[13Aug2026 09:34:43.563] [main/INFO] [tacz/GunPackFinder]: - bluearchive0.0.4hotfix2.zip, Main namespace: bluearchive
[13Aug2026 09:34:43.568] [main/INFO] [tacz/GunPackFinder]: - VVIP_firearms-v1.1.4.zip, Main namespace: vvip
[13Aug2026 09:34:43.573] [main/INFO] [tacz/GunPackFinder]: - 影武_0.1.8.zip, Main namespace: katana
[13Aug2026 09:34:43.580] [main/INFO] [tacz/GunPackFinder]: - [TacZ1.1.4]EOS_Dawn Goddess Lab ver1.0.01.zip, Main namespace: eos
[13Aug2026 09:34:43.586] [main/INFO] [tacz/GunPackFinder]: - codcollectorsedition_202602041355.zip, Main namespace: codce
[13Aug2026 09:34:43.589] [main/INFO] [tacz/GunPackFinder]: - tacz_default_gun, Main namespace: tacz
[13Aug2026 09:34:43.599] [main/INFO] [tacz/GunPackFinder]: - 【Need TACZ 115-】STF SENTINEL GunPack_v1.1.zip, Main namespace: setsentinel
[13Aug2026 09:34:43.599] [main/INFO] [tacz/GunPackFinder]: Found 7 possible gunpack(s) and added them to resource set.
[13Aug2026 09:34:43.718] [main/INFO] [org.berezka.berezka_api.Berezka_api/]: [Berezka API] loading pack for namespaces: [berezka_api] (deprecated) and []
[13Aug2026 09:34:43.747] [main/INFO] [net.minecraft.server.MinecraftServer/]: Found new data pack Immersive Weathering Generated Pack, loading it automatically
[13Aug2026 09:34:43.747] [main/INFO] [net.minecraft.server.MinecraftServer/]: Found new data pack Supplementaries Generated Pack, loading it automatically
[13Aug2026 09:34:43.747] [main/INFO] [net.minecraft.server.MinecraftServer/]: Found new data pack berezka_api_data, loading it automatically
[13Aug2026 09:34:43.748] [main/INFO] [net.minecraft.server.MinecraftServer/]: Found new data pack create:dynamic_data, loading it automatically
[13Aug2026 09:34:43.748] [main/INFO] [net.minecraft.server.MinecraftServer/]: Found new data pack tacz_resources, loading it automatically
[13Aug2026 09:34:43.750] [main/INFO] [org.berezka.berezka_api.resources.BuiltInResourcePack/]: [Berezka API] Builtin resource pack created.
[13Aug2026 09:34:44.799] [main/INFO] [com.teamabnormals.blueprint.core.Blueprint/]: Successfully loaded 1 data remolders!
[13Aug2026 09:34:44.801] [main/INFO] [Moonlight/]: Starting runtime resource generation for pack type SERVER_DATA with generators from mods [supplementaries, immersive_weathering]: [net.mehvahdjukaar.supplementaries.dynamicpack.ServerDynamicResourcesGenerator@52e256fb, com.ordana.immersive_weathering.dynamicpack.ServerDynamicResourcesHandler@420748cc]
[13Aug2026 09:34:44.802] [main/INFO] [Moonlight/]: Generating runtime assets for pack Supplementaries Generated Pack (supplementaries)
[13Aug2026 09:34:44.830] [main/INFO] [Supplementaries/]: Generated runtime SERVER_DATA for pack Supplementaries Generated Pack (supplementaries) in: 27 ms (multithreaded)
[13Aug2026 09:34:44.830] [main/INFO] [Moonlight/]: Generating runtime assets for pack Immersive Weathering Generated Pack (immersive_weathering)
[13Aug2026 09:34:44.834] [main/INFO] [com.ordana.immersive_weathering.ImmersiveWeathering/]: Generated runtime SERVER_DATA for pack Immersive Weathering Generated Pack (immersive_weathering) in: 4 ms (multithreaded)
[13Aug2026 09:34:44.834] [main/INFO] [Moonlight/]: Finished runtime resources generation for 2 packs in a total of 32 ms
[13Aug2026 09:34:45.282] [main/INFO] [bettervillage/]: StructureSet modified for minecraft:village : Now using custom village configuration (can be disabled in the better villages config: boolean.villages.enabled_custom_config).
[13Aug2026 09:34:48.244] [main/INFO] [mixin/]: Mixing AccessorAdvancementCommands from enigmaticlegacy.mixins.json into net.minecraft.server.commands.AdvancementCommands
[13Aug2026 09:34:48.245] [main/INFO] [mixin/]: Renaming @Accessor method getAdvancementSuggestions()Lcom/mojang/brigadier/suggestion/SuggestionProvider; to getAdvancementSuggestions_$md$dccb0e$0 in enigmaticlegacy.mixins.json:AccessorAdvancementCommands
[13Aug2026 09:34:48.316] [main/INFO] [net.minecraftforge.coremod.CoreMod.apotheosis/COREMODLOG]: Replaced 2 calls to Enchantment#getMaxLevel() in net/minecraft/server/commands/EnchantCommand
[13Aug2026 09:34:48.613] [main/INFO] [org.admany.quantified.core.forge.commands.QuantifiedCommand/]: Quantified command tree registered for Forge omni bootstrap
[13Aug2026 09:34:48.729] [Worker-Main-1/WARN] [HammerLib/]: Unable to find registry for tag directory tags/atmospheric/tetra_variant
[13Aug2026 09:34:48.728] [Worker-Main-3/WARN] [HammerLib/]: Unable to find registry for tag directory tags/lostcities/predefinedcities
[13Aug2026 09:34:48.729] [Worker-Main-2/WARN] [HammerLib/]: Unable to find registry for tag directory tags/worldgen/trunk_placer_type
[13Aug2026 09:34:48.733] [Worker-Main-1/WARN] [HammerLib/]: Unable to find registry for tag directory tags/lostcities/stuff
[13Aug2026 09:34:48.733] [Worker-Main-1/WARN] [HammerLib/]: Unable to find registry for tag directory tags/lostcities/parts
[13Aug2026 09:34:48.734] [Worker-Main-1/WARN] [HammerLib/]: Unable to find registry for tag directory tags/worldgen/noise_settings
[13Aug2026 09:34:48.736] [Worker-Main-1/WARN] [HammerLib/]: Unable to find registry for tag directory tags/int_provider_type
[13Aug2026 09:34:48.738] [Worker-Main-1/INFO] [HammerLib/]: Built tags for registry minecraft:worldgen/carver
[13Aug2026 09:34:48.739] [Worker-Main-1/WARN] [HammerLib/]: Unable to find registry for tag directory tags/decorated_pot_patterns
[13Aug2026 09:34:48.740] [Worker-Main-1/WARN] [HammerLib/]: Unable to find registry for tag directory tags/loot_condition_type
[13Aug2026 09:34:48.741] [Worker-Main-1/WARN] [HammerLib/]: Unable to find registry for tag directory tags/loot_pool_entry_type
[13Aug2026 09:34:48.743] [Worker-Main-1/INFO] [HammerLib/]: Built tags for registry minecraft:block_entity_type
[13Aug2026 09:34:48.761] [Worker-Main-1/WARN] [HammerLib/]: Unable to find registry for tag directory tags/worldgen/structure
[13Aug2026 09:34:48.768] [Worker-Main-1/INFO] [HammerLib/]: Built tags for registry minecraft:sensor_type
[13Aug2026 09:34:48.769] [Worker-Main-1/INFO] [HammerLib/]: Built tags for registry forge:global_loot_modifier_serializers
[13Aug2026 09:34:48.772] [Worker-Main-1/WARN] [HammerLib/]: Unable to find registry for tag directory tags/lostcities/palettes
[13Aug2026 09:34:48.773] [Worker-Main-1/INFO] [HammerLib/]: Built tags for registry minecraft:enchantment
[13Aug2026 09:34:48.775] [Worker-Main-1/WARN] [HammerLib/]: Unable to find registry for tag directory tags/worldgen/placement_modifier_type
[13Aug2026 09:34:48.774] [Worker-Main-2/INFO] [HammerLib/]: Built tags for registry minecraft:entity_type
[13Aug2026 09:34:48.778] [Worker-Main-1/INFO] [HammerLib/]: Built tags for registry minecraft:chunk_status
[13Aug2026 09:34:48.778] [Worker-Main-1/INFO] [HammerLib/]: Built tags for registry minecraft:villager_profession
[13Aug2026 09:34:48.779] [Worker-Main-1/INFO] [HammerLib/]: Built tags for registry forge:entity_data_serializers
[13Aug2026 09:34:48.779] [Worker-Main-1/WARN] [HammerLib/]: Unable to find registry for tag directory tags/create/potato_projectile/type
[13Aug2026 09:34:48.780] [Worker-Main-1/WARN] [HammerLib/]: Unable to find registry for tag directory tags/worldgen/structure_processor
[13Aug2026 09:34:48.781] [Worker-Main-1/WARN] [HammerLib/]: Unable to find registry for tag directory tags/frog_variant
[13Aug2026 09:34:48.782] [Worker-Main-1/WARN] [HammerLib/]: Unable to find registry for tag directory tags/pos_rule_test
[13Aug2026 09:34:48.782] [Worker-Main-2/WARN] [HammerLib/]: Unable to find registry for tag directory tags/lostcities/citystyles
[13Aug2026 09:34:48.784] [Worker-Main-2/INFO] [HammerLib/]: Built tags for registry minecraft:point_of_interest_type
[13Aug2026 09:34:48.783] [Worker-Main-1/INFO] [HammerLib/]: Built tags for registry minecraft:worldgen/tree_decorator_type
[13Aug2026 09:34:48.785] [Worker-Main-1/WARN] [HammerLib/]: Unable to find registry for tag directory tags/create/arm_interaction_point_type
[13Aug2026 09:34:48.786] [Worker-Main-1/WARN] [HammerLib/]: Unable to find registry for tag directory tags/create/mounted_item_storage_type
[13Aug2026 09:34:48.787] [Worker-Main-1/WARN] [HammerLib/]: Unable to find registry for tag directory tags/rule_test
[13Aug2026 09:34:48.787] [Worker-Main-1/INFO] [HammerLib/]: Built tags for registry minecraft:particle_type
[13Aug2026 09:34:48.786] [Worker-Main-2/WARN] [HammerLib/]: Unable to find registry for tag directory tags/moonlight/map_markers
[13Aug2026 09:34:48.788] [Worker-Main-1/INFO] [HammerLib/]: Built tags for registry minecraft:memory_module_type
[13Aug2026 09:34:48.789] [Worker-Main-2/WARN] [HammerLib/]: Unable to find registry for tag directory tags/custom_stat
[13Aug2026 09:34:48.790] [Worker-Main-2/WARN] [HammerLib/]: Unable to find registry for tag directory tags/worldgen/biome_source
[13Aug2026 09:34:48.791] [Worker-Main-2/WARN] [HammerLib/]: Unable to find registry for tag directory tags/instrument
[13Aug2026 09:34:48.791] [Worker-Main-1/INFO] [HammerLib/]: Built tags for registry minecraft:potion
[13Aug2026 09:34:48.792] [Worker-Main-1/INFO] [HammerLib/]: Built tags for registry minecraft:sound_event
[13Aug2026 09:34:48.793] [Worker-Main-1/WARN] [HammerLib/]: Unable to find registry for tag directory tags/loot_function_type
[13Aug2026 09:34:48.793] [Worker-Main-2/WARN] [HammerLib/]: Unable to find registry for tag directory tags/elysium/block/use_behaviors
[13Aug2026 09:34:48.794] [Worker-Main-2/WARN] [HammerLib/]: Unable to find registry for tag directory tags/lostcities/scattered
[13Aug2026 09:34:48.794] [Worker-Main-1/WARN] [HammerLib/]: Unable to find registry for tag directory tags/elysium/biome_replacer
[13Aug2026 09:34:48.795] [Worker-Main-1/WARN] [HammerLib/]: Unable to find registry for tag directory tags/worldgen/density_function
[13Aug2026 09:34:48.796] [Worker-Main-2/WARN] [HammerLib/]: Unable to find registry for tag directory tags/forge/structure_modifier
[13Aug2026 09:34:48.798] [Worker-Main-2/INFO] [HammerLib/]: Built tags for registry minecraft:activity
[13Aug2026 09:34:48.799] [Worker-Main-2/WARN] [HammerLib/]: Unable to find registry for tag directory tags/worldgen/structure_set
[13Aug2026 09:34:48.801] [Worker-Main-3/INFO] [HammerLib/]: Built tags for registry minecraft:worldgen/biome
[13Aug2026 09:34:48.801] [Worker-Main-2/WARN] [HammerLib/]: Unable to find registry for tag directory tags/moonlight/soft_fluids
[13Aug2026 09:34:48.804] [Worker-Main-2/WARN] [HammerLib/]: Unable to find registry for tag directory tags/lostcities/worldstyles
[13Aug2026 09:34:48.805] [Worker-Main-2/WARN] [HammerLib/]: Unable to find registry for tag directory tags/create/potato_projectile/entity_hit_action
[13Aug2026 09:34:48.807] [Worker-Main-2/WARN] [HammerLib/]: Unable to find registry for tag directory tags/worldgen/template_pool
[13Aug2026 09:34:48.807] [Worker-Main-2/WARN] [HammerLib/]: Unable to find registry for tag directory tags/create/potato_projectile/render_mode
[13Aug2026 09:34:48.808] [Worker-Main-2/WARN] [HammerLib/]: Unable to find registry for tag directory tags/create/mounted_fluid_storage_type
[13Aug2026 09:34:48.813] [Worker-Main-2/WARN] [HammerLib/]: Unable to find registry for tag directory tags/game_events
[13Aug2026 09:34:48.815] [Worker-Main-2/WARN] [HammerLib/]: Unable to find registry for tag directory tags/blueprint/structure_repaletters
[13Aug2026 09:34:48.815] [Worker-Main-2/WARN] [HammerLib/]: Unable to find registry for tag directory tags/villager_type
[13Aug2026 09:34:48.817] [Worker-Main-2/WARN] [HammerLib/]: Unable to find registry for tag directory tags/worldgen/structure_pool_element
[13Aug2026 09:34:48.817] [Worker-Main-3/WARN] [HammerLib/]: Unable to find registry for tag directory tags/create/potato_projectile/block_hit_action
[13Aug2026 09:34:48.817] [Worker-Main-2/WARN] [HammerLib/]: Unable to find registry for tag directory tags/loot_score_provider_type
[13Aug2026 09:34:48.819] [Worker-Main-2/WARN] [HammerLib/]: Unable to find registry for tag directory tags/worldgen/structure_placement
[13Aug2026 09:34:48.820] [Worker-Main-3/WARN] [HammerLib/]: Unable to find registry for tag directory tags/worldgen/density_function_type
[13Aug2026 09:34:48.822] [Worker-Main-3/WARN] [HammerLib/]: Unable to find registry for tag directory tags/chat_type
[13Aug2026 09:34:48.822] [Worker-Main-3/WARN] [HammerLib/]: Unable to find registry for tag directory tags/worldgen/multi_noise_biome_source_parameter_list
[13Aug2026 09:34:48.823] [Worker-Main-2/WARN] [HammerLib/]: Unable to find registry for tag directory tags/worldgen/chunk_generator
[13Aug2026 09:34:48.823] [Worker-Main-3/WARN] [HammerLib/]: Unable to find registry for tag directory tags/lostcities/conditions
[13Aug2026 09:34:48.824] [Worker-Main-2/WARN] [HammerLib/]: Unable to find registry for tag directory tags/worldgen/configured_carver
[13Aug2026 09:34:48.825] [Worker-Main-2/WARN] [HammerLib/]: Unable to find registry for tag directory tags/float_provider_type
[13Aug2026 09:34:48.825] [Worker-Main-2/WARN] [HammerLib/]: Unable to find registry for tag directory tags/position_source_type
[13Aug2026 09:34:48.826] [Worker-Main-2/WARN] [HammerLib/]: Unable to find registry for tag directory tags/dimension_type
[13Aug2026 09:34:48.827] [Worker-Main-3/WARN] [HammerLib/]: Unable to find registry for tag directory tags/loot_nbt_provider_type
[13Aug2026 09:34:48.828] [Worker-Main-2/WARN] [HammerLib/]: Unable to find registry for tag directory tags/create/display_target
[13Aug2026 09:34:48.829] [Worker-Main-3/WARN] [HammerLib/]: Unable to find registry for tag directory tags/worldgen/structure_type
[13Aug2026 09:34:48.829] [Worker-Main-2/WARN] [HammerLib/]: Unable to find registry for tag directory tags/trim_material
[13Aug2026 09:34:48.830] [Worker-Main-3/WARN] [HammerLib/]: Unable to find registry for tag directory tags/create/fan_processing_type
[13Aug2026 09:34:48.830] [Worker-Main-2/WARN] [HammerLib/]: Unable to find registry for tag directory tags/worldgen/configured_feature
[13Aug2026 09:34:48.831] [Worker-Main-2/WARN] [HammerLib/]: Unable to find registry for tag directory tags/create/display_source
[13Aug2026 09:34:48.830] [Worker-Main-3/WARN] [HammerLib/]: Unable to find registry for tag directory tags/worldgen/material_condition
[13Aug2026 09:34:48.832] [Worker-Main-2/WARN] [HammerLib/]: Unable to find registry for tag directory tags/lostcities/styles
[13Aug2026 09:34:48.833] [Worker-Main-3/INFO] [HammerLib/]: Built tags for registry minecraft:mob_effect
[13Aug2026 09:34:48.834] [Worker-Main-2/WARN] [HammerLib/]: Unable to find registry for tag directory tags/lostcities/variants
[13Aug2026 09:34:48.835] [Worker-Main-2/WARN] [HammerLib/]: Unable to find registry for tag directory tags/worldgen/world_preset
[13Aug2026 09:34:48.835] [Worker-Main-3/WARN] [HammerLib/]: Unable to find registry for tag directory tags/banner_pattern
[13Aug2026 09:34:48.835] [Worker-Main-2/INFO] [HammerLib/]: Built tags for registry minecraft:stat_type
[13Aug2026 09:34:48.836] [Worker-Main-2/WARN] [HammerLib/]: Unable to find registry for tag directory tags/worldgen/feature_size_type
[13Aug2026 09:34:48.836] [Worker-Main-2/INFO] [HammerLib/]: Built tags for registry minecraft:worldgen/foliage_placer_type
[13Aug2026 09:34:48.839] [Worker-Main-2/INFO] [HammerLib/]: Built tags for registry minecraft:recipe_serializer
[13Aug2026 09:34:48.839] [Worker-Main-3/INFO] [HammerLib/]: Built tags for registry minecraft:schedule
[13Aug2026 09:34:48.840] [Worker-Main-2/WARN] [HammerLib/]: Unable to find registry for tag directory tags/worldgen/material_rule
[13Aug2026 09:34:48.841] [Worker-Main-2/WARN] [HammerLib/]: Unable to find registry for tag directory tags/forge/biome_modifier
[13Aug2026 09:34:48.842] [Worker-Main-2/WARN] [HammerLib/]: Unable to find registry for tag directory tags/worldgen/noise
[13Aug2026 09:34:48.842] [Worker-Main-2/WARN] [HammerLib/]: Unable to find registry for tag directory tags/lostcities/multibuildings
[13Aug2026 09:34:48.842] [Worker-Main-2/WARN] [HammerLib/]: Unable to find registry for tag directory tags/netherexp/wisp_archeology
[13Aug2026 09:34:48.846] [Worker-Main-2/INFO] [HammerLib/]: Built tags for registry minecraft:command_argument_type
[13Aug2026 09:34:48.847] [Worker-Main-2/WARN] [HammerLib/]: Unable to find registry for tag directory tags/worldgen/flat_level_generator_preset
[13Aug2026 09:34:48.847] [Worker-Main-2/WARN] [HammerLib/]: Unable to find registry for tag directory tags/elysium/block/properties_transformer
[13Aug2026 09:34:48.848] [Worker-Main-2/WARN] [HammerLib/]: Unable to find registry for tag directory tags/lostcities/predefinedspheres
[13Aug2026 09:34:48.849] [Worker-Main-2/WARN] [HammerLib/]: Unable to find registry for tag directory tags/dimension
[13Aug2026 09:34:48.851] [Worker-Main-2/INFO] [HammerLib/]: Built tags for registry minecraft:worldgen/feature
[13Aug2026 09:34:48.864] [Worker-Main-2/WARN] [HammerLib/]: Unable to find registry for tag directory tags/damage_type
[13Aug2026 09:34:48.871] [Worker-Main-2/WARN] [HammerLib/]: Unable to find registry for tag directory tags/lostcities/buildings
[13Aug2026 09:34:48.872] [Worker-Main-2/WARN] [HammerLib/]: Unable to find registry for tag directory tags/height_provider_type
[13Aug2026 09:34:48.875] [Worker-Main-2/WARN] [HammerLib/]: Unable to find registry for tag directory tags/worldgen/root_placer_type
[13Aug2026 09:34:48.875] [Worker-Main-2/WARN] [HammerLib/]: Unable to find registry for tag directory tags/worldgen/structure_piece
[13Aug2026 09:34:48.876] [Worker-Main-2/WARN] [HammerLib/]: Unable to find registry for tag directory tags/block_predicate_type
[13Aug2026 09:34:48.877] [Worker-Main-2/WARN] [HammerLib/]: Unable to find registry for tag directory tags/worldgen/processor_list
[13Aug2026 09:34:48.878] [Worker-Main-2/WARN] [HammerLib/]: Unable to find registry for tag directory tags/loot_number_provider_type
[13Aug2026 09:34:48.880] [Worker-Main-2/WARN] [HammerLib/]: Unable to find registry for tag directory tags/blueprint/modded_biome_slices
[13Aug2026 09:34:48.880] [Worker-Main-2/WARN] [HammerLib/]: Unable to find registry for tag directory tags/creative_mode_tab
[13Aug2026 09:34:48.881] [Worker-Main-2/INFO] [HammerLib/]: Built tags for registry minecraft:menu
[13Aug2026 09:34:48.883] [Worker-Main-2/INFO] [HammerLib/]: Built tags for registry minecraft:worldgen/block_state_provider_type
[13Aug2026 09:34:48.886] [Worker-Main-2/INFO] [HammerLib/]: Built tags for registry minecraft:attribute
[13Aug2026 09:34:48.886] [Worker-Main-2/WARN] [HammerLib/]: Unable to find registry for tag directory tags/create/item_attribute_type
[13Aug2026 09:34:48.886] [Worker-Main-2/INFO] [HammerLib/]: Built tags for registry forge:fluid_type
[13Aug2026 09:34:48.887] [Worker-Main-2/INFO] [HammerLib/]: Built tags for registry minecraft:recipe_type
[13Aug2026 09:34:48.888] [Worker-Main-2/INFO] [HammerLib/]: Built tags for registry minecraft:painting_variant
[13Aug2026 09:34:48.889] [Worker-Main-2/WARN] [HammerLib/]: Unable to find registry for tag directory tags/cat_variant
[13Aug2026 09:34:48.891] [Worker-Main-2/WARN] [HammerLib/]: Unable to find registry for tag directory tags/elysium/block/sound_transformers
[13Aug2026 09:34:48.891] [Worker-Main-2/WARN] [HammerLib/]: Unable to find registry for tag directory tags/worldgen/placed_feature
[13Aug2026 09:34:48.896] [Worker-Main-2/WARN] [HammerLib/]: Unable to find registry for tag directory tags/rule_block_entity_modifier
[13Aug2026 09:34:48.896] [Worker-Main-2/WARN] [HammerLib/]: Unable to find registry for tag directory tags/trim_pattern
[13Aug2026 09:34:48.918] [Worker-Main-2/INFO] [HammerLib/]: Built tags for registry minecraft:fluid
[13Aug2026 09:34:48.924] [Worker-Main-2/WARN] [HammerLib/]: Unable to find registry for tag directory tags/create/contraption_type
[13Aug2026 09:34:49.000] [Worker-Main-1/INFO] [HammerLib/]: Built tags for registry minecraft:block
[13Aug2026 09:34:49.086] [Worker-Main-3/INFO] [HammerLib/]: Built tags for registry minecraft:item
[13Aug2026 09:34:49.714] [Worker-Main-2/INFO] [ImprovableSkills/]: Injecting parchment into LootTable 'dungeons_arise:chests/shiraz_palace/shiraz_palace_elite'!
[13Aug2026 09:34:49.854] [Worker-Main-2/INFO] [ImprovableSkills/]: Injecting parchment into LootTable 'apotheosis:chests/chest_valuable'!
[13Aug2026 09:34:49.858] [Worker-Main-2/INFO] [ImprovableSkills/]: Injecting parchment into LootTable 'survival_instinct:chests/military_loot'!
[13Aug2026 09:34:49.872] [Worker-Main-2/INFO] [ImprovableSkills/]: Injecting parchment into LootTable 'dungeons_arise:chests/abandoned_temple/abandoned_temple_top'!
[13Aug2026 09:34:49.880] [Worker-Main-2/INFO] [ImprovableSkills/]: Injecting parchment into LootTable 'dungeons_arise:chests/illager_galley/illager_galley_supply'!
[13Aug2026 09:34:49.886] [Worker-Main-2/INFO] [ImprovableSkills/]: Injecting parchment into LootTable 'dungeons_arise:chests/plague_asylum/plague_asylum_normal'!
[13Aug2026 09:34:49.891] [Worker-Main-2/INFO] [ImprovableSkills/]: Injecting parchment into LootTable 'farmersdelight:chests/fd_village_butcher'!
[13Aug2026 09:34:49.897] [Worker-Main-2/INFO] [ImprovableSkills/]: Injecting parchment into LootTable 'survival_instinct:chests/survivor_camp_loot'!
[13Aug2026 09:34:49.900] [Worker-Main-2/INFO] [ImprovableSkills/]: Injecting parchment into LootTable 'dungeons_arise:chests/illager_galley/illager_galley_treasure'!
[13Aug2026 09:34:49.943] [Worker-Main-2/INFO] [ImprovableSkills/]: Injecting parchment into LootTable 'dungeons_arise:chests/mechanical_nest/mechanical_nest_treasure'!
[13Aug2026 09:34:49.992] [Worker-Main-2/INFO] [ImprovableSkills/]: Injecting parchment into LootTable 'zombiekit:chests/monster'!
[13Aug2026 09:34:50.065] [Worker-Main-2/INFO] [ImprovableSkills/]: Injecting parchment into LootTable 'farmersdelight:chests/fd_bastion_treasure'!
[13Aug2026 09:34:50.081] [Worker-Main-1/INFO] [Mantle/]: Loaded 21 loot table injectors injecting into 19 tables in 8.416453 ms
[13Aug2026 09:34:50.092] [Worker-Main-2/INFO] [ImprovableSkills/]: Injecting parchment into LootTable 'apotheosis:chests/spawner_brutal'!
[13Aug2026 09:34:50.167] [Worker-Main-2/INFO] [ImprovableSkills/]: Injecting parchment into LootTable 'dungeons_arise:chests/plague_asylum/plague_asylum_potions'!
[13Aug2026 09:34:50.185] [Worker-Main-2/WARN] [org.berezka.berezka_api.resources.BuiltInResourcePack/]: [Berezka API] called getResource with namespace berezka_api but file (fabric.json) doesn't exist. (most of the time you can ignore this
[13Aug2026 09:34:50.186] [Worker-Main-2/INFO] [ImprovableSkills/]: Injecting parchment into LootTable 'berezka_api:chests/fabric'!
[13Aug2026 09:34:50.203] [Worker-Main-2/INFO] [ImprovableSkills/]: Injecting parchment into LootTable 'dungeons_arise:chests/kisegi_sanctuary/kisegi_sanctuary_normal'!
[13Aug2026 09:34:50.275] [Worker-Main-2/INFO] [ImprovableSkills/]: Injecting parchment into LootTable 'minecraft:chests/underwater_ruin_small'!
[13Aug2026 09:34:50.280] [Worker-Main-2/INFO] [ImprovableSkills/]: Injecting parchment into LootTable 'zombiekit:chests/scarasol_kyoko'!
[13Aug2026 09:34:50.300] [Worker-Main-2/WARN] [org.berezka.berezka_api.resources.BuiltInResourcePack/]: [Berezka API] called getResource with namespace berezka_api but file (tower_chest.json) doesn't exist. (most of the time you can ignore this
[13Aug2026 09:34:50.301] [Worker-Main-2/INFO] [ImprovableSkills/]: Injecting parchment into LootTable 'berezka_api:chests/tower_chest'!
[13Aug2026 09:34:50.308] [Worker-Main-2/INFO] [ImprovableSkills/]: Injecting parchment into LootTable 'dungeons_arise:chests/keep_kayra/keep_kayra_garden_normal'!
[13Aug2026 09:34:50.344] [Worker-Main-2/INFO] [ImprovableSkills/]: Injecting parchment into LootTable 'dungeons_arise:chests/foundry/foundry_lava_pit'!
[13Aug2026 09:34:50.347] [Worker-Main-2/INFO] [ImprovableSkills/]: Injecting parchment into LootTable 'dungeons_arise:chests/illager_campsite/illager_campsite_supply'!
[13Aug2026 09:34:50.349] [Worker-Main-2/INFO] [ImprovableSkills/]: Injecting parchment into LootTable 'survival_instinct:chests/facility_loot'!
[13Aug2026 09:34:50.353] [Worker-Main-2/INFO] [ImprovableSkills/]: Injecting parchment into LootTable 'chaoszpack_lc_loot:chests/suburbanammo'!
[13Aug2026 09:34:50.369] [Worker-Main-2/INFO] [ImprovableSkills/]: Injecting parchment into LootTable 'dungeons_arise:chests/shiraz_palace/shiraz_palace_towers'!
[13Aug2026 09:34:50.376] [Worker-Main-2/INFO] [ImprovableSkills/]: Injecting parchment into LootTable 'minecraft:chests/igloo_chest'!
[13Aug2026 09:34:50.379] [Worker-Main-2/INFO] [ImprovableSkills/]: Injecting scroll for skill 'improvableskills:silent_foot' into LootTable 'minecraft:chests/ancient_city'!
[13Aug2026 09:34:50.386] [Worker-Main-2/INFO] [ImprovableSkills/]: Injecting parchment into LootTable 'minecraft:chests/ancient_city'!
[13Aug2026 09:34:50.393] [Worker-Main-2/INFO] [ImprovableSkills/]: Injecting parchment into LootTable 'dungeons_arise:chests/merchant_campsite/merchant_campsite_tent'!
[13Aug2026 09:34:50.400] [Worker-Main-2/INFO] [ImprovableSkills/]: Injecting parchment into LootTable 'dungeons_arise:chests/heavenly_challenger/heavenly_challenger_supply'!
[13Aug2026 09:34:50.409] [Worker-Main-2/INFO] [ImprovableSkills/]: Injecting parchment into LootTable 'chaoszpack_lc_loot:chests/bigbuildings'!
[13Aug2026 09:34:50.412] [Worker-Main-2/INFO] [ImprovableSkills/]: Injecting parchment into LootTable 'dungeons_arise:chests/mines_treasure_small'!
[13Aug2026 09:34:50.434] [Worker-Main-2/INFO] [ImprovableSkills/]: Injecting parchment into LootTable 'dungeons_arise:chests/mushroom_mines/mushroom_mines_treasure'!
[13Aug2026 09:34:50.438] [Worker-Main-2/INFO] [ImprovableSkills/]: Injecting parchment into LootTable 'dungeons_arise:chests/infested_temple/infested_temple_room_table'!
[13Aug2026 09:34:50.464] [Worker-Main-2/INFO] [ImprovableSkills/]: Injecting parchment into LootTable 'netherexp:chests/sanctum_supply'!
[13Aug2026 09:34:50.477] [Worker-Main-2/INFO] [ImprovableSkills/]: Injecting parchment into LootTable 'dungeons_arise:chests/mechanical_nest/mechanical_nest_normal'!
[13Aug2026 09:34:50.492] [Worker-Main-2/INFO] [ImprovableSkills/]: Injecting parchment into LootTable 'dungeons_arise:chests/shiraz_palace/shiraz_palace_treasure'!
[13Aug2026 09:34:50.493] [Worker-Main-2/INFO] [ImprovableSkills/]: Injecting parchment into LootTable 'dungeons_arise:chests/mushroom_house/mushroom_house_barrels'!
[13Aug2026 09:34:50.495] [Worker-Main-2/INFO] [ImprovableSkills/]: Injecting parchment into LootTable 'keerdm_zombie_essentials:chests/abandoned_car_advanced_tacz'!
[13Aug2026 09:34:50.496] [Worker-Main-2/INFO] [ImprovableSkills/]: Injecting parchment into LootTable 'dungeons_arise:chests/foundry/foundry_treasure'!
[13Aug2026 09:34:50.498] [Worker-Main-2/INFO] [ImprovableSkills/]: Injecting parchment into LootTable 'dungeons_arise:chests/jungle_tree_house/jungle_tree_house_treasure'!
[13Aug2026 09:34:50.515] [Worker-Main-2/INFO] [ImprovableSkills/]: Injecting scroll for skill 'improvableskills:health' into LootTable 'minecraft:chests/end_city_treasure'!
[13Aug2026 09:34:50.515] [Worker-Main-2/INFO] [ImprovableSkills/]: Injecting parchment into LootTable 'minecraft:chests/end_city_treasure'!
[13Aug2026 09:34:50.533] [Worker-Main-2/INFO] [ImprovableSkills/]: Injecting parchment into LootTable 'dungeons_arise:chests/infested_temple/infested_temple_top_treasure'!
[13Aug2026 09:34:50.560] [Worker-Main-2/INFO] [ImprovableSkills/]: Injecting parchment into LootTable 'dungeons_arise:chests/thornborn_towers/thornborn_towers_top_treasure'!
[13Aug2026 09:34:50.624] [Worker-Main-2/INFO] [ImprovableSkills/]: Injecting parchment into LootTable 'dungeons_arise:chests/thornborn_towers/thornborn_towers_top_rooms'!
[13Aug2026 09:34:50.638] [Worker-Main-2/INFO] [ImprovableSkills/]: Injecting parchment into LootTable 'apotheosis:chests/tome_tower'!
[13Aug2026 09:34:50.645] [Worker-Main-2/INFO] [ImprovableSkills/]: Injecting parchment into LootTable 'dungeons_arise:chests/greenwood_pub/greenwood_pub_barrels_hallways'!
[13Aug2026 09:34:50.648] [Worker-Main-2/INFO] [ImprovableSkills/]: Injecting parchment into LootTable 'dungeons_arise:chests/illager_corsair/illager_corsair_supply'!
[13Aug2026 09:34:50.671] [Worker-Main-2/INFO] [ImprovableSkills/]: Injecting parchment into LootTable 'lootintegrations:chests/water'!
[13Aug2026 09:34:50.673] [Worker-Main-2/INFO] [ImprovableSkills/]: Injecting parchment into LootTable 'dungeons_arise:chests/bandit_village/bandit_village_tents'!
[13Aug2026 09:34:50.675] [Worker-Main-2/INFO] [ImprovableSkills/]: Injecting parchment into LootTable 'dungeons_arise:chests/merchant_campsite/merchant_campsite_treasure'!
[13Aug2026 09:34:50.677] [Worker-Main-2/INFO] [ImprovableSkills/]: Injecting parchment into LootTable 'dungeons_arise:chests/aviary/aviary_treasure'!
[13Aug2026 09:34:50.705] [Worker-Main-2/INFO] [ImprovableSkills/]: Injecting scroll for skill 'improvableskills:dexterous_arms' into LootTable 'minecraft:chests/abandoned_mineshaft'!
[13Aug2026 09:34:50.705] [Worker-Main-2/INFO] [ImprovableSkills/]: Injecting parchment into LootTable 'minecraft:chests/abandoned_mineshaft'!
[13Aug2026 09:34:50.712] [Worker-Main-2/INFO] [ImprovableSkills/]: Injecting parchment into LootTable 'lootintegrations:chests/empty'!
[13Aug2026 09:34:50.754] [Worker-Main-2/WARN] [org.berezka.berezka_api.resources.BuiltInResourcePack/]: [Berezka API] called getResource with namespace berezka_api but file (simple_chest2.json) doesn't exist. (most of the time you can ignore this
[13Aug2026 09:34:50.755] [Worker-Main-2/INFO] [ImprovableSkills/]: Injecting parchment into LootTable 'berezka_api:chests/simple_chest2'!
[13Aug2026 09:34:50.758] [Worker-Main-2/INFO] [ImprovableSkills/]: Injecting parchment into LootTable 'minecraft:chests/stronghold_corridor'!
[13Aug2026 09:34:50.760] [Worker-Main-2/INFO] [ImprovableSkills/]: Injecting parchment into LootTable 'dungeons_arise:chests/bandit_towers/bandit_towers_supply'!
[13Aug2026 09:34:50.773] [Worker-Main-2/INFO] [ImprovableSkills/]: Injecting parchment into LootTable 'dungeons_arise:chests/merchant_campsite/merchant_campsite_supply'!
[13Aug2026 09:34:50.801] [Worker-Main-2/INFO] [ImprovableSkills/]: Injecting parchment into LootTable 'dungeons_arise:chests/monastery/monastery_bridges'!
[13Aug2026 09:34:50.806] [Worker-Main-2/INFO] [ImprovableSkills/]: Injecting parchment into LootTable 'dungeons_arise:chests/bandit_towers/bandit_towers_rooms'!
[13Aug2026 09:34:50.812] [Worker-Main-2/INFO] [ImprovableSkills/]: Injecting parchment into LootTable 'dungeons_arise:chests/shiraz_palace/shiraz_palace_normal'!
[13Aug2026 09:34:50.814] [Worker-Main-2/INFO] [ImprovableSkills/]: Injecting parchment into LootTable 'dungeons_arise:chests/heavenly_conqueror/heavenly_conqueror_barrels'!
[13Aug2026 09:34:50.822] [Worker-Main-2/INFO] [ImprovableSkills/]: Injecting parchment into LootTable 'minecraft:chests/buried_treasure'!
[13Aug2026 09:34:50.835] [Worker-Main-2/INFO] [ImprovableSkills/]: Injecting parchment into LootTable 'dungeons_arise:chests/bandit_towers/bandit_towers_gardens'!
[13Aug2026 09:34:50.869] [Worker-Main-2/INFO] [ImprovableSkills/]: Injecting parchment into LootTable 'survival_instinct:chests/market_shelf'!
[13Aug2026 09:34:50.871] [Worker-Main-2/INFO] [ImprovableSkills/]: Injecting parchment into LootTable 'minecraft:chests/bastion_bridge'!
[13Aug2026 09:34:50.881] [Worker-Main-2/INFO] [ImprovableSkills/]: Injecting parchment into LootTable 'dungeons_arise:chests/keep_kayra/keep_kayra_treasure'!
[13Aug2026 09:34:50.885] [Worker-Main-2/INFO] [ImprovableSkills/]: Injecting parchment into LootTable 'farmersdelight:chests/fd_end_city_treasure'!
[13Aug2026 09:34:50.888] [Worker-Main-2/INFO] [ImprovableSkills/]: Injecting parchment into LootTable 'dungeons_arise:chests/illager_windmill/illager_windmill_barrels'!
[13Aug2026 09:34:50.890] [Worker-Main-2/INFO] [ImprovableSkills/]: Injecting parchment into LootTable 'dungeons_arise:chests/greenwood_pub/greenwood_pub_normal'!
[13Aug2026 09:34:50.904] [Worker-Main-2/WARN] [org.berezka.berezka_api.resources.BuiltInResourcePack/]: [Berezka API] called getResource with namespace berezka_api but file (empty_chest.json) doesn't exist. (most of the time you can ignore this
[13Aug2026 09:34:50.905] [Worker-Main-2/INFO] [ImprovableSkills/]: Injecting parchment into LootTable 'berezka_api:chests/empty_chest'!
[13Aug2026 09:34:50.923] [Worker-Main-2/INFO] [ImprovableSkills/]: Injecting parchment into LootTable 'dungeons_arise:chests/keep_kayra/keep_kayra_library_normal'!
[13Aug2026 09:34:50.933] [Worker-Main-2/INFO] [ImprovableSkills/]: Injecting parchment into LootTable 'dungeons_arise:chests/giant_mushroom/twin_giant_mushroom'!
[13Aug2026 09:34:50.954] [Worker-Main-2/INFO] [ImprovableSkills/]: Injecting parchment into LootTable 'dungeons_arise_seven_seas:chests/victory_frigate/victory_frigate_normal_upper'!
[13Aug2026 09:34:50.974] [Worker-Main-2/INFO] [ImprovableSkills/]: Injecting parchment into LootTable 'dungeons_arise:chests/mushroom_village/mushroom_village_treasure'!
[13Aug2026 09:34:50.977] [Worker-Main-2/INFO] [ImprovableSkills/]: Injecting parchment into LootTable 'minecraft:chests/woodland_mansion'!
[13Aug2026 09:34:50.983] [Worker-Main-2/INFO] [ImprovableSkills/]: Injecting parchment into LootTable 'dungeons_arise:chests/illager_campsite/illager_campsite_tent'!
[13Aug2026 09:34:50.984] [Worker-Main-2/INFO] [ImprovableSkills/]: Injecting parchment into LootTable 'dungeons_arise:chests/lighthouse/lighthouse_barrels'!
[13Aug2026 09:34:51.012] [Worker-Main-2/INFO] [ImprovableSkills/]: Injecting parchment into LootTable 'lootintegrations:chests/medium'!
[13Aug2026 09:34:51.022] [Worker-Main-2/INFO] [ImprovableSkills/]: Injecting parchment into LootTable 'zombiekit:chests/projectile'!
[13Aug2026 09:34:51.029] [Worker-Main-2/INFO] [ImprovableSkills/]: Injecting parchment into LootTable 'dungeons_arise_seven_seas:chests/pirate_junk/pirate_junk_treasure'!
[13Aug2026 09:34:51.043] [Worker-Main-2/INFO] [ImprovableSkills/]: Injecting parchment into LootTable 'dungeons_arise:chests/keep_kayra/keep_kayra_library_treasure'!
[13Aug2026 09:34:51.048] [Worker-Main-2/INFO] [ImprovableSkills/]: Injecting parchment into LootTable 'lootintegrations:chests/village'!
[13Aug2026 09:34:51.053] [Worker-Main-2/INFO] [ImprovableSkills/]: Injecting parchment into LootTable 'dungeons_arise:chests/desert_hall/desert_hall_treasure'!
[13Aug2026 09:34:51.060] [Worker-Main-2/INFO] [ImprovableSkills/]: Injecting parchment into LootTable 'minecraft:chests/houseloot'!
[13Aug2026 09:34:51.062] [Worker-Main-2/INFO] [ImprovableSkills/]: Injecting parchment into LootTable 'dungeons_arise_seven_seas:chests/unicorn_galleon/unicorn_galleon_treasure'!
[13Aug2026 09:34:51.079] [Worker-Main-2/INFO] [ImprovableSkills/]: Injecting parchment into LootTable 'dungeons_arise:chests/heavenly_conqueror/heavenly_conqueror_treasure'!
[13Aug2026 09:34:51.081] [Worker-Main-2/INFO] [ImprovableSkills/]: Injecting parchment into LootTable 'dungeons_arise:chests/heavenly_challenger/heavenly_challenger_treasure'!
[13Aug2026 09:34:51.083] [Worker-Main-2/INFO] [ImprovableSkills/]: Injecting parchment into LootTable 'dungeons_arise:chests/bathhouse/bathhouse_normal'!
[13Aug2026 09:34:51.090] [Worker-Main-2/INFO] [ImprovableSkills/]: Injecting parchment into LootTable 'dungeons_arise_seven_seas:chests/unicorn_galleon/unicorn_galleon_normal'!
[13Aug2026 09:34:51.114] [Worker-Main-2/INFO] [ImprovableSkills/]: Injecting parchment into LootTable 'keerdm_zombie_essentials:chests/tacz_ammochest'!
[13Aug2026 09:34:51.134] [Worker-Main-2/INFO] [ImprovableSkills/]: Injecting parchment into LootTable 'dungeons_arise_seven_seas:chests/pirate_junk/pirate_junk_barrels'!
[13Aug2026 09:34:51.135] [Worker-Main-2/INFO] [ImprovableSkills/]: Injecting parchment into LootTable 'farmersdelight:chests/fd_village_snowy_house'!
[13Aug2026 09:34:51.166] [Worker-Main-2/INFO] [ImprovableSkills/]: Injecting parchment into LootTable 'dungeons_arise:chests/mushroom_house/mushroom_house_normal'!
[13Aug2026 09:34:51.167] [Worker-Main-2/INFO] [ImprovableSkills/]: Injecting parchment into LootTable 'dungeons_arise:chests/shiraz_palace/shiraz_palace_supply'!
[13Aug2026 09:34:51.169] [Worker-Main-2/INFO] [ImprovableSkills/]: Injecting parchment into LootTable 'chaoszpack_lc_loot:chests/ammo'!
[13Aug2026 09:34:51.179] [Worker-Main-2/INFO] [ImprovableSkills/]: Injecting parchment into LootTable 'dungeons_arise:chests/infested_temple/infested_temple_room_forge'!
[13Aug2026 09:34:51.208] [Worker-Main-2/INFO] [ImprovableSkills/]: Injecting parchment into LootTable 'dungeons_arise:chests/infested_temple/infested_temple_room_normal'!
[13Aug2026 09:34:51.214] [Worker-Main-2/INFO] [ImprovableSkills/]: Injecting parchment into LootTable 'dungeons_arise:chests/monastery/monastery_barrels'!
[13Aug2026 09:34:51.220] [Worker-Main-2/INFO] [ImprovableSkills/]: Injecting parchment into LootTable 'lootintegrations:chests/easy'!
[13Aug2026 09:34:51.225] [Worker-Main-2/INFO] [ImprovableSkills/]: Injecting parchment into LootTable 'dungeons_arise:chests/bathhouse/bathhouse_barrels'!
[13Aug2026 09:34:51.235] [Worker-Main-2/INFO] [ImprovableSkills/]: Injecting parchment into LootTable 'dungeons_arise:chests/mushroom_mines/mushroom_mines_ores'!
[13Aug2026 09:34:51.237] [Worker-Main-2/INFO] [ImprovableSkills/]: Injecting parchment into LootTable 'dungeons_arise_seven_seas:chests/unicorn_galleon/unicorn_galleon_barrels'!
[13Aug2026 09:34:51.274] [Worker-Main-2/INFO] [ImprovableSkills/]: Injecting parchment into LootTable 'dungeons_arise:chests/desert_hall/desert_hall_normal'!
[13Aug2026 09:34:51.296] [Worker-Main-2/INFO] [ImprovableSkills/]: Injecting parchment into LootTable 'dungeons_arise_seven_seas:chests/corsair_corvette/corsair_corvette_treasure'!
[13Aug2026 09:34:51.309] [Worker-Main-2/INFO] [ImprovableSkills/]: Injecting parchment into LootTable 'dungeons_arise_seven_seas:chests/unicorn_galleon/unicorn_galleon_supply'!
[13Aug2026 09:34:51.315] [Worker-Main-2/INFO] [ImprovableSkills/]: Injecting parchment into LootTable 'zombiekit:chests/material'!
[13Aug2026 09:34:51.317] [Worker-Main-2/INFO] [ImprovableSkills/]: Injecting scroll for skill 'improvableskills:silent_foot' into LootTable 'minecraft:chests/ancient_city_ice_box'!
[13Aug2026 09:34:51.317] [Worker-Main-2/INFO] [ImprovableSkills/]: Injecting parchment into LootTable 'minecraft:chests/ancient_city_ice_box'!
[13Aug2026 09:34:51.319] [Worker-Main-2/INFO] [ImprovableSkills/]: Injecting scroll for skill 'improvableskills:generic_protection' into LootTable 'minecraft:chests/simple_dungeon'!
[13Aug2026 09:34:51.319] [Worker-Main-2/INFO] [ImprovableSkills/]: Injecting parchment into LootTable 'minecraft:chests/simple_dungeon'!
[13Aug2026 09:34:51.328] [Worker-Main-2/INFO] [ImprovableSkills/]: Injecting parchment into LootTable 'dungeons_arise:chests/illager_fort/illager_fort_normal'!
[13Aug2026 09:34:51.330] [Worker-Main-2/INFO] [ImprovableSkills/]: Injecting parchment into LootTable 'dungeons_arise:chests/monastery/monastery_map'!
[13Aug2026 09:34:51.353] [Worker-Main-2/INFO] [ImprovableSkills/]: Injecting parchment into LootTable 'farmersdelight:chests/fd_simple_dungeon'!
[13Aug2026 09:34:51.355] [Worker-Main-2/INFO] [ImprovableSkills/]: Injecting parchment into LootTable 'dungeons_arise:chests/keep_kayra/keep_kayra_normal'!
[13Aug2026 09:34:51.356] [Worker-Main-2/INFO] [ImprovableSkills/]: Injecting parchment into LootTable 'minecraft:chests/shipwreck_supply'!
[13Aug2026 09:34:51.359] [Worker-Main-2/INFO] [ImprovableSkills/]: Injecting scroll for skill 'improvableskills:alchemist' into LootTable 'minecraft:entities/witch'!
[13Aug2026 09:34:51.385] [Worker-Main-2/INFO] [ImprovableSkills/]: Injecting parchment into LootTable 'dungeons_arise:chests/foundry/foundry_passage_exterior'!
[13Aug2026 09:34:51.387] [Worker-Main-2/INFO] [ImprovableSkills/]: Injecting parchment into LootTable 'dungeons_arise:chests/heavenly_challenger/heavenly_challenger_normal'!
[13Aug2026 09:34:51.390] [Worker-Main-2/INFO] [ImprovableSkills/]: Injecting parchment into LootTable 'dungeons_arise:chests/scorched_mines/scorched_mines_barrels'!
[13Aug2026 09:34:51.396] [Worker-Main-2/INFO] [ImprovableSkills/]: Injecting parchment into LootTable 'dungeons_arise:chests/infested_temple/infested_temple_room_bookshelf'!
[13Aug2026 09:34:51.404] [Worker-Main-2/INFO] [ImprovableSkills/]: Injecting parchment into LootTable 'minecraft:chests/shipwreck_treasure'!
[13Aug2026 09:34:51.411] [Worker-Main-2/INFO] [ImprovableSkills/]: Injecting parchment into LootTable 'dungeons_arise:chests/mining_complex/mining_complex_barrel'!
[13Aug2026 09:34:51.413] [Worker-Main-2/INFO] [ImprovableSkills/]: Injecting parchment into LootTable 'dungeons_arise:chests/keep_kayra/keep_kayra_garden_treasure'!
[13Aug2026 09:34:51.431] [Worker-Main-2/INFO] [ImprovableSkills/]: Injecting parchment into LootTable 'dungeons_arise:chests/plague_asylum/plague_asylum_storage'!
[13Aug2026 09:34:51.435] [Worker-Main-2/INFO] [ImprovableSkills/]: Injecting parchment into LootTable 'dungeons_arise:chests/small_blimp/small_blimp_redstone_chamber'!
[13Aug2026 09:34:51.437] [Worker-Main-2/INFO] [ImprovableSkills/]: Injecting parchment into LootTable 'dungeons_arise:chests/kisegi_sanctuary/kisegi_sanctuary_basement'!
[13Aug2026 09:34:51.439] [Worker-Main-2/INFO] [ImprovableSkills/]: Injecting parchment into LootTable 'dungeons_arise_seven_seas:chests/small_yacht/small_yacht_barrels'!
[13Aug2026 09:34:51.445] [Worker-Main-2/INFO] [ImprovableSkills/]: Injecting parchment into LootTable 'dungeons_arise:chests/mushroom_village/mushroom_village_barrels'!
[13Aug2026 09:34:51.447] [Worker-Main-2/INFO] [ImprovableSkills/]: Injecting parchment into LootTable 'chaoszpack_lc_loot:chests/suburban'!
[13Aug2026 09:34:51.448] [Worker-Main-2/INFO] [ImprovableSkills/]: Injecting parchment into LootTable 'minecraft:chests/spawn_bonus_chest'!
[13Aug2026 09:34:51.466] [Worker-Main-2/INFO] [ImprovableSkills/]: Injecting parchment into LootTable 'dungeons_arise:chests/small_prairie_house/small_prairie_house_barrels'!
[13Aug2026 09:34:51.478] [Worker-Main-2/INFO] [ImprovableSkills/]: Injecting scroll for skill 'improvableskills:soul_speed' into LootTable 'minecraft:gameplay/piglin_bartering'!
[13Aug2026 09:34:51.480] [Worker-Main-2/INFO] [ImprovableSkills/]: Injecting parchment into LootTable 'dungeons_arise_seven_seas:chests/pirate_junk/pirate_junk_normal'!
[13Aug2026 09:34:51.488] [Worker-Main-2/ERROR] [net.minecraftforge.common.ForgeHooks/]: Couldn't parse element loot_tables:keerdm_zombie_essentials:chests/abandoned_car_advanced_vics
com.google.gson.JsonSyntaxException: Expected name to be an item, was unknown string 'pointblank:m4a1'
	at net.minecraft.util.GsonHelper.m_13866_(GsonHelper.java:145) ~[server-1.20.1-20230612.114412-srg.jar%23291!/:?]
	at java.util.Optional.orElseThrow(Optional.java:403) ~[?:?]
	at net.minecraft.util.GsonHelper.m_13874_(GsonHelper.java:145) ~[server-1.20.1-20230612.114412-srg.jar%23291!/:?]
	at net.minecraft.util.GsonHelper.m_13909_(GsonHelper.java:153) ~[server-1.20.1-20230612.114412-srg.jar%23291!/:?]
	at net.minecraft.world.level.storage.loot.entries.LootItem$Serializer.m_7267_(LootItem.java:55) ~[server-1.20.1-20230612.114412-srg.jar%23291!/:?]
	at net.minecraft.world.level.storage.loot.entries.LootItem$Serializer.m_7267_(LootItem.java:40) ~[server-1.20.1-20230612.114412-srg.jar%23291!/:?]
	at net.minecraft.world.level.storage.loot.entries.LootPoolSingletonContainer$Serializer.m_5921_(LootPoolSingletonContainer.java:151) ~[server-1.20.1-20230612.114412-srg.jar%23291!/:?]
	at net.minecraft.world.level.storage.loot.entries.LootPoolSingletonContainer$Serializer.m_5921_(LootPoolSingletonContainer.java:129) ~[server-1.20.1-20230612.114412-srg.jar%23291!/:?]
	at net.minecraft.world.level.storage.loot.entries.LootPoolEntryContainer$Serializer.m_7561_(LootPoolEntryContainer.java:86) ~[server-1.20.1-20230612.114412-srg.jar%23291!/:?]
	at net.minecraft.world.level.storage.loot.entries.LootPoolEntryContainer$Serializer.m_7561_(LootPoolEntryContainer.java:74) ~[server-1.20.1-20230612.114412-srg.jar%23291!/:?]
	at net.minecraft.world.level.storage.loot.GsonAdapterFactory$JsonAdapter.deserialize(GsonAdapterFactory.java:102) ~[server-1.20.1-20230612.114412-srg.jar%23291!/:?]
	at com.google.gson.internal.bind.TreeTypeAdapter.read(TreeTypeAdapter.java:76) ~[gson-2.10.jar%2372!/:?]
	at com.google.gson.internal.bind.TypeAdapterRuntimeTypeWrapper.read(TypeAdapterRuntimeTypeWrapper.java:40) ~[gson-2.10.jar%2372!/:?]
	at com.google.gson.internal.bind.ArrayTypeAdapter.read(ArrayTypeAdapter.java:72) ~[gson-2.10.jar%2372!/:?]
	at com.google.gson.Gson.fromJson(Gson.java:1214) ~[gson-2.10.jar%2372!/:?]
	at com.google.gson.Gson.fromJson(Gson.java:1319) ~[gson-2.10.jar%2372!/:?]
	at com.google.gson.Gson.fromJson(Gson.java:1290) ~[gson-2.10.jar%2372!/:?]
	at com.google.gson.internal.bind.TreeTypeAdapter$GsonContextImpl.deserialize(TreeTypeAdapter.java:179) ~[gson-2.10.jar%2372!/:?]
	at net.minecraft.util.GsonHelper.m_13808_(GsonHelper.java:463) ~[server-1.20.1-20230612.114412-srg.jar%23291!/:?]
	at net.minecraft.util.GsonHelper.m_13836_(GsonHelper.java:471) ~[server-1.20.1-20230612.114412-srg.jar%23291!/:?]
	at net.minecraft.world.level.storage.loot.LootPool$Serializer.deserialize(LootPool.java:192) ~[server-1.20.1-20230612.114412-srg.jar%23291!/:?]
	at net.minecraft.world.level.storage.loot.LootPool$Serializer.deserialize(LootPool.java:189) ~[server-1.20.1-20230612.114412-srg.jar%23291!/:?]
	at com.google.gson.internal.bind.TreeTypeAdapter.read(TreeTypeAdapter.java:76) ~[gson-2.10.jar%2372!/:?]
	at com.google.gson.internal.bind.TypeAdapterRuntimeTypeWrapper.read(TypeAdapterRuntimeTypeWrapper.java:40) ~[gson-2.10.jar%2372!/:?]
	at com.google.gson.internal.bind.ArrayTypeAdapter.read(ArrayTypeAdapter.java:72) ~[gson-2.10.jar%2372!/:?]
	at com.google.gson.Gson.fromJson(Gson.java:1214) ~[gson-2.10.jar%2372!/:?]
	at com.google.gson.Gson.fromJson(Gson.java:1319) ~[gson-2.10.jar%2372!/:?]
	at com.google.gson.Gson.fromJson(Gson.java:1290) ~[gson-2.10.jar%2372!/:?]
	at com.google.gson.internal.bind.TreeTypeAdapter$GsonContextImpl.deserialize(TreeTypeAdapter.java:179) ~[gson-2.10.jar%2372!/:?]
	at net.minecraft.util.GsonHelper.m_13808_(GsonHelper.java:463) ~[server-1.20.1-20230612.114412-srg.jar%23291!/:?]
	at net.minecraft.util.GsonHelper.m_13845_(GsonHelper.java:481) ~[server-1.20.1-20230612.114412-srg.jar%23291!/:?]
	at net.minecraft.world.level.storage.loot.LootTable$Serializer.deserialize(LootTable.java:294) ~[server-1.20.1-20230612.114412-srg.jar%23291!/:?]
	at net.minecraft.world.level.storage.loot.LootTable$Serializer.deserialize(LootTable.java:291) ~[server-1.20.1-20230612.114412-srg.jar%23291!/:?]
	at com.google.gson.internal.bind.TreeTypeAdapter.read(TreeTypeAdapter.java:76) ~[gson-2.10.jar%2372!/:?]
	at com.google.gson.Gson.fromJson(Gson.java:1214) ~[gson-2.10.jar%2372!/:?]
	at com.google.gson.Gson.fromJson(Gson.java:1319) ~[gson-2.10.jar%2372!/:?]
	at com.google.gson.Gson.fromJson(Gson.java:1261) ~[gson-2.10.jar%2372!/:?]
	at net.minecraftforge.common.ForgeHooks.loadLootTable(ForgeHooks.java:872) ~[forge-1.20.1-47.4.20-universal.jar%23296!/:?]
	at net.minecraftforge.common.ForgeHooks.lambda$getLootTableDeserializer$3(ForgeHooks.java:849) ~[forge-1.20.1-47.4.20-universal.jar%23296!/:?]
	at net.minecraft.world.level.storage.loot.LootDataType.deserialize(LootDataType.java:45) ~[server-1.20.1-20230612.114412-srg.jar%23291!/:?]
	at net.minecraft.world.level.storage.loot.LootDataManager.lambda$scheduleElementParse$4(LootDataManager.java:56) ~[server-1.20.1-20230612.114412-srg.jar%23291!/:?]
	at java.util.HashMap.forEach(HashMap.java:1430) ~[?:?]
	at net.minecraft.world.level.storage.loot.LootDataManager.m_278660_(LootDataManager.java:55) ~[server-1.20.1-20230612.114412-srg.jar%23291!/:?]
	at java.util.concurrent.CompletableFuture$AsyncRun.run(CompletableFuture.java:1825) ~[?:?]
	at java.util.concurrent.CompletableFuture$AsyncRun.exec(CompletableFuture.java:1817) ~[?:?]
	at java.util.concurrent.ForkJoinTask.doExec(ForkJoinTask.java:511) ~[?:?]
	at java.util.concurrent.ForkJoinPool$WorkQueue.topLevelExec(ForkJoinPool.java:1450) ~[?:?]
	at java.util.concurrent.ForkJoinPool.runWorker(ForkJoinPool.java:2019) ~[?:?]
	at java.util.concurrent.ForkJoinWorkerThread.run(ForkJoinWorkerThread.java:187) ~[?:?]
[13Aug2026 09:34:51.496] [Worker-Main-2/INFO] [ImprovableSkills/]: Injecting parchment into LootTable 'dungeons_arise:chests/small_blimp/small_blimp_treasure'!
[13Aug2026 09:34:51.498] [Worker-Main-2/INFO] [ImprovableSkills/]: Injecting parchment into LootTable 'zombiekit:chests/lighting'!
[13Aug2026 09:34:51.507] [Worker-Main-2/INFO] [ImprovableSkills/]: Injecting parchment into LootTable 'dungeons_arise:chests/ceryneian_hind/ceryneian_hind_treasure'!
[13Aug2026 09:34:51.508] [Worker-Main-2/INFO] [ImprovableSkills/]: Injecting parchment into LootTable 'farmersdelight:chests/fd_ruined_portal'!
[13Aug2026 09:34:51.517] [Worker-Main-2/INFO] [ImprovableSkills/]: Injecting parchment into LootTable 'zombiekit:chests/blueprint'!
[13Aug2026 09:34:51.519] [Worker-Main-2/INFO] [ImprovableSkills/]: Injecting parchment into LootTable 'dungeons_arise:chests/abandoned_temple/abandoned_temple_map'!
[13Aug2026 09:34:51.530] [Worker-Main-2/INFO] [ImprovableSkills/]: Injecting parchment into LootTable 'zombiekit:chests/building'!
[13Aug2026 09:34:51.540] [Worker-Main-2/INFO] [ImprovableSkills/]: Injecting parchment into LootTable 'farmersdelight:chests/fd_shipwreck_supply'!
[13Aug2026 09:34:51.541] [Worker-Main-2/INFO] [ImprovableSkills/]: Injecting parchment into LootTable 'farmersdelight:chests/fd_village_taiga_house'!
[13Aug2026 09:34:51.546] [Worker-Main-2/INFO] [ImprovableSkills/]: Injecting parchment into LootTable 'dungeons_arise:chests/foundry/foundry_passage_normal'!
[13Aug2026 09:34:51.549] [Worker-Main-2/INFO] [ImprovableSkills/]: Injecting parchment into LootTable 'dungeons_arise:chests/scorched_mines/scorched_mines_treasure'!
[13Aug2026 09:34:51.555] [Worker-Main-2/INFO] [ImprovableSkills/]: Injecting parchment into LootTable 'dungeons_arise:chests/undead_pirate_ship/undead_pirate_ship_treasure'!
[13Aug2026 09:34:51.556] [Worker-Main-2/INFO] [ImprovableSkills/]: Injecting parchment into LootTable 'dungeons_arise:chests/mushroom_mines/mushroom_mines_barrels'!
[13Aug2026 09:34:51.559] [Worker-Main-2/INFO] [ImprovableSkills/]: Injecting parchment into LootTable 'zombiekit:chests/treasure_without_bonus'!
[13Aug2026 09:34:51.566] [Worker-Main-2/INFO] [ImprovableSkills/]: Injecting parchment into LootTable 'dungeons_arise:chests/mushroom_house/mushroom_house_treasure'!
[13Aug2026 09:34:51.571] [Worker-Main-2/INFO] [ImprovableSkills/]: Injecting parchment into LootTable 'dungeons_arise:chests/illager_fort/illager_fort_barrels'!
[13Aug2026 09:34:51.571] [Worker-Main-2/INFO] [ImprovableSkills/]: Injecting parchment into LootTable 'dungeons_arise_seven_seas:chests/victory_frigate/victory_frigate_normal_lower'!
[13Aug2026 09:34:51.572] [Worker-Main-2/ERROR] [net.minecraftforge.common.ForgeHooks/]: Couldn't parse element loot_tables:keerdm_zombie_essentials:chests/abandoned_car_basic_vics
com.google.gson.JsonSyntaxException: Expected name to be an item, was unknown string 'pointblank:mp7'
	at net.minecraft.util.GsonHelper.m_13866_(GsonHelper.java:145) ~[server-1.20.1-20230612.114412-srg.jar%23291!/:?]
	at java.util.Optional.orElseThrow(Optional.java:403) ~[?:?]
	at net.minecraft.util.GsonHelper.m_13874_(GsonHelper.java:145) ~[server-1.20.1-20230612.114412-srg.jar%23291!/:?]
	at net.minecraft.util.GsonHelper.m_13909_(GsonHelper.java:153) ~[server-1.20.1-20230612.114412-srg.jar%23291!/:?]
	at net.minecraft.world.level.storage.loot.entries.LootItem$Serializer.m_7267_(LootItem.java:55) ~[server-1.20.1-20230612.114412-srg.jar%23291!/:?]
	at net.minecraft.world.level.storage.loot.entries.LootItem$Serializer.m_7267_(LootItem.java:40) ~[server-1.20.1-20230612.114412-srg.jar%23291!/:?]
	at net.minecraft.world.level.storage.loot.entries.LootPoolSingletonContainer$Serializer.m_5921_(LootPoolSingletonContainer.java:151) ~[server-1.20.1-20230612.114412-srg.jar%23291!/:?]
	at net.minecraft.world.level.storage.loot.entries.LootPoolSingletonContainer$Serializer.m_5921_(LootPoolSingletonContainer.java:129) ~[server-1.20.1-20230612.114412-srg.jar%23291!/:?]
	at net.minecraft.world.level.storage.loot.entries.LootPoolEntryContainer$Serializer.m_7561_(LootPoolEntryContainer.java:86) ~[server-1.20.1-20230612.114412-srg.jar%23291!/:?]
	at net.minecraft.world.level.storage.loot.entries.LootPoolEntryContainer$Serializer.m_7561_(LootPoolEntryContainer.java:74) ~[server-1.20.1-20230612.114412-srg.jar%23291!/:?]
	at net.minecraft.world.level.storage.loot.GsonAdapterFactory$JsonAdapter.deserialize(GsonAdapterFactory.java:102) ~[server-1.20.1-20230612.114412-srg.jar%23291!/:?]
	at com.google.gson.internal.bind.TreeTypeAdapter.read(TreeTypeAdapter.java:76) ~[gson-2.10.jar%2372!/:?]
	at com.google.gson.internal.bind.TypeAdapterRuntimeTypeWrapper.read(TypeAdapterRuntimeTypeWrapper.java:40) ~[gson-2.10.jar%2372!/:?]
	at com.google.gson.internal.bind.ArrayTypeAdapter.read(ArrayTypeAdapter.java:72) ~[gson-2.10.jar%2372!/:?]
	at com.google.gson.Gson.fromJson(Gson.java:1214) ~[gson-2.10.jar%2372!/:?]
	at com.google.gson.Gson.fromJson(Gson.java:1319) ~[gson-2.10.jar%2372!/:?]
	at com.google.gson.Gson.fromJson(Gson.java:1290) ~[gson-2.10.jar%2372!/:?]
	at com.google.gson.internal.bind.TreeTypeAdapter$GsonContextImpl.deserialize(TreeTypeAdapter.java:179) ~[gson-2.10.jar%2372!/:?]
	at net.minecraft.util.GsonHelper.m_13808_(GsonHelper.java:463) ~[server-1.20.1-20230612.114412-srg.jar%23291!/:?]
	at net.minecraft.util.GsonHelper.m_13836_(GsonHelper.java:471) ~[server-1.20.1-20230612.114412-srg.jar%23291!/:?]
	at net.minecraft.world.level.storage.loot.LootPool$Serializer.deserialize(LootPool.java:192) ~[server-1.20.1-20230612.114412-srg.jar%23291!/:?]
	at net.minecraft.world.level.storage.loot.LootPool$Serializer.deserialize(LootPool.java:189) ~[server-1.20.1-20230612.114412-srg.jar%23291!/:?]
	at com.google.gson.internal.bind.TreeTypeAdapter.read(TreeTypeAdapter.java:76) ~[gson-2.10.jar%2372!/:?]
	at com.google.gson.internal.bind.TypeAdapterRuntimeTypeWrapper.read(TypeAdapterRuntimeTypeWrapper.java:40) ~[gson-2.10.jar%2372!/:?]
	at com.google.gson.internal.bind.ArrayTypeAdapter.read(ArrayTypeAdapter.java:72) ~[gson-2.10.jar%2372!/:?]
	at com.google.gson.Gson.fromJson(Gson.java:1214) ~[gson-2.10.jar%2372!/:?]
	at com.google.gson.Gson.fromJson(Gson.java:1319) ~[gson-2.10.jar%2372!/:?]
	at com.google.gson.Gson.fromJson(Gson.java:1290) ~[gson-2.10.jar%2372!/:?]
	at com.google.gson.internal.bind.TreeTypeAdapter$GsonContextImpl.deserialize(TreeTypeAdapter.java:179) ~[gson-2.10.jar%2372!/:?]
	at net.minecraft.util.GsonHelper.m_13808_(GsonHelper.java:463) ~[server-1.20.1-20230612.114412-srg.jar%23291!/:?]
	at net.minecraft.util.GsonHelper.m_13845_(GsonHelper.java:481) ~[server-1.20.1-20230612.114412-srg.jar%23291!/:?]
	at net.minecraft.world.level.storage.loot.LootTable$Serializer.deserialize(LootTable.java:294) ~[server-1.20.1-20230612.114412-srg.jar%23291!/:?]
	at net.minecraft.world.level.storage.loot.LootTable$Serializer.deserialize(LootTable.java:291) ~[server-1.20.1-20230612.114412-srg.jar%23291!/:?]
	at com.google.gson.internal.bind.TreeTypeAdapter.read(TreeTypeAdapter.java:76) ~[gson-2.10.jar%2372!/:?]
	at com.google.gson.Gson.fromJson(Gson.java:1214) ~[gson-2.10.jar%2372!/:?]
	at com.google.gson.Gson.fromJson(Gson.java:1319) ~[gson-2.10.jar%2372!/:?]
	at com.google.gson.Gson.fromJson(Gson.java:1261) ~[gson-2.10.jar%2372!/:?]
	at net.minecraftforge.common.ForgeHooks.loadLootTable(ForgeHooks.java:872) ~[forge-1.20.1-47.4.20-universal.jar%23296!/:?]
	at net.minecraftforge.common.ForgeHooks.lambda$getLootTableDeserializer$3(ForgeHooks.java:849) ~[forge-1.20.1-47.4.20-universal.jar%23296!/:?]
	at net.minecraft.world.level.storage.loot.LootDataType.deserialize(LootDataType.java:45) ~[server-1.20.1-20230612.114412-srg.jar%23291!/:?]
	at net.minecraft.world.level.storage.loot.LootDataManager.lambda$scheduleElementParse$4(LootDataManager.java:56) ~[server-1.20.1-20230612.114412-srg.jar%23291!/:?]
	at java.util.HashMap.forEach(HashMap.java:1430) ~[?:?]
	at net.minecraft.world.level.storage.loot.LootDataManager.m_278660_(LootDataManager.java:55) ~[server-1.20.1-20230612.114412-srg.jar%23291!/:?]
	at java.util.concurrent.CompletableFuture$AsyncRun.run(CompletableFuture.java:1825) ~[?:?]
	at java.util.concurrent.CompletableFuture$AsyncRun.exec(CompletableFuture.java:1817) ~[?:?]
	at java.util.concurrent.ForkJoinTask.doExec(ForkJoinTask.java:511) ~[?:?]
	at java.util.concurrent.ForkJoinPool$WorkQueue.topLevelExec(ForkJoinPool.java:1450) ~[?:?]
	at java.util.concurrent.ForkJoinPool.runWorker(ForkJoinPool.java:2019) ~[?:?]
	at java.util.concurrent.ForkJoinWorkerThread.run(ForkJoinWorkerThread.java:187) ~[?:?]
[13Aug2026 09:34:51.581] [Worker-Main-2/INFO] [ImprovableSkills/]: Injecting parchment into LootTable 'zombiekit:chests/food'!
[13Aug2026 09:34:51.607] [Worker-Main-2/INFO] [ImprovableSkills/]: Injecting parchment into LootTable 'dungeons_arise:chests/greenwood_pub/greenwood_pub_barrels_normal'!
[13Aug2026 09:34:51.608] [Worker-Main-2/ERROR] [net.minecraftforge.common.ForgeHooks/]: Couldn't parse element loot_tables:keerdm_zombie_essentials:chests/vics_point_blank_ammochest
com.google.gson.JsonSyntaxException: Expected name to be an item, was unknown string 'pointblank:ammo9mm'
	at net.minecraft.util.GsonHelper.m_13866_(GsonHelper.java:145) ~[server-1.20.1-20230612.114412-srg.jar%23291!/:?]
	at java.util.Optional.orElseThrow(Optional.java:403) ~[?:?]
	at net.minecraft.util.GsonHelper.m_13874_(GsonHelper.java:145) ~[server-1.20.1-20230612.114412-srg.jar%23291!/:?]
	at net.minecraft.util.GsonHelper.m_13909_(GsonHelper.java:153) ~[server-1.20.1-20230612.114412-srg.jar%23291!/:?]
	at net.minecraft.world.level.storage.loot.entries.LootItem$Serializer.m_7267_(LootItem.java:55) ~[server-1.20.1-20230612.114412-srg.jar%23291!/:?]
	at net.minecraft.world.level.storage.loot.entries.LootItem$Serializer.m_7267_(LootItem.java:40) ~[server-1.20.1-20230612.114412-srg.jar%23291!/:?]
	at net.minecraft.world.level.storage.loot.entries.LootPoolSingletonContainer$Serializer.m_5921_(LootPoolSingletonContainer.java:151) ~[server-1.20.1-20230612.114412-srg.jar%23291!/:?]
	at net.minecraft.world.level.storage.loot.entries.LootPoolSingletonContainer$Serializer.m_5921_(LootPoolSingletonContainer.java:129) ~[server-1.20.1-20230612.114412-srg.jar%23291!/:?]
	at net.minecraft.world.level.storage.loot.entries.LootPoolEntryContainer$Serializer.m_7561_(LootPoolEntryContainer.java:86) ~[server-1.20.1-20230612.114412-srg.jar%23291!/:?]
	at net.minecraft.world.level.storage.loot.entries.LootPoolEntryContainer$Serializer.m_7561_(LootPoolEntryContainer.java:74) ~[server-1.20.1-20230612.114412-srg.jar%23291!/:?]
	at net.minecraft.world.level.storage.loot.GsonAdapterFactory$JsonAdapter.deserialize(GsonAdapterFactory.java:102) ~[server-1.20.1-20230612.114412-srg.jar%23291!/:?]
	at com.google.gson.internal.bind.TreeTypeAdapter.read(TreeTypeAdapter.java:76) ~[gson-2.10.jar%2372!/:?]
	at com.google.gson.internal.bind.TypeAdapterRuntimeTypeWrapper.read(TypeAdapterRuntimeTypeWrapper.java:40) ~[gson-2.10.jar%2372!/:?]
	at com.google.gson.internal.bind.ArrayTypeAdapter.read(ArrayTypeAdapter.java:72) ~[gson-2.10.jar%2372!/:?]
	at com.google.gson.Gson.fromJson(Gson.java:1214) ~[gson-2.10.jar%2372!/:?]
	at com.google.gson.Gson.fromJson(Gson.java:1319) ~[gson-2.10.jar%2372!/:?]
	at com.google.gson.Gson.fromJson(Gson.java:1290) ~[gson-2.10.jar%2372!/:?]
	at com.google.gson.internal.bind.TreeTypeAdapter$GsonContextImpl.deserialize(TreeTypeAdapter.java:179) ~[gson-2.10.jar%2372!/:?]
	at net.minecraft.util.GsonHelper.m_13808_(GsonHelper.java:463) ~[server-1.20.1-20230612.114412-srg.jar%23291!/:?]
	at net.minecraft.util.GsonHelper.m_13836_(GsonHelper.java:471) ~[server-1.20.1-20230612.114412-srg.jar%23291!/:?]
	at net.minecraft.world.level.storage.loot.LootPool$Serializer.deserialize(LootPool.java:192) ~[server-1.20.1-20230612.114412-srg.jar%23291!/:?]
	at net.minecraft.world.level.storage.loot.LootPool$Serializer.deserialize(LootPool.java:189) ~[server-1.20.1-20230612.114412-srg.jar%23291!/:?]
	at com.google.gson.internal.bind.TreeTypeAdapter.read(TreeTypeAdapter.java:76) ~[gson-2.10.jar%2372!/:?]
	at com.google.gson.internal.bind.TypeAdapterRuntimeTypeWrapper.read(TypeAdapterRuntimeTypeWrapper.java:40) ~[gson-2.10.jar%2372!/:?]
	at com.google.gson.internal.bind.ArrayTypeAdapter.read(ArrayTypeAdapter.java:72) ~[gson-2.10.jar%2372!/:?]
	at com.google.gson.Gson.fromJson(Gson.java:1214) ~[gson-2.10.jar%2372!/:?]
	at com.google.gson.Gson.fromJson(Gson.java:1319) ~[gson-2.10.jar%2372!/:?]
	at com.google.gson.Gson.fromJson(Gson.java:1290) ~[gson-2.10.jar%2372!/:?]
	at com.google.gson.internal.bind.TreeTypeAdapter$GsonContextImpl.deserialize(TreeTypeAdapter.java:179) ~[gson-2.10.jar%2372!/:?]
	at net.minecraft.util.GsonHelper.m_13808_(GsonHelper.java:463) ~[server-1.20.1-20230612.114412-srg.jar%23291!/:?]
	at net.minecraft.util.GsonHelper.m_13845_(GsonHelper.java:481) ~[server-1.20.1-20230612.114412-srg.jar%23291!/:?]
	at net.minecraft.world.level.storage.loot.LootTable$Serializer.deserialize(LootTable.java:294) ~[server-1.20.1-20230612.114412-srg.jar%23291!/:?]
	at net.minecraft.world.level.storage.loot.LootTable$Serializer.deserialize(LootTable.java:291) ~[server-1.20.1-20230612.114412-srg.jar%23291!/:?]
	at com.google.gson.internal.bind.TreeTypeAdapter.read(TreeTypeAdapter.java:76) ~[gson-2.10.jar%2372!/:?]
	at com.google.gson.Gson.fromJson(Gson.java:1214) ~[gson-2.10.jar%2372!/:?]
	at com.google.gson.Gson.fromJson(Gson.java:1319) ~[gson-2.10.jar%2372!/:?]
	at com.google.gson.Gson.fromJson(Gson.java:1261) ~[gson-2.10.jar%2372!/:?]
	at net.minecraftforge.common.ForgeHooks.loadLootTable(ForgeHooks.java:872) ~[forge-1.20.1-47.4.20-universal.jar%23296!/:?]
	at net.minecraftforge.common.ForgeHooks.lambda$getLootTableDeserializer$3(ForgeHooks.java:849) ~[forge-1.20.1-47.4.20-universal.jar%23296!/:?]
	at net.minecraft.world.level.storage.loot.LootDataType.deserialize(LootDataType.java:45) ~[server-1.20.1-20230612.114412-srg.jar%23291!/:?]
	at net.minecraft.world.level.storage.loot.LootDataManager.lambda$scheduleElementParse$4(LootDataManager.java:56) ~[server-1.20.1-20230612.114412-srg.jar%23291!/:?]
	at java.util.HashMap.forEach(HashMap.java:1430) ~[?:?]
	at net.minecraft.world.level.storage.loot.LootDataManager.m_278660_(LootDataManager.java:55) ~[server-1.20.1-20230612.114412-srg.jar%23291!/:?]
	at java.util.concurrent.CompletableFuture$AsyncRun.run(CompletableFuture.java:1825) ~[?:?]
	at java.util.concurrent.CompletableFuture$AsyncRun.exec(CompletableFuture.java:1817) ~[?:?]
	at java.util.concurrent.ForkJoinTask.doExec(ForkJoinTask.java:511) ~[?:?]
	at java.util.concurrent.ForkJoinPool$WorkQueue.topLevelExec(ForkJoinPool.java:1450) ~[?:?]
	at java.util.concurrent.ForkJoinPool.runWorker(ForkJoinPool.java:2019) ~[?:?]
	at java.util.concurrent.ForkJoinWorkerThread.run(ForkJoinWorkerThread.java:187) ~[?:?]
[13Aug2026 09:34:51.612] [Worker-Main-2/INFO] [ImprovableSkills/]: Injecting parchment into LootTable 'minecraft:chests/tower_chest'!
[13Aug2026 09:34:51.617] [Worker-Main-2/INFO] [ImprovableSkills/]: Injecting parchment into LootTable 'minecraft:chests/bastion_other'!
[13Aug2026 09:34:51.634] [Worker-Main-2/INFO] [ImprovableSkills/]: Injecting parchment into LootTable 'farmersdelight:chests/fd_bastion_hoglin_stable'!
[13Aug2026 09:34:51.640] [Worker-Main-2/INFO] [ImprovableSkills/]: Injecting parchment into LootTable 'atmospheric:chests/kousa_sanctum_trap'!
[13Aug2026 09:34:51.640] [Worker-Main-2/INFO] [ImprovableSkills/]: Injecting scroll for skill 'improvableskills:silent_foot' into LootTable 'minecraft:entities/warden'!
[13Aug2026 09:34:51.655] [Worker-Main-2/WARN] [org.berezka.berezka_api.resources.BuiltInResourcePack/]: [Berezka API] called getResource with namespace berezka_api but file (store.json) doesn't exist. (most of the time you can ignore this
[13Aug2026 09:34:51.655] [Worker-Main-2/INFO] [ImprovableSkills/]: Injecting parchment into LootTable 'berezka_api:chests/store'!
[13Aug2026 09:34:51.656] [Worker-Main-2/WARN] [org.berezka.berezka_api.resources.BuiltInResourcePack/]: [Berezka API] called getResource with namespace berezka_api but file (berezkahousesmall_0.json) doesn't exist. (most of the time you can ignore this
[13Aug2026 09:34:51.657] [Worker-Main-2/INFO] [ImprovableSkills/]: Injecting parchment into LootTable 'berezka_api:chests/berezkahousesmall_0'!
[13Aug2026 09:34:51.660] [Worker-Main-2/INFO] [ImprovableSkills/]: Injecting parchment into LootTable 'dungeons_arise:chests/heavenly_challenger/heavenly_challenger_theater'!
[13Aug2026 09:34:51.661] [Worker-Main-2/INFO] [ImprovableSkills/]: Injecting parchment into LootTable 'atmospheric:chests/cochineal_farm_dropper'!
[13Aug2026 09:34:51.662] [Worker-Main-2/INFO] [ImprovableSkills/]: Injecting parchment into LootTable 'dungeons_arise:chests/shiraz_palace/shiraz_palace_gardens'!
[13Aug2026 09:34:51.666] [Worker-Main-2/INFO] [ImprovableSkills/]: Injecting parchment into LootTable 'apotheosis:chests/spawner_brutal_rotate'!
[13Aug2026 09:34:51.668] [Worker-Main-2/INFO] [ImprovableSkills/]: Injecting parchment into LootTable 'netherexp:chests/chapel'!
[13Aug2026 09:34:51.670] [Worker-Main-2/INFO] [ImprovableSkills/]: Injecting parchment into LootTable 'dungeons_arise:chests/mining_complex/mining_complex_dripstone_normal'!
[13Aug2026 09:34:51.671] [Worker-Main-2/INFO] [ImprovableSkills/]: Injecting parchment into LootTable 'atmospheric:chests/arid_garden'!
[13Aug2026 09:34:51.679] [Worker-Main-2/ERROR] [net.minecraftforge.common.ForgeHooks/]: Couldn't parse element loot_tables:keerdm_zombie_essentials:chests/apartment_bathroom_vics
com.google.gson.JsonSyntaxException: Expected name to be an item, was unknown string 'pointblank:glock17'
	at net.minecraft.util.GsonHelper.m_13866_(GsonHelper.java:145) ~[server-1.20.1-20230612.114412-srg.jar%23291!/:?]
	at java.util.Optional.orElseThrow(Optional.java:403) ~[?:?]
	at net.minecraft.util.GsonHelper.m_13874_(GsonHelper.java:145) ~[server-1.20.1-20230612.114412-srg.jar%23291!/:?]
	at net.minecraft.util.GsonHelper.m_13909_(GsonHelper.java:153) ~[server-1.20.1-20230612.114412-srg.jar%23291!/:?]
	at net.minecraft.world.level.storage.loot.entries.LootItem$Serializer.m_7267_(LootItem.java:55) ~[server-1.20.1-20230612.114412-srg.jar%23291!/:?]
	at net.minecraft.world.level.storage.loot.entries.LootItem$Serializer.m_7267_(LootItem.java:40) ~[server-1.20.1-20230612.114412-srg.jar%23291!/:?]
	at net.minecraft.world.level.storage.loot.entries.LootPoolSingletonContainer$Serializer.m_5921_(LootPoolSingletonContainer.java:151) ~[server-1.20.1-20230612.114412-srg.jar%23291!/:?]
	at net.minecraft.world.level.storage.loot.entries.LootPoolSingletonContainer$Serializer.m_5921_(LootPoolSingletonContainer.java:129) ~[server-1.20.1-20230612.114412-srg.jar%23291!/:?]
	at net.minecraft.world.level.storage.loot.entries.LootPoolEntryContainer$Serializer.m_7561_(LootPoolEntryContainer.java:86) ~[server-1.20.1-20230612.114412-srg.jar%23291!/:?]
	at net.minecraft.world.level.storage.loot.entries.LootPoolEntryContainer$Serializer.m_7561_(LootPoolEntryContainer.java:74) ~[server-1.20.1-20230612.114412-srg.jar%23291!/:?]
	at net.minecraft.world.level.storage.loot.GsonAdapterFactory$JsonAdapter.deserialize(GsonAdapterFactory.java:102) ~[server-1.20.1-20230612.114412-srg.jar%23291!/:?]
	at com.google.gson.internal.bind.TreeTypeAdapter.read(TreeTypeAdapter.java:76) ~[gson-2.10.jar%2372!/:?]
	at com.google.gson.internal.bind.TypeAdapterRuntimeTypeWrapper.read(TypeAdapterRuntimeTypeWrapper.java:40) ~[gson-2.10.jar%2372!/:?]
	at com.google.gson.internal.bind.ArrayTypeAdapter.read(ArrayTypeAdapter.java:72) ~[gson-2.10.jar%2372!/:?]
	at com.google.gson.Gson.fromJson(Gson.java:1214) ~[gson-2.10.jar%2372!/:?]
	at com.google.gson.Gson.fromJson(Gson.java:1319) ~[gson-2.10.jar%2372!/:?]
	at com.google.gson.Gson.fromJson(Gson.java:1290) ~[gson-2.10.jar%2372!/:?]
	at com.google.gson.internal.bind.TreeTypeAdapter$GsonContextImpl.deserialize(TreeTypeAdapter.java:179) ~[gson-2.10.jar%2372!/:?]
	at net.minecraft.util.GsonHelper.m_13808_(GsonHelper.java:463) ~[server-1.20.1-20230612.114412-srg.jar%23291!/:?]
	at net.minecraft.util.GsonHelper.m_13836_(GsonHelper.java:471) ~[server-1.20.1-20230612.114412-srg.jar%23291!/:?]
	at net.minecraft.world.level.storage.loot.LootPool$Serializer.deserialize(LootPool.java:192) ~[server-1.20.1-20230612.114412-srg.jar%23291!/:?]
	at net.minecraft.world.level.storage.loot.LootPool$Serializer.deserialize(LootPool.java:189) ~[server-1.20.1-20230612.114412-srg.jar%23291!/:?]
	at com.google.gson.internal.bind.TreeTypeAdapter.read(TreeTypeAdapter.java:76) ~[gson-2.10.jar%2372!/:?]
	at com.google.gson.internal.bind.TypeAdapterRuntimeTypeWrapper.read(TypeAdapterRuntimeTypeWrapper.java:40) ~[gson-2.10.jar%2372!/:?]
	at com.google.gson.internal.bind.ArrayTypeAdapter.read(ArrayTypeAdapter.java:72) ~[gson-2.10.jar%2372!/:?]
	at com.google.gson.Gson.fromJson(Gson.java:1214) ~[gson-2.10.jar%2372!/:?]
	at com.google.gson.Gson.fromJson(Gson.java:1319) ~[gson-2.10.jar%2372!/:?]
	at com.google.gson.Gson.fromJson(Gson.java:1290) ~[gson-2.10.jar%2372!/:?]
	at com.google.gson.internal.bind.TreeTypeAdapter$GsonContextImpl.deserialize(TreeTypeAdapter.java:179) ~[gson-2.10.jar%2372!/:?]
	at net.minecraft.util.GsonHelper.m_13808_(GsonHelper.java:463) ~[server-1.20.1-20230612.114412-srg.jar%23291!/:?]
	at net.minecraft.util.GsonHelper.m_13845_(GsonHelper.java:481) ~[server-1.20.1-20230612.114412-srg.jar%23291!/:?]
	at net.minecraft.world.level.storage.loot.LootTable$Serializer.deserialize(LootTable.java:294) ~[server-1.20.1-20230612.114412-srg.jar%23291!/:?]
	at net.minecraft.world.level.storage.loot.LootTable$Serializer.deserialize(LootTable.java:291) ~[server-1.20.1-20230612.114412-srg.jar%23291!/:?]
	at com.google.gson.internal.bind.TreeTypeAdapter.read(TreeTypeAdapter.java:76) ~[gson-2.10.jar%2372!/:?]
	at com.google.gson.Gson.fromJson(Gson.java:1214) ~[gson-2.10.jar%2372!/:?]
	at com.google.gson.Gson.fromJson(Gson.java:1319) ~[gson-2.10.jar%2372!/:?]
	at com.google.gson.Gson.fromJson(Gson.java:1261) ~[gson-2.10.jar%2372!/:?]
	at net.minecraftforge.common.ForgeHooks.loadLootTable(ForgeHooks.java:872) ~[forge-1.20.1-47.4.20-universal.jar%23296!/:?]
	at net.minecraftforge.common.ForgeHooks.lambda$getLootTableDeserializer$3(ForgeHooks.java:849) ~[forge-1.20.1-47.4.20-universal.jar%23296!/:?]
	at net.minecraft.world.level.storage.loot.LootDataType.deserialize(LootDataType.java:45) ~[server-1.20.1-20230612.114412-srg.jar%23291!/:?]
	at net.minecraft.world.level.storage.loot.LootDataManager.lambda$scheduleElementParse$4(LootDataManager.java:56) ~[server-1.20.1-20230612.114412-srg.jar%23291!/:?]
	at java.util.HashMap.forEach(HashMap.java:1430) ~[?:?]
	at net.minecraft.world.level.storage.loot.LootDataManager.m_278660_(LootDataManager.java:55) ~[server-1.20.1-20230612.114412-srg.jar%23291!/:?]
	at java.util.concurrent.CompletableFuture$AsyncRun.run(CompletableFuture.java:1825) ~[?:?]
	at java.util.concurrent.CompletableFuture$AsyncRun.exec(CompletableFuture.java:1817) ~[?:?]
	at java.util.concurrent.ForkJoinTask.doExec(ForkJoinTask.java:511) ~[?:?]
	at java.util.concurrent.ForkJoinPool$WorkQueue.topLevelExec(ForkJoinPool.java:1450) ~[?:?]
	at java.util.concurrent.ForkJoinPool.runWorker(ForkJoinPool.java:2019) ~[?:?]
	at java.util.concurrent.ForkJoinWorkerThread.run(ForkJoinWorkerThread.java:187) ~[?:?]
[13Aug2026 09:34:51.701] [Worker-Main-2/INFO] [ImprovableSkills/]: Injecting parchment into LootTable 'keerdm_zombie_essentials:chests/abandoned_car_emergency_tacz'!
[13Aug2026 09:34:51.718] [Worker-Main-2/INFO] [ImprovableSkills/]: Injecting parchment into LootTable 'dungeons_arise:chests/ceryneian_hind/ceryneian_hind_barrel'!
[13Aug2026 09:34:51.725] [Worker-Main-2/INFO] [ImprovableSkills/]: Injecting parchment into LootTable 'dungeons_arise:chests/small_prairie_house/small_prairie_house_ruined'!
[13Aug2026 09:34:51.740] [Worker-Main-2/INFO] [ImprovableSkills/]: Injecting parchment into LootTable 'dungeons_arise:chests/lighthouse/lighthouse_top'!
[13Aug2026 09:34:51.750] [Worker-Main-2/INFO] [ImprovableSkills/]: Injecting parchment into LootTable 'dungeons_arise:chests/illager_galley/illager_galley_barrels'!
[13Aug2026 09:34:51.753] [Worker-Main-2/INFO] [ImprovableSkills/]: Injecting parchment into LootTable 'survival_instinct:chests/fire_station'!
[13Aug2026 09:34:51.761] [Worker-Main-2/INFO] [ImprovableSkills/]: Injecting parchment into LootTable 'survival_instinct:chests/farm_loot'!
[13Aug2026 09:34:51.762] [Worker-Main-2/INFO] [ImprovableSkills/]: Injecting parchment into LootTable 'atmospheric:chests/kousa_sanctum_fire'!
[13Aug2026 09:34:51.766] [Worker-Main-2/INFO] [ImprovableSkills/]: Injecting parchment into LootTable 'dungeons_arise:chests/thornborn_towers/thornborn_towers_barrels'!
[13Aug2026 09:34:51.769] [Worker-Main-2/INFO] [ImprovableSkills/]: Injecting parchment into LootTable 'dungeons_arise:chests/kisegi_sanctuary/kisegi_sanctuary_treasure'!
[13Aug2026 09:34:51.774] [Worker-Main-2/INFO] [ImprovableSkills/]: Injecting parchment into LootTable 'cataclysm:chests/abandoned_treasure'!
[13Aug2026 09:34:51.784] [Worker-Main-2/INFO] [ImprovableSkills/]: Injecting parchment into LootTable 'dungeons_arise:chests/illager_campsite/illager_campsite_treasure'!
[13Aug2026 09:34:51.790] [Worker-Main-2/INFO] [ImprovableSkills/]: Injecting parchment into LootTable 'dungeons_arise:chests/mechanical_nest/mechanical_nest_supply'!
[13Aug2026 09:34:51.814] [Worker-Main-2/INFO] [ImprovableSkills/]: Injecting scroll for skill 'improvableskills:xp_plus' into LootTable 'minecraft:entities/elder_guardian'!
[13Aug2026 09:34:51.820] [Worker-Main-2/INFO] [ImprovableSkills/]: Injecting scroll for skill 'improvableskills:mob_repellent' into LootTable 'minecraft:chests/village/village_armorer'!
[13Aug2026 09:34:51.826] [Worker-Main-2/INFO] [ImprovableSkills/]: Injecting parchment into LootTable 'chaoszpack_lc_loot:chests/hospital'!
[13Aug2026 09:34:51.840] [Worker-Main-2/INFO] [ImprovableSkills/]: Injecting parchment into LootTable 'dungeons_arise:chests/shiraz_palace/shiraz_palace_rooms'!
[13Aug2026 09:34:51.843] [Worker-Main-2/INFO] [ImprovableSkills/]: Injecting parchment into LootTable 'dungeons_arise:chests/mining_complex/mining_complex_facility_normal'!
[13Aug2026 09:34:51.853] [Worker-Main-2/INFO] [ImprovableSkills/]: Injecting parchment into LootTable 'atmospheric:chests/kousa_sanctum'!
[13Aug2026 09:34:51.869] [Worker-Main-2/INFO] [ImprovableSkills/]: Injecting parchment into LootTable 'survival_instinct:chests/market_sheld_2'!
[13Aug2026 09:34:51.869] [Worker-Main-2/INFO] [ImprovableSkills/]: Injecting parchment into LootTable 'zombiekit:chests/treasure'!
[13Aug2026 09:34:51.872] [Worker-Main-2/INFO] [ImprovableSkills/]: Injecting parchment into LootTable 'dungeons_arise:chests/heavenly_rider/heavenly_rider_barrels'!
[13Aug2026 09:34:51.877] [Worker-Main-2/INFO] [ImprovableSkills/]: Injecting parchment into LootTable 'dungeons_arise:chests/heavenly_conqueror/heavenly_conqueror_normal'!
[13Aug2026 09:34:51.878] [Worker-Main-2/INFO] [ImprovableSkills/]: Injecting parchment into LootTable 'dungeons_arise:chests/mines_treasure_big'!
[13Aug2026 09:34:51.898] [Worker-Main-2/ERROR] [net.minecraftforge.common.ForgeHooks/]: Couldn't parse element loot_tables:keerdm_zombie_essentials:chests/vics_point_blank_gunchest
com.google.gson.JsonSyntaxException: Expected name to be an item, was unknown string 'pointblank:glock17'
	at net.minecraft.util.GsonHelper.m_13866_(GsonHelper.java:145) ~[server-1.20.1-20230612.114412-srg.jar%23291!/:?]
	at java.util.Optional.orElseThrow(Optional.java:403) ~[?:?]
	at net.minecraft.util.GsonHelper.m_13874_(GsonHelper.java:145) ~[server-1.20.1-20230612.114412-srg.jar%23291!/:?]
	at net.minecraft.util.GsonHelper.m_13909_(GsonHelper.java:153) ~[server-1.20.1-20230612.114412-srg.jar%23291!/:?]
	at net.minecraft.world.level.storage.loot.entries.LootItem$Serializer.m_7267_(LootItem.java:55) ~[server-1.20.1-20230612.114412-srg.jar%23291!/:?]
	at net.minecraft.world.level.storage.loot.entries.LootItem$Serializer.m_7267_(LootItem.java:40) ~[server-1.20.1-20230612.114412-srg.jar%23291!/:?]
	at net.minecraft.world.level.storage.loot.entries.LootPoolSingletonContainer$Serializer.m_5921_(LootPoolSingletonContainer.java:151) ~[server-1.20.1-20230612.114412-srg.jar%23291!/:?]
	at net.minecraft.world.level.storage.loot.entries.LootPoolSingletonContainer$Serializer.m_5921_(LootPoolSingletonContainer.java:129) ~[server-1.20.1-20230612.114412-srg.jar%23291!/:?]
	at net.minecraft.world.level.storage.loot.entries.LootPoolEntryContainer$Serializer.m_7561_(LootPoolEntryContainer.java:86) ~[server-1.20.1-20230612.114412-srg.jar%23291!/:?]
	at net.minecraft.world.level.storage.loot.entries.LootPoolEntryContainer$Serializer.m_7561_(LootPoolEntryContainer.java:74) ~[server-1.20.1-20230612.114412-srg.jar%23291!/:?]
	at net.minecraft.world.level.storage.loot.GsonAdapterFactory$JsonAdapter.deserialize(GsonAdapterFactory.java:102) ~[server-1.20.1-20230612.114412-srg.jar%23291!/:?]
	at com.google.gson.internal.bind.TreeTypeAdapter.read(TreeTypeAdapter.java:76) ~[gson-2.10.jar%2372!/:?]
	at com.google.gson.internal.bind.TypeAdapterRuntimeTypeWrapper.read(TypeAdapterRuntimeTypeWrapper.java:40) ~[gson-2.10.jar%2372!/:?]
	at com.google.gson.internal.bind.ArrayTypeAdapter.read(ArrayTypeAdapter.java:72) ~[gson-2.10.jar%2372!/:?]
	at com.google.gson.Gson.fromJson(Gson.java:1214) ~[gson-2.10.jar%2372!/:?]
	at com.google.gson.Gson.fromJson(Gson.java:1319) ~[gson-2.10.jar%2372!/:?]
	at com.google.gson.Gson.fromJson(Gson.java:1290) ~[gson-2.10.jar%2372!/:?]
	at com.google.gson.internal.bind.TreeTypeAdapter$GsonContextImpl.deserialize(TreeTypeAdapter.java:179) ~[gson-2.10.jar%2372!/:?]
	at net.minecraft.util.GsonHelper.m_13808_(GsonHelper.java:463) ~[server-1.20.1-20230612.114412-srg.jar%23291!/:?]
	at net.minecraft.util.GsonHelper.m_13836_(GsonHelper.java:471) ~[server-1.20.1-20230612.114412-srg.jar%23291!/:?]
	at net.minecraft.world.level.storage.loot.LootPool$Serializer.deserialize(LootPool.java:192) ~[server-1.20.1-20230612.114412-srg.jar%23291!/:?]
	at net.minecraft.world.level.storage.loot.LootPool$Serializer.deserialize(LootPool.java:189) ~[server-1.20.1-20230612.114412-srg.jar%23291!/:?]
	at com.google.gson.internal.bind.TreeTypeAdapter.read(TreeTypeAdapter.java:76) ~[gson-2.10.jar%2372!/:?]
	at com.google.gson.internal.bind.TypeAdapterRuntimeTypeWrapper.read(TypeAdapterRuntimeTypeWrapper.java:40) ~[gson-2.10.jar%2372!/:?]
	at com.google.gson.internal.bind.ArrayTypeAdapter.read(ArrayTypeAdapter.java:72) ~[gson-2.10.jar%2372!/:?]
	at com.google.gson.Gson.fromJson(Gson.java:1214) ~[gson-2.10.jar%2372!/:?]
	at com.google.gson.Gson.fromJson(Gson.java:1319) ~[gson-2.10.jar%2372!/:?]
	at com.google.gson.Gson.fromJson(Gson.java:1290) ~[gson-2.10.jar%2372!/:?]
	at com.google.gson.internal.bind.TreeTypeAdapter$GsonContextImpl.deserialize(TreeTypeAdapter.java:179) ~[gson-2.10.jar%2372!/:?]
	at net.minecraft.util.GsonHelper.m_13808_(GsonHelper.java:463) ~[server-1.20.1-20230612.114412-srg.jar%23291!/:?]
	at net.minecraft.util.GsonHelper.m_13845_(GsonHelper.java:481) ~[server-1.20.1-20230612.114412-srg.jar%23291!/:?]
	at net.minecraft.world.level.storage.loot.LootTable$Serializer.deserialize(LootTable.java:294) ~[server-1.20.1-20230612.114412-srg.jar%23291!/:?]
	at net.minecraft.world.level.storage.loot.LootTable$Serializer.deserialize(LootTable.java:291) ~[server-1.20.1-20230612.114412-srg.jar%23291!/:?]
	at com.google.gson.internal.bind.TreeTypeAdapter.read(TreeTypeAdapter.java:76) ~[gson-2.10.jar%2372!/:?]
	at com.google.gson.Gson.fromJson(Gson.java:1214) ~[gson-2.10.jar%2372!/:?]
	at com.google.gson.Gson.fromJson(Gson.java:1319) ~[gson-2.10.jar%2372!/:?]
	at com.google.gson.Gson.fromJson(Gson.java:1261) ~[gson-2.10.jar%2372!/:?]
	at net.minecraftforge.common.ForgeHooks.loadLootTable(ForgeHooks.java:872) ~[forge-1.20.1-47.4.20-universal.jar%23296!/:?]
	at net.minecraftforge.common.ForgeHooks.lambda$getLootTableDeserializer$3(ForgeHooks.java:849) ~[forge-1.20.1-47.4.20-universal.jar%23296!/:?]
	at net.minecraft.world.level.storage.loot.LootDataType.deserialize(LootDataType.java:45) ~[server-1.20.1-20230612.114412-srg.jar%23291!/:?]
	at net.minecraft.world.level.storage.loot.LootDataManager.lambda$scheduleElementParse$4(LootDataManager.java:56) ~[server-1.20.1-20230612.114412-srg.jar%23291!/:?]
	at java.util.HashMap.forEach(HashMap.java:1430) ~[?:?]
	at net.minecraft.world.level.storage.loot.LootDataManager.m_278660_(LootDataManager.java:55) ~[server-1.20.1-20230612.114412-srg.jar%23291!/:?]
	at java.util.concurrent.CompletableFuture$AsyncRun.run(CompletableFuture.java:1825) ~[?:?]
	at java.util.concurrent.CompletableFuture$AsyncRun.exec(CompletableFuture.java:1817) ~[?:?]
	at java.util.concurrent.ForkJoinTask.doExec(ForkJoinTask.java:511) ~[?:?]
	at java.util.concurrent.ForkJoinPool$WorkQueue.topLevelExec(ForkJoinPool.java:1450) ~[?:?]
	at java.util.concurrent.ForkJoinPool.runWorker(ForkJoinPool.java:2019) ~[?:?]
	at java.util.concurrent.ForkJoinWorkerThread.run(ForkJoinWorkerThread.java:187) ~[?:?]
[13Aug2026 09:34:51.916] [Worker-Main-2/INFO] [ImprovableSkills/]: Injecting parchment into LootTable 'chaoszpack_lc_loot:chests/restaurant'!
[13Aug2026 09:34:51.919] [Worker-Main-2/INFO] [ImprovableSkills/]: Injecting scroll for skill 'improvableskills:growth' into LootTable 'minecraft:chests/jungle_temple'!
[13Aug2026 09:34:51.920] [Worker-Main-2/INFO] [ImprovableSkills/]: Injecting parchment into LootTable 'minecraft:chests/jungle_temple'!
[13Aug2026 09:34:51.926] [Worker-Main-2/INFO] [ImprovableSkills/]: Injecting parchment into LootTable 'zombiekit:chests/meat'!
[13Aug2026 09:34:51.934] [Worker-Main-2/INFO] [ImprovableSkills/]: Injecting parchment into LootTable 'survival_instinct:chests/gas_station_loot'!
[13Aug2026 09:34:51.958] [Worker-Main-2/ERROR] [net.minecraftforge.common.ForgeHooks/]: Couldn't parse element loot_tables:keerdm_zombie_essentials:chests/abandoned_car_emergency_vics
com.google.gson.JsonSyntaxException: Expected name to be an item, was unknown string 'pointblank:glock17'
	at net.minecraft.util.GsonHelper.m_13866_(GsonHelper.java:145) ~[server-1.20.1-20230612.114412-srg.jar%23291!/:?]
	at java.util.Optional.orElseThrow(Optional.java:403) ~[?:?]
	at net.minecraft.util.GsonHelper.m_13874_(GsonHelper.java:145) ~[server-1.20.1-20230612.114412-srg.jar%23291!/:?]
	at net.minecraft.util.GsonHelper.m_13909_(GsonHelper.java:153) ~[server-1.20.1-20230612.114412-srg.jar%23291!/:?]
	at net.minecraft.world.level.storage.loot.entries.LootItem$Serializer.m_7267_(LootItem.java:55) ~[server-1.20.1-20230612.114412-srg.jar%23291!/:?]
	at net.minecraft.world.level.storage.loot.entries.LootItem$Serializer.m_7267_(LootItem.java:40) ~[server-1.20.1-20230612.114412-srg.jar%23291!/:?]
	at net.minecraft.world.level.storage.loot.entries.LootPoolSingletonContainer$Serializer.m_5921_(LootPoolSingletonContainer.java:151) ~[server-1.20.1-20230612.114412-srg.jar%23291!/:?]
	at net.minecraft.world.level.storage.loot.entries.LootPoolSingletonContainer$Serializer.m_5921_(LootPoolSingletonContainer.java:129) ~[server-1.20.1-20230612.114412-srg.jar%23291!/:?]
	at net.minecraft.world.level.storage.loot.entries.LootPoolEntryContainer$Serializer.m_7561_(LootPoolEntryContainer.java:86) ~[server-1.20.1-20230612.114412-srg.jar%23291!/:?]
	at net.minecraft.world.level.storage.loot.entries.LootPoolEntryContainer$Serializer.m_7561_(LootPoolEntryContainer.java:74) ~[server-1.20.1-20230612.114412-srg.jar%23291!/:?]
	at net.minecraft.world.level.storage.loot.GsonAdapterFactory$JsonAdapter.deserialize(GsonAdapterFactory.java:102) ~[server-1.20.1-20230612.114412-srg.jar%23291!/:?]
	at com.google.gson.internal.bind.TreeTypeAdapter.read(TreeTypeAdapter.java:76) ~[gson-2.10.jar%2372!/:?]
	at com.google.gson.internal.bind.TypeAdapterRuntimeTypeWrapper.read(TypeAdapterRuntimeTypeWrapper.java:40) ~[gson-2.10.jar%2372!/:?]
	at com.google.gson.internal.bind.ArrayTypeAdapter.read(ArrayTypeAdapter.java:72) ~[gson-2.10.jar%2372!/:?]
	at com.google.gson.Gson.fromJson(Gson.java:1214) ~[gson-2.10.jar%2372!/:?]
	at com.google.gson.Gson.fromJson(Gson.java:1319) ~[gson-2.10.jar%2372!/:?]
	at com.google.gson.Gson.fromJson(Gson.java:1290) ~[gson-2.10.jar%2372!/:?]
	at com.google.gson.internal.bind.TreeTypeAdapter$GsonContextImpl.deserialize(TreeTypeAdapter.java:179) ~[gson-2.10.jar%2372!/:?]
	at net.minecraft.util.GsonHelper.m_13808_(GsonHelper.java:463) ~[server-1.20.1-20230612.114412-srg.jar%23291!/:?]
	at net.minecraft.util.GsonHelper.m_13836_(GsonHelper.java:471) ~[server-1.20.1-20230612.114412-srg.jar%23291!/:?]
	at net.minecraft.world.level.storage.loot.LootPool$Serializer.deserialize(LootPool.java:192) ~[server-1.20.1-20230612.114412-srg.jar%23291!/:?]
	at net.minecraft.world.level.storage.loot.LootPool$Serializer.deserialize(LootPool.java:189) ~[server-1.20.1-20230612.114412-srg.jar%23291!/:?]
	at com.google.gson.internal.bind.TreeTypeAdapter.read(TreeTypeAdapter.java:76) ~[gson-2.10.jar%2372!/:?]
	at com.google.gson.internal.bind.TypeAdapterRuntimeTypeWrapper.read(TypeAdapterRuntimeTypeWrapper.java:40) ~[gson-2.10.jar%2372!/:?]
	at com.google.gson.internal.bind.ArrayTypeAdapter.read(ArrayTypeAdapter.java:72) ~[gson-2.10.jar%2372!/:?]
	at com.google.gson.Gson.fromJson(Gson.java:1214) ~[gson-2.10.jar%2372!/:?]
	at com.google.gson.Gson.fromJson(Gson.java:1319) ~[gson-2.10.jar%2372!/:?]
	at com.google.gson.Gson.fromJson(Gson.java:1290) ~[gson-2.10.jar%2372!/:?]
	at com.google.gson.internal.bind.TreeTypeAdapter$GsonContextImpl.deserialize(TreeTypeAdapter.java:179) ~[gson-2.10.jar%2372!/:?]
	at net.minecraft.util.GsonHelper.m_13808_(GsonHelper.java:463) ~[server-1.20.1-20230612.114412-srg.jar%23291!/:?]
	at net.minecraft.util.GsonHelper.m_13845_(GsonHelper.java:481) ~[server-1.20.1-20230612.114412-srg.jar%23291!/:?]
	at net.minecraft.world.level.storage.loot.LootTable$Serializer.deserialize(LootTable.java:294) ~[server-1.20.1-20230612.114412-srg.jar%23291!/:?]
	at net.minecraft.world.level.storage.loot.LootTable$Serializer.deserialize(LootTable.java:291) ~[server-1.20.1-20230612.114412-srg.jar%23291!/:?]
	at com.google.gson.internal.bind.TreeTypeAdapter.read(TreeTypeAdapter.java:76) ~[gson-2.10.jar%2372!/:?]
	at com.google.gson.Gson.fromJson(Gson.java:1214) ~[gson-2.10.jar%2372!/:?]
	at com.google.gson.Gson.fromJson(Gson.java:1319) ~[gson-2.10.jar%2372!/:?]
	at com.google.gson.Gson.fromJson(Gson.java:1261) ~[gson-2.10.jar%2372!/:?]
	at net.minecraftforge.common.ForgeHooks.loadLootTable(ForgeHooks.java:872) ~[forge-1.20.1-47.4.20-universal.jar%23296!/:?]
	at net.minecraftforge.common.ForgeHooks.lambda$getLootTableDeserializer$3(ForgeHooks.java:849) ~[forge-1.20.1-47.4.20-universal.jar%23296!/:?]
	at net.minecraft.world.level.storage.loot.LootDataType.deserialize(LootDataType.java:45) ~[server-1.20.1-20230612.114412-srg.jar%23291!/:?]
	at net.minecraft.world.level.storage.loot.LootDataManager.lambda$scheduleElementParse$4(LootDataManager.java:56) ~[server-1.20.1-20230612.114412-srg.jar%23291!/:?]
	at java.util.HashMap.forEach(HashMap.java:1430) ~[?:?]
	at net.minecraft.world.level.storage.loot.LootDataManager.m_278660_(LootDataManager.java:55) ~[server-1.20.1-20230612.114412-srg.jar%23291!/:?]
	at java.util.concurrent.CompletableFuture$AsyncRun.run(CompletableFuture.java:1825) ~[?:?]
	at java.util.concurrent.CompletableFuture$AsyncRun.exec(CompletableFuture.java:1817) ~[?:?]
	at java.util.concurrent.ForkJoinTask.doExec(ForkJoinTask.java:511) ~[?:?]
	at java.util.concurrent.ForkJoinPool$WorkQueue.topLevelExec(ForkJoinPool.java:1450) ~[?:?]
	at java.util.concurrent.ForkJoinPool.runWorker(ForkJoinPool.java:2019) ~[?:?]
	at java.util.concurrent.ForkJoinWorkerThread.run(ForkJoinWorkerThread.java:187) ~[?:?]
[13Aug2026 09:34:51.960] [Worker-Main-2/INFO] [ImprovableSkills/]: Injecting parchment into LootTable 'zombiekit:chests/medical'!
[13Aug2026 09:34:51.961] [Worker-Main-2/INFO] [ImprovableSkills/]: Injecting parchment into LootTable 'farmersdelight:chests/fd_village_savanna_house'!
[13Aug2026 09:34:51.979] [Worker-Main-2/INFO] [ImprovableSkills/]: Injecting parchment into LootTable 'survival_instinct:chests/hardware_loot'!
[13Aug2026 09:34:51.985] [Worker-Main-2/INFO] [ImprovableSkills/]: Injecting parchment into LootTable 'survival_instinct:chests/facility_office'!
[13Aug2026 09:34:51.997] [Worker-Main-2/INFO] [ImprovableSkills/]: Injecting parchment into LootTable 'keerdm_zombie_essentials:chests/abandoned_car_basic_tacz'!
[13Aug2026 09:34:52.010] [Worker-Main-2/INFO] [ImprovableSkills/]: Injecting parchment into LootTable 'dungeons_arise:chests/bandit_towers/bandit_towers_treasure'!
[13Aug2026 09:34:52.031] [Worker-Main-2/INFO] [ImprovableSkills/]: Injecting parchment into LootTable 'dungeons_arise:chests/jungle_tree_house/jungle_tree_house_normal'!
[13Aug2026 09:34:52.032] [Worker-Main-2/INFO] [ImprovableSkills/]: Injecting parchment into LootTable 'dungeons_arise:chests/bandit_village/bandit_village_normal'!
[13Aug2026 09:34:52.038] [Worker-Main-2/INFO] [ImprovableSkills/]: Injecting parchment into LootTable 'minecraft:chests/ruined_portal'!
[13Aug2026 09:34:52.048] [Worker-Main-2/INFO] [ImprovableSkills/]: Injecting parchment into LootTable 'chaoszpack_lc_loot:chests/shop'!
[13Aug2026 09:34:52.053] [Worker-Main-2/INFO] [ImprovableSkills/]: Injecting parchment into LootTable 'dungeons_arise_seven_seas:chests/pirate_junk/pirate_junk_supply'!
[13Aug2026 09:34:52.065] [Worker-Main-2/INFO] [ImprovableSkills/]: Injecting parchment into LootTable 'dungeons_arise:chests/infested_temple/infested_temple_room_garden'!
[13Aug2026 09:34:52.077] [Worker-Main-2/INFO] [ImprovableSkills/]: Injecting parchment into LootTable 'dungeons_arise:chests/mines_treasure_medium'!
[13Aug2026 09:34:52.081] [Worker-Main-2/INFO] [ImprovableSkills/]: Injecting parchment into LootTable 'zombiekit:chests/gear'!
[13Aug2026 09:34:52.082] [Worker-Main-2/INFO] [ImprovableSkills/]: Injecting parchment into LootTable 'dungeons_arise:chests/desert_hall/desert_hall_library'!
[13Aug2026 09:34:52.084] [Worker-Main-2/INFO] [ImprovableSkills/]: Injecting parchment into LootTable 'farmersdelight:chests/fd_abandoned_mineshaft'!
[13Aug2026 09:34:52.089] [Worker-Main-2/INFO] [ImprovableSkills/]: Injecting parchment into LootTable 'dungeons_arise:chests/infested_temple/infested_temple_room_supply'!
[13Aug2026 09:34:52.107] [Worker-Main-2/INFO] [ImprovableSkills/]: Injecting parchment into LootTable 'zombiekit:chests/agriculture'!
[13Aug2026 09:34:52.109] [Worker-Main-2/INFO] [ImprovableSkills/]: Injecting parchment into LootTable 'dungeons_arise:chests/mechanical_nest/mechanical_nest_equipment'!
[13Aug2026 09:34:52.111] [Worker-Main-2/INFO] [ImprovableSkills/]: Injecting parchment into LootTable 'dungeons_arise:chests/aviary/aviary_normal'!
[13Aug2026 09:34:52.140] [Worker-Main-2/INFO] [ImprovableSkills/]: Injecting parchment into LootTable 'dungeons_arise:chests/mining_complex/mining_complex_lush_normal'!
[13Aug2026 09:34:52.141] [Worker-Main-2/INFO] [ImprovableSkills/]: Injecting scroll for skill 'improvableskills:luck_of_the_sea' into LootTable 'minecraft:gameplay/fishing'!
[13Aug2026 09:34:52.148] [Worker-Main-2/INFO] [ImprovableSkills/]: Injecting parchment into LootTable 'survival_instinct:chests/cash_register'!
[13Aug2026 09:34:52.165] [Worker-Main-2/INFO] [ImprovableSkills/]: Injecting parchment into LootTable 'netherexp:chests/sanctum_food'!
[13Aug2026 09:34:52.175] [Worker-Main-2/INFO] [ImprovableSkills/]: Injecting parchment into LootTable 'cataclysm:chests/acropolis_treasure'!
[13Aug2026 09:34:52.187] [Worker-Main-2/INFO] [ImprovableSkills/]: Injecting parchment into LootTable 'dungeons_arise:chests/plague_asylum/plague_asylum_barrels'!
[13Aug2026 09:34:52.188] [Worker-Main-2/INFO] [ImprovableSkills/]: Injecting parchment into LootTable 'chaoszpack_lc_loot:chests/observatory'!
[13Aug2026 09:34:52.194] [Worker-Main-2/INFO] [ImprovableSkills/]: Injecting parchment into LootTable 'dungeons_arise:chests/mushroom_mines/mushroom_mines_tools'!
[13Aug2026 09:34:52.200] [Worker-Main-2/INFO] [ImprovableSkills/]: Injecting parchment into LootTable 'atmospheric:chests/village/village_scrubland'!
[13Aug2026 09:34:52.208] [Worker-Main-2/INFO] [ImprovableSkills/]: Injecting parchment into LootTable 'dungeons_arise:chests/illager_fort/illager_fort_treasure'!
[13Aug2026 09:34:52.214] [Worker-Main-2/INFO] [ImprovableSkills/]: Injecting parchment into LootTable 'dungeons_arise:chests/kisegi_sanctuary/kisegi_sanctuary_top'!
[13Aug2026 09:34:52.225] [Worker-Main-2/WARN] [org.berezka.berezka_api.resources.BuiltInResourcePack/]: [Berezka API] called getResource with namespace berezka_api but file (diningroom.json) doesn't exist. (most of the time you can ignore this
[13Aug2026 09:34:52.226] [Worker-Main-2/INFO] [ImprovableSkills/]: Injecting parchment into LootTable 'berezka_api:chests/diningroom'!
[13Aug2026 09:34:52.233] [Worker-Main-2/INFO] [ImprovableSkills/]: Injecting parchment into LootTable 'minecraft:chests/pillager_outpost'!
[13Aug2026 09:34:52.244] [Worker-Main-2/INFO] [ImprovableSkills/]: Injecting parchment into LootTable 'cataclysm:chests/desert_treasure'!
[13Aug2026 09:34:52.253] [Worker-Main-2/WARN] [org.berezka.berezka_api.resources.BuiltInResourcePack/]: [Berezka API] called getResource with namespace berezka_api but file (farm.json) doesn't exist. (most of the time you can ignore this
[13Aug2026 09:34:52.254] [Worker-Main-2/INFO] [ImprovableSkills/]: Injecting parchment into LootTable 'berezka_api:chests/farm'!
[13Aug2026 09:34:52.266] [Worker-Main-2/INFO] [ImprovableSkills/]: Injecting parchment into LootTable 'cataclysm:chests/abandoned'!
[13Aug2026 09:34:52.297] [Worker-Main-2/INFO] [ImprovableSkills/]: Injecting parchment into LootTable 'dungeons_arise:chests/abandoned_temple/abandoned_temple_entrance'!
[13Aug2026 09:34:52.313] [Worker-Main-2/INFO] [ImprovableSkills/]: Injecting parchment into LootTable 'dungeons_arise_seven_seas:chests/victory_frigate/victory_frigate_treasure'!
[13Aug2026 09:34:52.325] [Worker-Main-2/WARN] [org.berezka.berezka_api.resources.BuiltInResourcePack/]: [Berezka API] called getResource with namespace berezka_api but file (gas_station.json) doesn't exist. (most of the time you can ignore this
[13Aug2026 09:34:52.325] [Worker-Main-2/INFO] [ImprovableSkills/]: Injecting parchment into LootTable 'berezka_api:chests/gas_station'!
[13Aug2026 09:34:52.334] [Worker-Main-2/INFO] [ImprovableSkills/]: Injecting parchment into LootTable 'dungeons_arise:chests/undead_pirate_ship/undead_pirate_ship_enchants'!
[13Aug2026 09:34:52.336] [Worker-Main-2/INFO] [ImprovableSkills/]: Injecting parchment into LootTable 'chaoszpack_lc_loot:chests/firestation'!
[13Aug2026 09:34:52.341] [Worker-Main-2/INFO] [ImprovableSkills/]: Injecting parchment into LootTable 'chaoszpack_lc_loot:chests/walmart'!
[13Aug2026 09:34:52.346] [Worker-Main-2/INFO] [ImprovableSkills/]: Injecting parchment into LootTable 'farmersdelight:chests/fd_pillager_outpost'!
[13Aug2026 09:34:52.358] [Worker-Main-2/INFO] [ImprovableSkills/]: Injecting parchment into LootTable 'minecraft:chests/bastion_treasure'!
[13Aug2026 09:34:52.359] [Worker-Main-2/INFO] [ImprovableSkills/]: Injecting parchment into LootTable 'dungeons_arise:chests/foundry/foundry_normal'!
[13Aug2026 09:34:52.365] [Worker-Main-2/INFO] [ImprovableSkills/]: Injecting parchment into LootTable 'zombiekit:chests/weapon'!
[13Aug2026 09:34:52.376] [Worker-Main-2/INFO] [ImprovableSkills/]: Injecting parchment into LootTable 'minecraft:chests/shipwreck_map'!
[13Aug2026 09:34:52.398] [Worker-Main-2/INFO] [ImprovableSkills/]: Injecting parchment into LootTable 'dungeons_arise_seven_seas:chests/corsair_corvette/corsair_corvette_normal'!
[13Aug2026 09:34:52.403] [Worker-Main-2/INFO] [ImprovableSkills/]: Injecting parchment into LootTable 'survival_instinct:chests/refrigerator'!
[13Aug2026 09:34:52.410] [Worker-Main-2/INFO] [ImprovableSkills/]: Injecting parchment into LootTable 'dungeons_arise:chests/plague_asylum/plague_asylum_cells'!
[13Aug2026 09:34:52.411] [Worker-Main-2/INFO] [ImprovableSkills/]: Injecting scroll for skill 'improvableskills:atkdmg_ranged' into LootTable 'minecraft:entities/skeleton'!
[13Aug2026 09:34:52.412] [Worker-Main-2/INFO] [ImprovableSkills/]: Injecting scroll for skill 'improvableskills:ender_manipulator' into LootTable 'minecraft:entities/enderman'!
[13Aug2026 09:34:52.423] [Worker-Main-2/INFO] [ImprovableSkills/]: Injecting parchment into LootTable 'dungeons_arise_seven_seas:chests/victory_frigate/victory_frigate_supply'!
[13Aug2026 09:34:52.429] [Worker-Main-2/INFO] [ImprovableSkills/]: Injecting parchment into LootTable 'cataclysm:chests/frosted_prison_treasure'!
[13Aug2026 09:34:52.429] [Worker-Main-2/WARN] [org.berezka.berezka_api.resources.BuiltInResourcePack/]: [Berezka API] called getResource with namespace berezka_api but file (nether_village.json) doesn't exist. (most of the time you can ignore this
[13Aug2026 09:34:52.430] [Worker-Main-2/INFO] [ImprovableSkills/]: Injecting parchment into LootTable 'berezka_api:chests/nether_village'!
[13Aug2026 09:34:52.433] [Worker-Main-2/INFO] [ImprovableSkills/]: Injecting parchment into LootTable 'farmersdelight:chests/fd_village_plains_house'!
[13Aug2026 09:34:52.435] [Worker-Main-2/INFO] [ImprovableSkills/]: Injecting scroll for skill 'improvableskills:obsidian_skin' into LootTable 'minecraft:chests/nether_bridge'!
[13Aug2026 09:34:52.435] [Worker-Main-2/INFO] [ImprovableSkills/]: Injecting parchment into LootTable 'minecraft:chests/nether_bridge'!
[13Aug2026 09:34:52.437] [Worker-Main-2/INFO] [ImprovableSkills/]: Injecting parchment into LootTable 'dungeons_arise:chests/shiraz_palace/shiraz_palace_library'!
[13Aug2026 09:34:52.443] [Worker-Main-2/INFO] [ImprovableSkills/]: Injecting parchment into LootTable 'dungeons_arise_seven_seas:chests/small_yacht/small_yacht_treasure'!
[13Aug2026 09:34:52.453] [Worker-Main-2/INFO] [ImprovableSkills/]: Injecting parchment into LootTable 'apotheosis:chests/spawner_swarm'!
[13Aug2026 09:34:52.477] [Worker-Main-2/INFO] [ImprovableSkills/]: Injecting parchment into LootTable 'zombiekit:chests/ore'!
[13Aug2026 09:34:52.487] [Worker-Main-2/INFO] [ImprovableSkills/]: Injecting parchment into LootTable 'lostcities:chests/lostcitychest'!
[13Aug2026 09:34:52.501] [Worker-Main-2/INFO] [ImprovableSkills/]: Injecting parchment into LootTable 'dungeons_arise:chests/illager_corsair/illager_corsair_barrels'!
[13Aug2026 09:34:52.505] [Worker-Main-2/INFO] [ImprovableSkills/]: Injecting parchment into LootTable 'minecraft:chests/bastion_hoglin_stable'!
[13Aug2026 09:34:52.510] [Worker-Main-2/INFO] [ImprovableSkills/]: Injecting parchment into LootTable 'survival_instinct:chests/survivor_house_loot'!
[13Aug2026 09:34:52.527] [Worker-Main-2/INFO] [ImprovableSkills/]: Injecting parchment into LootTable 'survival_instinct:chests/suburban_house_loot'!
[13Aug2026 09:34:52.533] [Worker-Main-2/INFO] [ImprovableSkills/]: Injecting parchment into LootTable 'dungeons_arise:chests/merchant_campsite/merchant_campsite_map'!
[13Aug2026 09:34:52.535] [Worker-Main-2/INFO] [ImprovableSkills/]: Injecting parchment into LootTable 'dungeons_arise:chests/giant_mushroom/red_giant_mushroom'!
[13Aug2026 09:34:52.538] [Worker-Main-2/INFO] [ImprovableSkills/]: Injecting parchment into LootTable 'dungeons_arise:chests/heavenly_rider/heavenly_rider_normal'!
[13Aug2026 09:34:52.555] [Worker-Main-2/INFO] [ImprovableSkills/]: Injecting parchment into LootTable 'dungeons_arise:chests/bandit_village/bandit_village_barrels'!
[13Aug2026 09:34:52.584] [Worker-Main-2/INFO] [ImprovableSkills/]: Injecting parchment into LootTable 'dungeons_arise:chests/illager_campsite/illager_campsite_map'!
[13Aug2026 09:34:52.587] [Worker-Main-2/INFO] [ImprovableSkills/]: Injecting parchment into LootTable 'cataclysm:chests/amethyst_nest_chest'!
[13Aug2026 09:34:52.594] [Worker-Main-2/INFO] [ImprovableSkills/]: Injecting parchment into LootTable 'dungeons_arise:chests/bandit_towers/bandit_towers_normal'!
[13Aug2026 09:34:52.597] [Worker-Main-2/INFO] [ImprovableSkills/]: Injecting parchment into LootTable 'dungeons_arise:chests/mining_system/mining_system_treasure'!
[13Aug2026 09:34:52.600] [Worker-Main-2/INFO] [ImprovableSkills/]: Injecting parchment into LootTable 'lootintegrations:chests/hard'!
[13Aug2026 09:34:52.613] [Worker-Main-2/INFO] [ImprovableSkills/]: Injecting parchment into LootTable 'dungeons_arise:chests/thornborn_towers/thornborn_towers_rooms'!
[13Aug2026 09:34:52.618] [Worker-Main-2/INFO] [ImprovableSkills/]: Injecting parchment into LootTable 'dungeons_arise_seven_seas:chests/small_yacht/small_yacht_normal'!
[13Aug2026 09:34:52.626] [Worker-Main-2/INFO] [ImprovableSkills/]: Injecting scroll for skill 'improvableskills:enchanter' into LootTable 'minecraft:chests/stronghold_library'!
[13Aug2026 09:34:52.627] [Worker-Main-2/INFO] [ImprovableSkills/]: Injecting parchment into LootTable 'minecraft:chests/stronghold_library'!
[13Aug2026 09:34:52.634] [Worker-Main-2/INFO] [ImprovableSkills/]: Injecting parchment into LootTable 'dungeons_arise:chests/illager_corsair/illager_corsair_treasure'!
[13Aug2026 09:34:52.648] [Worker-Main-2/INFO] [ImprovableSkills/]: Injecting parchment into LootTable 'dungeons_arise:chests/bandit_towers/bandit_towers_barrels'!
[13Aug2026 09:34:52.670] [Worker-Main-2/INFO] [ImprovableSkills/]: Injecting parchment into LootTable 'zombiekit:chests/tool'!
[13Aug2026 09:34:52.674] [Worker-Main-2/INFO] [ImprovableSkills/]: Injecting parchment into LootTable 'survival_instinct:chests/garage_loot'!
[13Aug2026 09:34:52.691] [Worker-Main-2/INFO] [ImprovableSkills/]: Injecting parchment into LootTable 'dungeons_arise:chests/foundry/foundry_chains'!
[13Aug2026 09:34:52.703] [Worker-Main-2/INFO] [ImprovableSkills/]: Injecting parchment into LootTable 'dungeons_arise:chests/scorched_mines/scorched_mines_housing'!
[13Aug2026 09:34:52.707] [Worker-Main-2/INFO] [ImprovableSkills/]: Injecting parchment into LootTable 'dungeons_arise:chests/small_prairie_house/small_prairie_house_normal'!
[13Aug2026 09:34:52.829] [Worker-Main-2/INFO] [ImprovableSkills/]: Injecting parchment into LootTable 'dungeons_arise:chests/jungle_tree_house/jungle_tree_house_barrels'!
[13Aug2026 09:34:52.835] [Worker-Main-2/INFO] [ImprovableSkills/]: Injecting parchment into LootTable 'lostcities:chests/raildungeonchest'!
[13Aug2026 09:34:52.839] [Worker-Main-2/INFO] [ImprovableSkills/]: Injecting parchment into LootTable 'lootintegrations:chests/nether'!
[13Aug2026 09:34:52.842] [Worker-Main-2/INFO] [ImprovableSkills/]: Injecting parchment into LootTable 'minecraft:chests/stronghold_crossing'!
[13Aug2026 09:34:52.844] [Worker-Main-2/INFO] [ImprovableSkills/]: Injecting parchment into LootTable 'keerdm_zombie_essentials:chests/tacz_gunchest'!
[13Aug2026 09:34:52.846] [Worker-Main-2/INFO] [ImprovableSkills/]: Injecting parchment into LootTable 'zombiekit:chests/tomb'!
[13Aug2026 09:34:52.858] [Worker-Main-2/INFO] [ImprovableSkills/]: Injecting parchment into LootTable 'dungeons_arise:chests/plague_asylum/plague_asylum_treasure'!
[13Aug2026 09:34:52.867] [Worker-Main-2/WARN] [org.berezka.berezka_api.resources.BuiltInResourcePack/]: [Berezka API] called getResource with namespace berezka_api but file (simple_chest.json) doesn't exist. (most of the time you can ignore this
[13Aug2026 09:34:52.867] [Worker-Main-2/INFO] [ImprovableSkills/]: Injecting parchment into LootTable 'berezka_api:chests/simple_chest'!
[13Aug2026 09:34:52.871] [Worker-Main-2/WARN] [org.berezka.berezka_api.resources.BuiltInResourcePack/]: [Berezka API] called getResource with namespace berezka_api but file (car.json) doesn't exist. (most of the time you can ignore this
[13Aug2026 09:34:52.871] [Worker-Main-2/INFO] [ImprovableSkills/]: Injecting parchment into LootTable 'berezka_api:chests/car'!
[13Aug2026 09:34:52.872] [Worker-Main-2/WARN] [org.berezka.berezka_api.resources.BuiltInResourcePack/]: [Berezka API] called getResource with namespace berezka_api but file (treasure.json) doesn't exist. (most of the time you can ignore this
[13Aug2026 09:34:52.873] [Worker-Main-2/INFO] [ImprovableSkills/]: Injecting parchment into LootTable 'berezka_api:chests/treasure'!
[13Aug2026 09:34:52.880] [Worker-Main-2/INFO] [ImprovableSkills/]: Injecting parchment into LootTable 'dungeons_arise:chests/small_blimp/small_blimp_coal_storage'!
[13Aug2026 09:34:52.900] [Worker-Main-2/INFO] [ImprovableSkills/]: Injecting parchment into LootTable 'dungeons_arise:chests/bandit_village/bandit_village_supply'!
[13Aug2026 09:34:52.909] [Worker-Main-2/INFO] [ImprovableSkills/]: Injecting parchment into LootTable 'dungeons_arise:chests/typhon/typhon_treasure'!
[13Aug2026 09:34:52.938] [Worker-Main-2/INFO] [ImprovableSkills/]: Injecting scroll for skill 'improvableskills:treasure_sands' into LootTable 'minecraft:chests/desert_pyramid'!
[13Aug2026 09:34:52.938] [Worker-Main-2/INFO] [ImprovableSkills/]: Injecting parchment into LootTable 'minecraft:chests/desert_pyramid'!
[13Aug2026 09:34:52.941] [Worker-Main-2/INFO] [ImprovableSkills/]: Injecting parchment into LootTable 'minecraft:chests/underwater_ruin_big'!
[13Aug2026 09:34:52.944] [Worker-Main-2/INFO] [ImprovableSkills/]: Injecting parchment into LootTable 'dungeons_arise_seven_seas:chests/corsair_corvette/corsair_corvette_barrels'!
[13Aug2026 09:34:52.958] [Worker-Main-2/INFO] [ImprovableSkills/]: Injecting parchment into LootTable 'dungeons_arise:chests/fishing_hut/fishing_hut_barrels'!
[13Aug2026 09:34:52.967] [Worker-Main-2/INFO] [ImprovableSkills/]: Injecting parchment into LootTable 'dungeons_arise:chests/undead_pirate_ship/undead_pirate_ship_barrels'!
[13Aug2026 09:34:52.970] [Worker-Main-2/INFO] [ImprovableSkills/]: Injecting parchment into LootTable 'survival_instinct:chests/trash_can'!
[13Aug2026 09:34:52.989] [Worker-Main-2/INFO] [ImprovableSkills/]: Injecting parchment into LootTable 'dungeons_arise:chests/scorched_mines/scorched_mines_hub'!
[13Aug2026 09:34:52.990] [Worker-Main-2/INFO] [ImprovableSkills/]: Injecting parchment into LootTable 'dungeons_arise:chests/mining_system/mining_system_barrels'!
[13Aug2026 09:34:52.995] [Worker-Main-2/INFO] [ImprovableSkills/]: Injecting parchment into LootTable 'minecraft:chests/jungle_temple_dispenser'!
[13Aug2026 09:34:53.005] [Worker-Main-2/INFO] [ImprovableSkills/]: Injecting parchment into LootTable 'dungeons_arise_seven_seas:chests/victory_frigate/victory_frigate_barrels'!
[13Aug2026 09:34:53.009] [Worker-Main-2/INFO] [ImprovableSkills/]: Injecting parchment into LootTable 'survival_instinct:chests/pharmacy_loot'!
[13Aug2026 09:34:53.023] [Worker-Main-2/INFO] [ImprovableSkills/]: Injecting parchment into LootTable 'dungeons_arise:chests/heavenly_rider/heavenly_rider_treasure'!
[13Aug2026 09:34:53.044] [Worker-Main-2/INFO] [ImprovableSkills/]: Injecting parchment into LootTable 'dungeons_arise:chests/illager_windmill/illager_windmill_treasure'!
[13Aug2026 09:34:53.051] [Worker-Main-2/INFO] [ImprovableSkills/]: Injecting parchment into LootTable 'dungeons_arise:chests/aviary/aviary_barrels'!
[13Aug2026 09:34:53.053] [Worker-Main-2/INFO] [ImprovableSkills/]: Injecting parchment into LootTable 'farmersdelight:chests/fd_village_desert_house'!
[13Aug2026 09:34:53.063] [Worker-Main-2/INFO] [ImprovableSkills/]: Injecting parchment into LootTable 'dungeons_arise:chests/undead_pirate_ship/undead_pirate_ship_supply'!
[13Aug2026 09:34:53.064] [Worker-Main-2/INFO] [ImprovableSkills/]: Injecting parchment into LootTable 'dungeons_arise:chests/scorched_mines/scorched_mines_normal'!
[13Aug2026 09:34:53.071] [Worker-Main-2/INFO] [ImprovableSkills/]: Injecting scroll for skill 'improvableskills:huckster' into LootTable 'minecraft:gameplay/hero_of_the_village/librarian_gift'!
[13Aug2026 09:34:53.076] [main/INFO] [com.teamabnormals.blueprint.core.Blueprint/]: Loot Modification Manager has loaded 1 modifier groups
[13Aug2026 09:34:53.082] [main/WARN] [net.minecraft.world.level.storage.loot.LootDataManager/]: Datapack tried to redefine minecraft:empty loot table, ignoring
[13Aug2026 09:34:53.186] [main/WARN] [net.minecraft.world.level.storage.loot.LootDataManager/]: Found loot table element validation problem in {loot_tables:waifu_of_god:entities/thieu_nu_bong_toi_hoa_than_tam_gan}.pools[1].entries[0].functions[1]: Parameters [<parameter minecraft:tool>] are not provided in this context
[13Aug2026 09:34:53.186] [main/WARN] [net.minecraft.world.level.storage.loot.LootDataManager/]: Found loot table element validation problem in {loot_tables:waifu_of_god:entities/thieu_nu_bong_toi_hoa_than_tam_gan}.pools[0].entries[0].functions[1]: Parameters [<parameter minecraft:tool>] are not provided in this context
[13Aug2026 09:34:53.186] [main/WARN] [net.minecraft.world.level.storage.loot.LootDataManager/]: Found loot table element validation problem in {loot_tables:waifu_of_god:entities/thieu_nu_bong_toi_hoa_than_tam_gan}.pools[2].entries[0].functions[1]: Parameters [<parameter minecraft:tool>] are not provided in this context
[13Aug2026 09:34:53.186] [main/WARN] [net.minecraft.world.level.storage.loot.LootDataManager/]: Found loot table element validation problem in {loot_tables:waifu_of_god:entities/dao_huu_hoa_than_tam_gan}.pools[3].entries[0].functions[1]: Parameters [<parameter minecraft:tool>] are not provided in this context
[13Aug2026 09:34:53.187] [main/WARN] [net.minecraft.world.level.storage.loot.LootDataManager/]: Found loot table element validation problem in {loot_tables:waifu_of_god:entities/dao_huu_hoa_than_tam_gan}.pools[1].entries[0].functions[1]: Parameters [<parameter minecraft:tool>] are not provided in this context
[13Aug2026 09:34:53.187] [main/WARN] [net.minecraft.world.level.storage.loot.LootDataManager/]: Found loot table element validation problem in {loot_tables:waifu_of_god:entities/dao_huu_nguyen_anh_tam_xa}.pools[1].entries[1].functions[1]: Parameters [<parameter minecraft:tool>] are not provided in this context
[13Aug2026 09:34:53.188] [main/WARN] [net.minecraft.world.level.storage.loot.LootDataManager/]: Found loot table element validation problem in {loot_tables:waifu_of_god:entities/bach_van_tong_luyen_hu_attacker}.pools[2].entries[0].functions[1]: Parameters [<parameter minecraft:tool>] are not provided in this context
[13Aug2026 09:34:53.188] [main/WARN] [net.minecraft.world.level.storage.loot.LootDataManager/]: Found loot table element validation problem in {loot_tables:minecraft:entities/bat}.pools[0].entries[0].functions[1]: Parameters [<parameter minecraft:tool>] are not provided in this context
[13Aug2026 09:34:53.188] [main/WARN] [net.minecraft.world.level.storage.loot.LootDataManager/]: Found loot table element validation problem in {loot_tables:waifu_of_god:entities/thieu_nu_bong_toi_kim_dan_tam_xa}.pools[0].entries[0].functions[1]: Parameters [<parameter minecraft:tool>] are not provided in this context
[13Aug2026 09:34:53.188] [main/WARN] [net.minecraft.world.level.storage.loot.LootDataManager/]: Found loot table element validation problem in {loot_tables:waifu_of_god:entities/dao_huu_nguyen_anh_tam_gan}.pools[2].entries[0].functions[1]: Parameters [<parameter minecraft:tool>] are not provided in this context
[13Aug2026 09:34:53.189] [main/WARN] [net.minecraft.world.level.storage.loot.LootDataManager/]: Found loot table element validation problem in {loot_tables:waifu_of_god:entities/dao_huu_nguyen_anh_tam_gan}.pools[1].entries[0].functions[1]: Parameters [<parameter minecraft:tool>] are not provided in this context
[13Aug2026 09:34:53.189] [main/WARN] [net.minecraft.world.level.storage.loot.LootDataManager/]: Found loot table element validation problem in {loot_tables:waifu_of_god:entities/dao_huu_kim_dan_tam_gan}.pools[0].entries[0].functions[1]: Parameters [<parameter minecraft:tool>] are not provided in this context
[13Aug2026 09:34:53.189] [main/WARN] [net.minecraft.world.level.storage.loot.LootDataManager/]: Found loot table element validation problem in {loot_tables:waifu_of_god:dao_huu_nguyen_anh_tam_xa}.pools[1].entries[0].functions[1]: Parameters [<parameter minecraft:tool>] are not provided in this context
[13Aug2026 09:34:53.189] [main/WARN] [net.minecraft.world.level.storage.loot.LootDataManager/]: Found loot table element validation problem in {loot_tables:waifu_of_god:entities/thieu_nu_bong_toi_nguyen_anh_tam_gan}.pools[0].entries[0].functions[1]: Parameters [<parameter minecraft:tool>] are not provided in this context
[13Aug2026 09:34:53.189] [main/WARN] [net.minecraft.world.level.storage.loot.LootDataManager/]: Found loot table element validation problem in {loot_tables:waifu_of_god:dao_huu_nguyen_anh_tam_xa}.pools[0].entries[0].functions[1]: Parameters [<parameter minecraft:tool>] are not provided in this context
[13Aug2026 09:34:53.190] [main/WARN] [net.minecraft.world.level.storage.loot.LootDataManager/]: Found loot table element validation problem in {loot_tables:waifu_of_god:entities/dao_huu_truc_co_tam_gan}.pools[0].entries[0].functions[1]: Parameters [<parameter minecraft:tool>] are not provided in this context
[13Aug2026 09:34:53.190] [main/WARN] [net.minecraft.world.level.storage.loot.LootDataManager/]: Found loot table element validation problem in {loot_tables:waifu_of_god:entities/dao_huu_nguyen_anh_tam_gan}.pools[0].entries[0].functions[1]: Parameters [<parameter minecraft:tool>] are not provided in this context
[13Aug2026 09:34:53.190] [main/WARN] [net.minecraft.world.level.storage.loot.LootDataManager/]: Found loot table element validation problem in {loot_tables:waifu_of_god:dao_huu_nguyen_anh_tam_xa}.pools[2].entries[0].functions[1]: Parameters [<parameter minecraft:tool>] are not provided in this context
[13Aug2026 09:34:53.190] [main/WARN] [net.minecraft.world.level.storage.loot.LootDataManager/]: Found loot table element validation problem in {loot_tables:waifu_of_god:entities/dao_huu_nguyen_anh_tam_xa}.pools[2].entries[0].functions[1]: Parameters [<parameter minecraft:tool>] are not provided in this context
[13Aug2026 09:34:53.191] [main/WARN] [net.minecraft.world.level.storage.loot.LootDataManager/]: Found loot table element validation problem in {loot_tables:waifu_of_god:entities/dao_huu_nguyen_anh_tam_gan}.pools[1].entries[1].functions[1]: Parameters [<parameter minecraft:tool>] are not provided in this context
[13Aug2026 09:34:53.191] [main/WARN] [net.minecraft.world.level.storage.loot.LootDataManager/]: Found loot table element validation problem in {loot_tables:waifu_of_god:entities/bach_van_tong_luyen_hu_attacker}.pools[1].entries[0].functions[1]: Parameters [<parameter minecraft:tool>] are not provided in this context
[13Aug2026 09:34:53.191] [main/WARN] [net.minecraft.world.level.storage.loot.LootDataManager/]: Found loot table element validation problem in {loot_tables:waifu_of_god:entities/dao_huu_nguyen_anh_tam_xa}.pools[1].entries[0].functions[1]: Parameters [<parameter minecraft:tool>] are not provided in this context
[13Aug2026 09:34:53.192] [main/WARN] [net.minecraft.world.level.storage.loot.LootDataManager/]: Found loot table element validation problem in {loot_tables:waifu_of_god:entities/dao_huu_kim_dan_tam_gan}.pools[1].entries[0].functions[1]: Parameters [<parameter minecraft:tool>] are not provided in this context
[13Aug2026 09:34:53.192] [main/WARN] [net.minecraft.world.level.storage.loot.LootDataManager/]: Found loot table element validation problem in {loot_tables:waifu_of_god:entities/bach_van_tong_luyen_hu_attacker}.pools[0].entries[0].functions[1]: Parameters [<parameter minecraft:tool>] are not provided in this context
[13Aug2026 09:34:53.192] [main/WARN] [net.minecraft.world.level.storage.loot.LootDataManager/]: Found loot table element validation problem in {loot_tables:waifu_of_god:entities/dao_huu_nguyen_anh_tam_xa}.pools[0].entries[0].functions[1]: Parameters [<parameter minecraft:tool>] are not provided in this context
[13Aug2026 09:34:53.201] [main/INFO] [placebo/]: Registered 34 additional loot tables.
[13Aug2026 09:34:53.253] [main/INFO] [net.minecraft.world.item.crafting.RecipeManager/]: Skipping loading recipe atmospheric:aspen_fence_from_aspen_logs_sawing as it's serializer returned null
[13Aug2026 09:34:53.261] [main/INFO] [mixin/]: Mixing MixinEnchantmentHelper from enigmaticlegacy.mixins.json into net.minecraft.world.item.enchantment.EnchantmentHelper
[13Aug2026 09:34:53.323] [main/INFO] [net.minecraft.world.item.crafting.RecipeManager/]: Skipping loading recipe atmospheric:laurel_fence_gate_from_laurel_logs_sawing as it's serializer returned null
[13Aug2026 09:34:53.351] [main/INFO] [net.minecraft.world.item.crafting.RecipeManager/]: Skipping loading recipe atmospheric:rosewood_leaf_pile as it's serializer returned null
[13Aug2026 09:34:53.369] [main/ERROR] [net.minecraft.world.item.crafting.RecipeManager/]: Parsing error loading recipe katana:melee/katanagai: com.google.gson.JsonSyntaxException: Unknown item 'lrtactical:melee'
[13Aug2026 09:34:53.369] [main/INFO] [net.minecraft.world.item.crafting.RecipeManager/]: Skipping loading recipe atmospheric:yucca_button_from_yucca_logs_sawing as it's serializer returned null
[13Aug2026 09:34:53.375] [main/INFO] [net.minecraft.world.item.crafting.RecipeManager/]: Skipping loading recipe atmospheric:aspen_boards_from_aspen_planks_sawing as it's serializer returned null
[13Aug2026 09:34:53.376] [main/INFO] [net.minecraft.world.item.crafting.RecipeManager/]: Skipping loading recipe atmospheric:morado_trapdoor_from_morado_logs_sawing as it's serializer returned null
[13Aug2026 09:34:53.395] [main/INFO] [net.minecraft.world.item.crafting.RecipeManager/]: Skipping loading recipe atmospheric:yucca_pressure_plate_from_yucca_logs_sawing as it's serializer returned null
[13Aug2026 09:34:53.412] [main/INFO] [net.minecraft.world.item.crafting.RecipeManager/]: Skipping loading recipe atmospheric:grimwood_boards_from_grimwood_logs_sawing as it's serializer returned null
[13Aug2026 09:34:53.415] [main/INFO] [net.minecraft.world.item.crafting.RecipeManager/]: Skipping loading recipe atmospheric:kousa_leaf_pile as it's serializer returned null
[13Aug2026 09:34:53.418] [main/INFO] [net.minecraft.world.item.crafting.RecipeManager/]: Skipping loading recipe atmospheric:grimwood_ladder as it's serializer returned null
[13Aug2026 09:34:53.422] [main/INFO] [net.minecraft.world.item.crafting.RecipeManager/]: Skipping loading recipe atmospheric:laurel_boards_from_laurel_planks_sawing as it's serializer returned null
[13Aug2026 09:34:53.439] [main/INFO] [net.minecraft.world.item.crafting.RecipeManager/]: Skipping loading recipe atmospheric:kousa_boards_from_kousa_planks_sawing as it's serializer returned null
[13Aug2026 09:34:53.440] [main/INFO] [net.minecraft.world.item.crafting.RecipeManager/]: Skipping loading recipe atmospheric:grimwood_leaf_pile as it's serializer returned null
[13Aug2026 09:34:53.444] [main/INFO] [net.minecraft.world.item.crafting.RecipeManager/]: Skipping loading recipe atmospheric:aspen_door_from_aspen_logs_sawing as it's serializer returned null
[13Aug2026 09:34:53.445] [main/INFO] [net.minecraft.world.item.crafting.RecipeManager/]: Skipping loading recipe atmospheric:aspen_pressure_plate_from_aspen_logs_sawing as it's serializer returned null
[13Aug2026 09:34:53.446] [main/INFO] [net.minecraft.world.item.crafting.RecipeManager/]: Skipping loading recipe atmospheric:aspen_slab_from_aspen_logs_sawing as it's serializer returned null
[13Aug2026 09:34:53.455] [main/INFO] [net.minecraft.world.item.crafting.RecipeManager/]: Skipping loading recipe atmospheric:large_laurel_boat as it's serializer returned null
[13Aug2026 09:34:53.457] [main/INFO] [net.minecraft.world.item.crafting.RecipeManager/]: Skipping loading recipe atmospheric:laurel_trapdoor_from_laurel_logs_sawing as it's serializer returned null
[13Aug2026 09:34:53.459] [main/INFO] [net.minecraft.world.item.crafting.RecipeManager/]: Skipping loading recipe atmospheric:grimwood_stairs_from_grimwood_planks_sawing as it's serializer returned null
[13Aug2026 09:34:53.467] [main/INFO] [net.minecraft.world.item.crafting.RecipeManager/]: Skipping loading recipe atmospheric:kousa_trapdoor_from_kousa_logs_sawing as it's serializer returned null
[13Aug2026 09:34:53.470] [main/INFO] [net.minecraft.world.item.crafting.RecipeManager/]: Skipping loading recipe atmospheric:trapped_rosewood_chest as it's serializer returned null
[13Aug2026 09:34:53.472] [main/ERROR] [net.minecraft.world.item.crafting.RecipeManager/]: Parsing error loading recipe katana:melee/murasama: com.google.gson.JsonSyntaxException: Unknown item 'lrtactical:melee'
[13Aug2026 09:34:53.473] [main/INFO] [net.minecraft.world.item.crafting.RecipeManager/]: Skipping loading recipe atmospheric:green_aspen_leaves_from_leaf_piles as it's serializer returned null
[13Aug2026 09:34:53.479] [main/INFO] [net.minecraft.world.item.crafting.RecipeManager/]: Skipping loading recipe atmospheric:yucca_beehive as it's serializer returned null
[13Aug2026 09:34:53.479] [main/INFO] [net.minecraft.world.item.crafting.RecipeManager/]: Skipping loading recipe atmospheric:yucca_leaves_from_leaf_piles as it's serializer returned null
[13Aug2026 09:34:53.481] [main/INFO] [net.minecraft.world.item.crafting.RecipeManager/]: Skipping loading recipe atmospheric:morado_fence_from_morado_planks_sawing as it's serializer returned null
[13Aug2026 09:34:53.481] [main/INFO] [net.minecraft.world.item.crafting.RecipeManager/]: Skipping loading recipe atmospheric:grimwood_button_from_grimwood_planks_sawing as it's serializer returned null
[13Aug2026 09:34:53.486] [main/INFO] [net.minecraft.world.item.crafting.RecipeManager/]: Skipping loading recipe atmospheric:yucca_slab_from_yucca_planks_sawing as it's serializer returned null
[13Aug2026 09:34:53.488] [main/INFO] [net.minecraft.world.item.crafting.RecipeManager/]: Skipping loading recipe atmospheric:yucca_boards_from_yucca_planks_sawing as it's serializer returned null
[13Aug2026 09:34:53.489] [main/INFO] [net.minecraft.world.item.crafting.RecipeManager/]: Skipping loading recipe atmospheric:yucca_furnace_boat as it's serializer returned null
[13Aug2026 09:34:53.492] [main/INFO] [net.minecraft.world.item.crafting.RecipeManager/]: Skipping loading recipe atmospheric:large_kousa_boat as it's serializer returned null
[13Aug2026 09:34:53.493] [main/INFO] [net.minecraft.world.item.crafting.RecipeManager/]: Skipping loading recipe atmospheric:large_rosewood_boat as it's serializer returned null
[13Aug2026 09:34:53.495] [main/INFO] [net.minecraft.world.item.crafting.RecipeManager/]: Skipping loading recipe projecte:tome as it's serializer returned null
[13Aug2026 09:34:53.499] [main/INFO] [net.minecraft.world.item.crafting.RecipeManager/]: Skipping loading recipe atmospheric:yucca_ladder_from_yucca_planks_sawing as it's serializer returned null
[13Aug2026 09:34:53.502] [main/INFO] [net.minecraft.world.item.crafting.RecipeManager/]: Skipping loading recipe atmospheric:kousa_beehive as it's serializer returned null
[13Aug2026 09:34:53.502] [main/INFO] [net.minecraft.world.item.crafting.RecipeManager/]: Skipping loading recipe atmospheric:kousa_boards_from_kousa_logs_sawing as it's serializer returned null
[13Aug2026 09:34:53.510] [main/ERROR] [net.minecraft.world.item.crafting.RecipeManager/]: Parsing error loading recipe katana:melee/shadow: com.google.gson.JsonSyntaxException: Unknown item 'lrtactical:melee'
[13Aug2026 09:34:53.513] [main/INFO] [net.minecraft.world.item.crafting.RecipeManager/]: Skipping loading recipe atmospheric:arid_glass_from_baking as it's serializer returned null
[13Aug2026 09:34:53.518] [main/INFO] [net.minecraft.world.item.crafting.RecipeManager/]: Skipping loading recipe atmospheric:rosewood_ladder as it's serializer returned null
[13Aug2026 09:34:53.525] [main/INFO] [net.minecraft.world.item.crafting.RecipeManager/]: Skipping loading recipe atmospheric:yucca_trapdoor_from_yucca_logs_sawing as it's serializer returned null
[13Aug2026 09:34:53.550] [main/INFO] [net.minecraft.world.item.crafting.RecipeManager/]: Skipping loading recipe atmospheric:laurel_bookshelf as it's serializer returned null
[13Aug2026 09:34:53.551] [main/INFO] [net.minecraft.world.item.crafting.RecipeManager/]: Skipping loading recipe atmospheric:aspen_furnace_boat as it's serializer returned null
[13Aug2026 09:34:53.553] [main/INFO] [net.minecraft.world.item.crafting.RecipeManager/]: Skipping loading recipe atmospheric:aspen_ladder as it's serializer returned null
[13Aug2026 09:34:53.556] [main/INFO] [net.minecraft.world.item.crafting.RecipeManager/]: Skipping loading recipe atmospheric:kousa_leaves_from_leaf_piles as it's serializer returned null
[13Aug2026 09:34:53.568] [main/ERROR] [net.minecraft.world.item.crafting.RecipeManager/]: Parsing error loading recipe katana:melee/shadow1: com.google.gson.JsonSyntaxException: Unknown item 'lrtactical:melee'
[13Aug2026 09:34:53.568] [main/ERROR] [net.minecraft.world.item.crafting.RecipeManager/]: Parsing error loading recipe katana:melee/shadow2: com.google.gson.JsonSyntaxException: Unknown item 'lrtactical:melee'
[13Aug2026 09:34:53.569] [main/INFO] [net.minecraft.world.item.crafting.RecipeManager/]: Skipping loading recipe atmospheric:yucca_chest as it's serializer returned null
[13Aug2026 09:34:53.570] [main/INFO] [net.minecraft.world.item.crafting.RecipeManager/]: Skipping loading recipe atmospheric:kousa_stairs_from_kousa_logs_sawing as it's serializer returned null
[13Aug2026 09:34:53.570] [main/INFO] [net.minecraft.world.item.crafting.RecipeManager/]: Skipping loading recipe atmospheric:grimwood_leaves_from_leaf_piles as it's serializer returned null
[13Aug2026 09:34:53.579] [main/INFO] [net.minecraft.world.item.crafting.RecipeManager/]: Skipping loading recipe atmospheric:morado_button_from_morado_planks_sawing as it's serializer returned null
[13Aug2026 09:34:53.588] [main/INFO] [net.minecraft.world.item.crafting.RecipeManager/]: Skipping loading recipe atmospheric:kousa_fence_from_kousa_logs_sawing as it's serializer returned null
[13Aug2026 09:34:53.590] [main/INFO] [net.minecraft.world.item.crafting.RecipeManager/]: Skipping loading recipe atmospheric:laurel_button_from_laurel_logs_sawing as it's serializer returned null
[13Aug2026 09:34:53.592] [main/INFO] [net.minecraft.world.item.crafting.RecipeManager/]: Skipping loading recipe atmospheric:rosewood_leaves_from_leaf_piles as it's serializer returned null
[13Aug2026 09:34:53.593] [main/INFO] [net.minecraft.world.item.crafting.RecipeManager/]: Skipping loading recipe atmospheric:rosewood_planks_from_rosewood_logs_sawing as it's serializer returned null
[13Aug2026 09:34:53.594] [main/INFO] [net.minecraft.world.item.crafting.RecipeManager/]: Skipping loading recipe atmospheric:morado_planks_from_morado_logs_sawing as it's serializer returned null
[13Aug2026 09:34:53.597] [main/INFO] [net.minecraft.world.item.crafting.RecipeManager/]: Skipping loading recipe atmospheric:kousa_pressure_plate_from_kousa_logs_sawing as it's serializer returned null
[13Aug2026 09:34:53.598] [main/INFO] [net.minecraft.world.item.crafting.RecipeManager/]: Skipping loading recipe atmospheric:morado_slab_from_morado_logs_sawing as it's serializer returned null
[13Aug2026 09:34:53.601] [main/INFO] [net.minecraft.world.item.crafting.RecipeManager/]: Skipping loading recipe atmospheric:flowering_morado_leaf_pile as it's serializer returned null
[13Aug2026 09:34:53.604] [main/INFO] [net.minecraft.world.item.crafting.RecipeManager/]: Skipping loading recipe atmospheric:kousa_bookshelf as it's serializer returned null
[13Aug2026 09:34:53.624] [main/INFO] [net.minecraft.world.item.crafting.RecipeManager/]: Skipping loading recipe atmospheric:grimwood_stairs_from_grimwood_logs_sawing as it's serializer returned null
[13Aug2026 09:34:53.627] [main/INFO] [net.minecraft.world.item.crafting.RecipeManager/]: Skipping loading recipe atmospheric:rosewood_chest as it's serializer returned null
[13Aug2026 09:34:53.627] [main/ERROR] [net.minecraft.world.item.crafting.RecipeManager/]: Parsing error loading recipe katana:melee/katana: com.google.gson.JsonSyntaxException: Unknown item 'lrtactical:melee'
[13Aug2026 09:34:53.630] [main/INFO] [net.minecraft.world.item.crafting.RecipeManager/]: Skipping loading recipe atmospheric:morado_boards_from_morado_logs_sawing as it's serializer returned null
[13Aug2026 09:34:53.631] [main/INFO] [net.minecraft.world.item.crafting.RecipeManager/]: Skipping loading recipe atmospheric:aspen_slab_from_aspen_planks_sawing as it's serializer returned null
[13Aug2026 09:34:53.674] [main/INFO] [net.minecraft.world.item.crafting.RecipeManager/]: Skipping loading recipe atmospheric:yucca_sign_from_yucca_logs_sawing as it's serializer returned null
[13Aug2026 09:34:53.676] [main/INFO] [net.minecraft.world.item.crafting.RecipeManager/]: Skipping loading recipe projecte:tome_alt as it's serializer returned null
[13Aug2026 09:34:53.680] [main/INFO] [net.minecraft.world.item.crafting.RecipeManager/]: Skipping loading recipe atmospheric:yucca_fence_from_yucca_logs_sawing as it's serializer returned null
[13Aug2026 09:34:53.690] [main/INFO] [net.minecraft.world.item.crafting.RecipeManager/]: Skipping loading recipe atmospheric:laurel_chest as it's serializer returned null
[13Aug2026 09:34:53.692] [main/INFO] [net.minecraft.world.item.crafting.RecipeManager/]: Skipping loading recipe atmospheric:grimwood_slab_from_grimwood_logs_sawing as it's serializer returned null
[13Aug2026 09:34:53.694] [main/INFO] [net.minecraft.world.item.crafting.RecipeManager/]: Skipping loading recipe atmospheric:rosewood_button_from_rosewood_logs_sawing as it's serializer returned null
[13Aug2026 09:34:53.695] [main/INFO] [net.minecraft.world.item.crafting.RecipeManager/]: Skipping loading recipe atmospheric:aspen_ladder_from_aspen_logs_sawing as it's serializer returned null
[13Aug2026 09:34:53.695] [main/INFO] [net.minecraft.world.item.crafting.RecipeManager/]: Skipping loading recipe atmospheric:morado_door_from_morado_logs_sawing as it's serializer returned null
[13Aug2026 09:34:53.695] [main/INFO] [net.minecraft.world.item.crafting.RecipeManager/]: Skipping loading recipe atmospheric:morado_ladder_from_morado_logs_sawing as it's serializer returned null
[13Aug2026 09:34:53.696] [main/INFO] [net.minecraft.world.item.crafting.RecipeManager/]: Skipping loading recipe atmospheric:morado_furnace_boat as it's serializer returned null
[13Aug2026 09:34:53.696] [main/INFO] [net.minecraft.world.item.crafting.RecipeManager/]: Skipping loading recipe atmospheric:morado_leaves_from_leaf_piles as it's serializer returned null
[13Aug2026 09:34:53.697] [main/INFO] [net.minecraft.world.item.crafting.RecipeManager/]: Skipping loading recipe atmospheric:large_aspen_boat as it's serializer returned null
[13Aug2026 09:34:53.722] [main/INFO] [net.minecraft.world.item.crafting.RecipeManager/]: Skipping loading recipe atmospheric:morado_button_from_morado_logs_sawing as it's serializer returned null
[13Aug2026 09:34:53.731] [main/INFO] [net.minecraft.world.item.crafting.RecipeManager/]: Skipping loading recipe atmospheric:laurel_leaves_from_leaf_piles as it's serializer returned null
[13Aug2026 09:34:53.731] [main/INFO] [net.minecraft.world.item.crafting.RecipeManager/]: Skipping loading recipe atmospheric:rosewood_slab_from_rosewood_planks_sawing as it's serializer returned null
[13Aug2026 09:34:53.735] [main/INFO] [net.minecraft.world.item.crafting.RecipeManager/]: Skipping loading recipe atmospheric:yucca_stairs_from_yucca_planks_sawing as it's serializer returned null
[13Aug2026 09:34:53.736] [main/INFO] [net.minecraft.world.item.crafting.RecipeManager/]: Skipping loading recipe atmospheric:kousa_boards as it's serializer returned null
[13Aug2026 09:34:53.737] [main/INFO] [net.minecraft.world.item.crafting.RecipeManager/]: Skipping loading recipe atmospheric:aspen_boards_from_aspen_logs_sawing as it's serializer returned null
[13Aug2026 09:34:53.737] [main/INFO] [net.minecraft.world.item.crafting.RecipeManager/]: Skipping loading recipe atmospheric:kousa_sign_from_kousa_logs_sawing as it's serializer returned null
[13Aug2026 09:34:53.741] [main/INFO] [net.minecraft.world.item.crafting.RecipeManager/]: Skipping loading recipe atmospheric:flowering_morado_leaves_from_leaf_piles as it's serializer returned null
[13Aug2026 09:34:53.742] [main/INFO] [net.minecraft.world.item.crafting.RecipeManager/]: Skipping loading recipe atmospheric:aspen_beehive as it's serializer returned null
[13Aug2026 09:34:53.742] [main/ERROR] [net.minecraft.world.item.crafting.RecipeManager/]: Parsing error loading recipe katana:melee/raiden: com.google.gson.JsonSyntaxException: Unknown item 'lrtactical:melee'
[13Aug2026 09:34:53.744] [main/INFO] [net.minecraft.world.item.crafting.RecipeManager/]: Skipping loading recipe supplementaries:inspirations/flag_clear as it's serializer returned null
[13Aug2026 09:34:53.744] [main/INFO] [net.minecraft.world.item.crafting.RecipeManager/]: Skipping loading recipe atmospheric:laurel_planks_from_laurel_logs_sawing as it's serializer returned null
[13Aug2026 09:34:53.751] [main/INFO] [net.minecraft.world.item.crafting.RecipeManager/]: Skipping loading recipe atmospheric:aspen_leaves_from_leaf_piles as it's serializer returned null
[13Aug2026 09:34:53.751] [main/INFO] [net.minecraft.world.item.crafting.RecipeManager/]: Skipping loading recipe atmospheric:grimwood_fence_from_grimwood_logs_sawing as it's serializer returned null
[13Aug2026 09:34:53.755] [main/INFO] [net.minecraft.world.item.crafting.RecipeManager/]: Skipping loading recipe atmospheric:laurel_button_from_laurel_planks_sawing as it's serializer returned null
[13Aug2026 09:34:53.756] [main/INFO] [net.minecraft.world.item.crafting.RecipeManager/]: Skipping loading recipe atmospheric:morado_leaf_pile as it's serializer returned null
[13Aug2026 09:34:53.760] [main/ERROR] [net.minecraft.world.item.crafting.RecipeManager/]: Parsing error loading recipe katana:melee/katanagai_h0: com.google.gson.JsonSyntaxException: Unknown item 'lrtactical:melee'
[13Aug2026 09:34:53.761] [main/INFO] [net.minecraft.world.item.crafting.RecipeManager/]: Skipping loading recipe atmospheric:laurel_boards_from_laurel_logs_sawing as it's serializer returned null
[13Aug2026 09:34:53.762] [main/INFO] [net.minecraft.world.item.crafting.RecipeManager/]: Skipping loading recipe atmospheric:rosewood_stairs_from_rosewood_planks_sawing as it's serializer returned null
[13Aug2026 09:34:53.765] [main/INFO] [net.minecraft.world.item.crafting.RecipeManager/]: Skipping loading recipe atmospheric:chiseled_yucca_bookshelf as it's serializer returned null
[13Aug2026 09:34:53.766] [main/INFO] [net.minecraft.world.item.crafting.RecipeManager/]: Skipping loading recipe atmospheric:morado_chest as it's serializer returned null
[13Aug2026 09:34:53.767] [main/INFO] [net.minecraft.world.item.crafting.RecipeManager/]: Skipping loading recipe atmospheric:yucca_ladder_from_yucca_logs_sawing as it's serializer returned null
[13Aug2026 09:34:53.776] [main/INFO] [net.minecraft.world.item.crafting.RecipeManager/]: Skipping loading recipe atmospheric:morado_stairs_from_morado_planks_sawing as it's serializer returned null
[13Aug2026 09:34:53.782] [main/INFO] [net.minecraft.world.item.crafting.RecipeManager/]: Skipping loading recipe atmospheric:yucca_boards_from_yucca_logs_sawing as it's serializer returned null
[13Aug2026 09:34:53.785] [main/INFO] [net.minecraft.world.item.crafting.RecipeManager/]: Skipping loading recipe atmospheric:laurel_slab_from_laurel_planks_sawing as it's serializer returned null
[13Aug2026 09:34:53.785] [main/INFO] [net.minecraft.world.item.crafting.RecipeManager/]: Skipping loading recipe atmospheric:currant_leaf_pile as it's serializer returned null
[13Aug2026 09:34:53.786] [main/INFO] [net.minecraft.world.item.crafting.RecipeManager/]: Skipping loading recipe atmospheric:grimwood_ladder_from_grimwood_logs_sawing as it's serializer returned null
[13Aug2026 09:34:53.786] [main/INFO] [net.minecraft.world.item.crafting.RecipeManager/]: Skipping loading recipe atmospheric:yucca_fence_from_yucca_planks_sawing as it's serializer returned null
[13Aug2026 09:34:53.799] [main/INFO] [net.minecraft.world.item.crafting.RecipeManager/]: Skipping loading recipe atmospheric:yucca_leaf_pile as it's serializer returned null
[13Aug2026 09:34:53.805] [main/INFO] [net.minecraft.world.item.crafting.RecipeManager/]: Skipping loading recipe atmospheric:morado_stairs_from_morado_logs_sawing as it's serializer returned null
[13Aug2026 09:34:53.806] [main/INFO] [net.minecraft.world.item.crafting.RecipeManager/]: Skipping loading recipe atmospheric:aspen_planks_from_aspen_logs_sawing as it's serializer returned null
[13Aug2026 09:34:53.806] [main/INFO] [net.minecraft.world.item.crafting.RecipeManager/]: Skipping loading recipe atmospheric:grimwood_fence_from_grimwood_planks_sawing as it's serializer returned null
[13Aug2026 09:34:53.808] [main/INFO] [net.minecraft.world.item.crafting.RecipeManager/]: Skipping loading recipe atmospheric:aspen_stairs_from_aspen_planks_sawing as it's serializer returned null
[13Aug2026 09:34:53.809] [main/INFO] [net.minecraft.world.item.crafting.RecipeManager/]: Skipping loading recipe atmospheric:morado_ladder_from_morado_planks_sawing as it's serializer returned null
[13Aug2026 09:34:53.810] [main/INFO] [net.minecraft.world.item.crafting.RecipeManager/]: Skipping loading recipe atmospheric:large_morado_boat as it's serializer returned null
[13Aug2026 09:34:53.811] [main/INFO] [net.minecraft.world.item.crafting.RecipeManager/]: Skipping loading recipe atmospheric:grimwood_pressure_plate_from_grimwood_logs_sawing as it's serializer returned null
[13Aug2026 09:34:53.811] [main/INFO] [net.minecraft.world.item.crafting.RecipeManager/]: Skipping loading recipe supplementaries:inspirations/blackboard_clear as it's serializer returned null
[13Aug2026 09:34:53.817] [main/INFO] [net.minecraft.world.item.crafting.RecipeManager/]: Skipping loading recipe atmospheric:dry_laurel_leaf_pile as it's serializer returned null
[13Aug2026 09:34:53.819] [main/INFO] [net.minecraft.world.item.crafting.RecipeManager/]: Skipping loading recipe atmospheric:rosewood_slab_from_rosewood_logs_sawing as it's serializer returned null
[13Aug2026 09:34:53.820] [main/INFO] [net.minecraft.world.item.crafting.RecipeManager/]: Skipping loading recipe atmospheric:smooth_red_arid_sandstone_from_baking as it's serializer returned null
[13Aug2026 09:34:53.848] [main/INFO] [net.minecraft.world.item.crafting.RecipeManager/]: Skipping loading recipe atmospheric:grimwood_door_from_grimwood_logs_sawing as it's serializer returned null
[13Aug2026 09:34:53.852] [main/INFO] [net.minecraft.world.item.crafting.RecipeManager/]: Skipping loading recipe atmospheric:grimwood_sign_from_grimwood_logs_sawing as it's serializer returned null
[13Aug2026 09:34:53.857] [main/INFO] [net.minecraft.world.item.crafting.RecipeManager/]: Skipping loading recipe atmospheric:morado_fence_gate_from_morado_logs_sawing as it's serializer returned null
[13Aug2026 09:34:53.863] [main/INFO] [net.minecraft.world.item.crafting.RecipeManager/]: Skipping loading recipe atmospheric:trapped_laurel_chest as it's serializer returned null
[13Aug2026 09:34:53.865] [main/INFO] [net.minecraft.world.item.crafting.RecipeManager/]: Skipping loading recipe atmospheric:dry_laurel_leaves_from_leaf_piles as it's serializer returned null
[13Aug2026 09:34:53.867] [main/INFO] [net.minecraft.world.item.crafting.RecipeManager/]: Skipping loading recipe supplementaries:inspirations/flag_dye as it's serializer returned null
[13Aug2026 09:34:53.870] [main/INFO] [net.minecraft.world.item.crafting.RecipeManager/]: Skipping loading recipe atmospheric:large_yucca_boat as it's serializer returned null
[13Aug2026 09:34:53.873] [main/INFO] [net.minecraft.world.item.crafting.RecipeManager/]: Skipping loading recipe atmospheric:grimwood_chest as it's serializer returned null
[13Aug2026 09:34:53.874] [main/INFO] [net.minecraft.world.item.crafting.RecipeManager/]: Skipping loading recipe atmospheric:morado_fence_from_morado_logs_sawing as it's serializer returned null
[13Aug2026 09:34:53.875] [main/INFO] [net.minecraft.world.item.crafting.RecipeManager/]: Skipping loading recipe atmospheric:kousa_button_from_kousa_planks_sawing as it's serializer returned null
[13Aug2026 09:34:53.876] [main/INFO] [net.minecraft.world.item.crafting.RecipeManager/]: Skipping loading recipe atmospheric:aspen_bookshelf as it's serializer returned null
[13Aug2026 09:34:53.880] [main/INFO] [net.minecraft.world.item.crafting.RecipeManager/]: Skipping loading recipe atmospheric:kousa_slab_from_kousa_logs_sawing as it's serializer returned null
[13Aug2026 09:34:53.883] [main/INFO] [net.minecraft.world.item.crafting.RecipeManager/]: Skipping loading recipe atmospheric:grimwood_boards_from_grimwood_planks_sawing as it's serializer returned null
[13Aug2026 09:34:53.885] [main/INFO] [net.minecraft.world.item.crafting.RecipeManager/]: Skipping loading recipe atmospheric:laurel_fence_from_laurel_logs_sawing as it's serializer returned null
[13Aug2026 09:34:53.895] [main/INFO] [net.minecraft.world.item.crafting.RecipeManager/]: Skipping loading recipe atmospheric:laurel_beehive as it's serializer returned null
[13Aug2026 09:34:53.896] [main/INFO] [net.minecraft.world.item.crafting.RecipeManager/]: Skipping loading recipe atmospheric:aspen_button_from_aspen_planks_sawing as it's serializer returned null
[13Aug2026 09:34:53.896] [main/INFO] [net.minecraft.world.item.crafting.RecipeManager/]: Skipping loading recipe atmospheric:grimwood_slab_from_grimwood_planks_sawing as it's serializer returned null
[13Aug2026 09:34:53.897] [main/INFO] [net.minecraft.world.item.crafting.RecipeManager/]: Skipping loading recipe atmospheric:cyan_dye_from_baking as it's serializer returned null
[13Aug2026 09:34:53.899] [main/INFO] [net.minecraft.world.item.crafting.RecipeManager/]: Skipping loading recipe atmospheric:chiseled_grimwood_bookshelf as it's serializer returned null
[13Aug2026 09:34:53.906] [main/INFO] [net.minecraft.world.item.crafting.RecipeManager/]: Skipping loading recipe atmospheric:yucca_button_from_yucca_planks_sawing as it's serializer returned null
[13Aug2026 09:34:53.907] [main/INFO] [net.minecraft.world.item.crafting.RecipeManager/]: Skipping loading recipe tconstruct:smeltery/alloys/molten_pewter as it's serializer returned null
[13Aug2026 09:34:53.909] [main/INFO] [net.minecraft.world.item.crafting.RecipeManager/]: Skipping loading recipe atmospheric:aspen_chest as it's serializer returned null
[13Aug2026 09:34:53.910] [main/INFO] [net.minecraft.world.item.crafting.RecipeManager/]: Skipping loading recipe atmospheric:aspen_fence_gate_from_aspen_logs_sawing as it's serializer returned null
[13Aug2026 09:34:53.917] [main/INFO] [net.minecraft.world.item.crafting.RecipeManager/]: Skipping loading recipe atmospheric:laurel_stairs_from_laurel_planks_sawing as it's serializer returned null
[13Aug2026 09:34:53.924] [main/INFO] [net.minecraft.world.item.crafting.RecipeManager/]: Skipping loading recipe atmospheric:rosewood_beehive as it's serializer returned null
[13Aug2026 09:34:53.929] [main/INFO] [net.minecraft.world.item.crafting.RecipeManager/]: Skipping loading recipe atmospheric:trapped_kousa_chest as it's serializer returned null
[13Aug2026 09:34:53.937] [main/INFO] [net.minecraft.world.item.crafting.RecipeManager/]: Skipping loading recipe atmospheric:rosewood_bookshelf as it's serializer returned null
[13Aug2026 09:34:53.942] [main/INFO] [net.minecraft.world.item.crafting.RecipeManager/]: Skipping loading recipe atmospheric:yucca_door_from_yucca_logs_sawing as it's serializer returned null
[13Aug2026 09:34:53.944] [main/ERROR] [net.minecraft.world.item.crafting.RecipeManager/]: Parsing error loading recipe katana:melee/ryuichimonji: com.google.gson.JsonSyntaxException: Unknown item 'lrtactical:melee'
[13Aug2026 09:34:53.945] [main/INFO] [net.minecraft.world.item.crafting.RecipeManager/]: Skipping loading recipe atmospheric:smooth_arid_sandstone_from_baking as it's serializer returned null
[13Aug2026 09:34:53.947] [main/INFO] [net.minecraft.world.item.crafting.RecipeManager/]: Skipping loading recipe atmospheric:trapped_yucca_chest as it's serializer returned null
[13Aug2026 09:34:53.952] [main/INFO] [net.minecraft.world.item.crafting.RecipeManager/]: Skipping loading recipe atmospheric:grimwood_boards as it's serializer returned null
[13Aug2026 09:34:53.954] [main/INFO] [net.minecraft.world.item.crafting.RecipeManager/]: Skipping loading recipe atmospheric:rosewood_sign_from_rosewood_logs_sawing as it's serializer returned null
[13Aug2026 09:34:53.958] [main/INFO] [net.minecraft.world.item.crafting.RecipeManager/]: Skipping loading recipe atmospheric:rosewood_pressure_plate_from_rosewood_logs_sawing as it's serializer returned null
[13Aug2026 09:34:53.959] [main/INFO] [net.minecraft.world.item.crafting.RecipeManager/]: Skipping loading recipe atmospheric:kousa_slab_from_kousa_planks_sawing as it's serializer returned null
[13Aug2026 09:34:53.961] [main/INFO] [net.minecraft.world.item.crafting.RecipeManager/]: Skipping loading recipe atmospheric:kousa_door_from_kousa_logs_sawing as it's serializer returned null
[13Aug2026 09:34:53.965] [main/INFO] [net.minecraft.world.item.crafting.RecipeManager/]: Skipping loading recipe atmospheric:kousa_fence_from_kousa_planks_sawing as it's serializer returned null
[13Aug2026 09:34:53.966] [main/INFO] [net.minecraft.world.item.crafting.RecipeManager/]: Skipping loading recipe atmospheric:morado_boards as it's serializer returned null
[13Aug2026 09:34:53.976] [main/INFO] [net.minecraft.world.item.crafting.RecipeManager/]: Skipping loading recipe atmospheric:yucca_slab_from_yucca_logs_sawing as it's serializer returned null
[13Aug2026 09:34:53.985] [main/INFO] [net.minecraft.world.item.crafting.RecipeManager/]: Skipping loading recipe atmospheric:chiseled_rosewood_bookshelf as it's serializer returned null
[13Aug2026 09:34:53.988] [main/INFO] [net.minecraft.world.item.crafting.RecipeManager/]: Skipping loading recipe atmospheric:grimwood_beehive as it's serializer returned null
[13Aug2026 09:34:53.988] [main/INFO] [net.minecraft.world.item.crafting.RecipeManager/]: Skipping loading recipe atmospheric:rosewood_boards_from_rosewood_planks_sawing as it's serializer returned null
[13Aug2026 09:34:53.989] [main/INFO] [net.minecraft.world.item.crafting.RecipeManager/]: Skipping loading recipe atmospheric:laurel_door_from_laurel_logs_sawing as it's serializer returned null
[13Aug2026 09:34:53.990] [main/INFO] [net.minecraft.world.item.crafting.RecipeManager/]: Skipping loading recipe atmospheric:chiseled_laurel_bookshelf as it's serializer returned null
[13Aug2026 09:34:53.997] [main/INFO] [net.minecraft.world.item.crafting.RecipeManager/]: Skipping loading recipe atmospheric:morado_beehive as it's serializer returned null
[13Aug2026 09:34:54.003] [main/INFO] [net.minecraft.world.item.crafting.RecipeManager/]: Skipping loading recipe atmospheric:kousa_ladder as it's serializer returned null
[13Aug2026 09:34:54.011] [main/INFO] [net.minecraft.world.item.crafting.RecipeManager/]: Skipping loading recipe atmospheric:aspen_trapdoor_from_aspen_logs_sawing as it's serializer returned null
[13Aug2026 09:34:54.015] [main/INFO] [net.minecraft.world.item.crafting.RecipeManager/]: Skipping loading recipe atmospheric:laurel_fence_from_laurel_planks_sawing as it's serializer returned null
[13Aug2026 09:34:54.024] [main/INFO] [net.minecraft.world.item.crafting.RecipeManager/]: Skipping loading recipe atmospheric:kousa_ladder_from_kousa_logs_sawing as it's serializer returned null
[13Aug2026 09:34:54.025] [main/INFO] [net.minecraft.world.item.crafting.RecipeManager/]: Skipping loading recipe atmospheric:rosewood_boards_from_rosewood_logs_sawing as it's serializer returned null
[13Aug2026 09:34:54.026] [main/INFO] [net.minecraft.world.item.crafting.RecipeManager/]: Skipping loading recipe atmospheric:laurel_ladder_from_laurel_logs_sawing as it's serializer returned null
[13Aug2026 09:34:54.029] [main/INFO] [net.minecraft.world.item.crafting.RecipeManager/]: Skipping loading recipe atmospheric:trapped_aspen_chest as it's serializer returned null
[13Aug2026 09:34:54.030] [main/INFO] [net.minecraft.world.item.crafting.RecipeManager/]: Skipping loading recipe atmospheric:rosewood_ladder_from_rosewood_planks_sawing as it's serializer returned null
[13Aug2026 09:34:54.032] [main/INFO] [net.minecraft.world.item.crafting.RecipeManager/]: Skipping loading recipe atmospheric:kousa_chest as it's serializer returned null
[13Aug2026 09:34:54.032] [main/INFO] [net.minecraft.world.item.crafting.RecipeManager/]: Skipping loading recipe atmospheric:rosewood_fence_from_rosewood_planks_sawing as it's serializer returned null
[13Aug2026 09:34:54.033] [main/INFO] [net.minecraft.world.item.crafting.RecipeManager/]: Skipping loading recipe atmospheric:laurel_boards as it's serializer returned null
[13Aug2026 09:34:54.033] [main/INFO] [net.minecraft.world.item.crafting.RecipeManager/]: Skipping loading recipe atmospheric:grimwood_bookshelf as it's serializer returned null
[13Aug2026 09:34:54.034] [main/INFO] [net.minecraft.world.item.crafting.RecipeManager/]: Skipping loading recipe atmospheric:aspen_fence_from_aspen_planks_sawing as it's serializer returned null
[13Aug2026 09:34:54.035] [main/INFO] [net.minecraft.world.item.crafting.RecipeManager/]: Skipping loading recipe atmospheric:glass_from_baking as it's serializer returned null
[13Aug2026 09:34:54.038] [main/INFO] [net.minecraft.world.item.crafting.RecipeManager/]: Skipping loading recipe atmospheric:kousa_fence_gate_from_kousa_logs_sawing as it's serializer returned null
[13Aug2026 09:34:54.038] [main/INFO] [net.minecraft.world.item.crafting.RecipeManager/]: Skipping loading recipe atmospheric:trapped_grimwood_chest as it's serializer returned null
[13Aug2026 09:34:54.039] [main/INFO] [net.minecraft.world.item.crafting.RecipeManager/]: Skipping loading recipe atmospheric:grimwood_button_from_grimwood_logs_sawing as it's serializer returned null
[13Aug2026 09:34:54.041] [main/INFO] [net.minecraft.world.item.crafting.RecipeManager/]: Skipping loading recipe atmospheric:laurel_sign_from_laurel_logs_sawing as it's serializer returned null
[13Aug2026 09:34:54.045] [main/INFO] [net.minecraft.world.item.crafting.RecipeManager/]: Skipping loading recipe atmospheric:morado_pressure_plate_from_morado_logs_sawing as it's serializer returned null
[13Aug2026 09:34:54.046] [main/INFO] [net.minecraft.world.item.crafting.RecipeManager/]: Skipping loading recipe atmospheric:laurel_leaf_pile as it's serializer returned null
[13Aug2026 09:34:54.049] [main/INFO] [net.minecraft.world.item.crafting.RecipeManager/]: Skipping loading recipe atmospheric:laurel_pressure_plate_from_laurel_logs_sawing as it's serializer returned null
[13Aug2026 09:34:54.052] [main/INFO] [net.minecraft.world.item.crafting.RecipeManager/]: Skipping loading recipe atmospheric:laurel_furnace_boat as it's serializer returned null
[13Aug2026 09:34:54.055] [main/INFO] [net.minecraft.world.item.crafting.RecipeManager/]: Skipping loading recipe atmospheric:rosewood_ladder_from_rosewood_logs_sawing as it's serializer returned null
[13Aug2026 09:34:54.056] [main/INFO] [net.minecraft.world.item.crafting.RecipeManager/]: Skipping loading recipe atmospheric:kousa_planks_from_kousa_logs_sawing as it's serializer returned null
[13Aug2026 09:34:54.059] [main/INFO] [net.minecraft.world.item.crafting.RecipeManager/]: Skipping loading recipe atmospheric:laurel_slab_from_laurel_logs_sawing as it's serializer returned null
[13Aug2026 09:34:54.066] [main/INFO] [net.minecraft.world.item.crafting.RecipeManager/]: Skipping loading recipe atmospheric:aspen_ladder_from_aspen_planks_sawing as it's serializer returned null
[13Aug2026 09:34:54.066] [main/INFO] [net.minecraft.world.item.crafting.RecipeManager/]: Skipping loading recipe atmospheric:trapped_morado_chest as it's serializer returned null
[13Aug2026 09:34:54.066] [main/INFO] [net.minecraft.world.item.crafting.RecipeManager/]: Skipping loading recipe atmospheric:kousa_furnace_boat as it's serializer returned null
[13Aug2026 09:34:54.069] [main/INFO] [net.minecraft.world.item.crafting.RecipeManager/]: Skipping loading recipe atmospheric:chiseled_aspen_bookshelf as it's serializer returned null
[13Aug2026 09:34:54.073] [main/INFO] [net.minecraft.world.item.crafting.RecipeManager/]: Skipping loading recipe atmospheric:grimwood_ladder_from_grimwood_planks_sawing as it's serializer returned null
[13Aug2026 09:34:54.079] [main/INFO] [net.minecraft.world.item.crafting.RecipeManager/]: Skipping loading recipe atmospheric:kousa_button_from_kousa_logs_sawing as it's serializer returned null
[13Aug2026 09:34:54.080] [main/INFO] [net.minecraft.world.item.crafting.RecipeManager/]: Skipping loading recipe atmospheric:laurel_ladder_from_laurel_planks_sawing as it's serializer returned null
[13Aug2026 09:34:54.081] [main/INFO] [net.minecraft.world.item.crafting.RecipeManager/]: Skipping loading recipe atmospheric:rosewood_button_from_rosewood_planks_sawing as it's serializer returned null
[13Aug2026 09:34:54.085] [main/INFO] [net.minecraft.world.item.crafting.RecipeManager/]: Skipping loading recipe atmospheric:morado_boards_from_morado_planks_sawing as it's serializer returned null
[13Aug2026 09:34:54.085] [main/INFO] [net.minecraft.world.item.crafting.RecipeManager/]: Skipping loading recipe atmospheric:morado_sign_from_morado_logs_sawing as it's serializer returned null
[13Aug2026 09:34:54.088] [main/INFO] [net.minecraft.world.item.crafting.RecipeManager/]: Skipping loading recipe atmospheric:rosewood_fence_gate_from_rosewood_logs_sawing as it's serializer returned null
[13Aug2026 09:34:54.089] [main/INFO] [net.minecraft.world.item.crafting.RecipeManager/]: Skipping loading recipe atmospheric:rosewood_door_from_rosewood_logs_sawing as it's serializer returned null
[13Aug2026 09:34:54.091] [main/INFO] [net.minecraft.world.item.crafting.RecipeManager/]: Skipping loading recipe atmospheric:grimwood_furnace_boat as it's serializer returned null
[13Aug2026 09:34:54.095] [main/INFO] [net.minecraft.world.item.crafting.RecipeManager/]: Skipping loading recipe atmospheric:currant_leaves_from_leaf_piles as it's serializer returned null
[13Aug2026 09:34:54.101] [main/INFO] [net.minecraft.world.item.crafting.RecipeManager/]: Skipping loading recipe atmospheric:rosewood_stairs_from_rosewood_logs_sawing as it's serializer returned null
[13Aug2026 09:34:54.102] [main/INFO] [net.minecraft.world.item.crafting.RecipeManager/]: Skipping loading recipe atmospheric:rosewood_furnace_boat as it's serializer returned null
[13Aug2026 09:34:54.102] [main/INFO] [net.minecraft.world.item.crafting.RecipeManager/]: Skipping loading recipe atmospheric:laurel_ladder as it's serializer returned null
[13Aug2026 09:34:54.103] [main/INFO] [net.minecraft.world.item.crafting.RecipeManager/]: Skipping loading recipe atmospheric:yucca_ladder as it's serializer returned null
[13Aug2026 09:34:54.105] [main/INFO] [net.minecraft.world.item.crafting.RecipeManager/]: Skipping loading recipe atmospheric:kousa_ladder_from_kousa_planks_sawing as it's serializer returned null
[13Aug2026 09:34:54.106] [main/INFO] [net.minecraft.world.item.crafting.RecipeManager/]: Skipping loading recipe atmospheric:yucca_fence_gate_from_yucca_logs_sawing as it's serializer returned null
[13Aug2026 09:34:54.114] [main/INFO] [net.minecraft.world.item.crafting.RecipeManager/]: Skipping loading recipe atmospheric:aspen_leaf_pile as it's serializer returned null
[13Aug2026 09:34:54.116] [main/INFO] [net.minecraft.world.item.crafting.RecipeManager/]: Skipping loading recipe atmospheric:rosewood_trapdoor_from_rosewood_logs_sawing as it's serializer returned null
[13Aug2026 09:34:54.117] [main/INFO] [net.minecraft.world.item.crafting.RecipeManager/]: Skipping loading recipe atmospheric:chiseled_kousa_bookshelf as it's serializer returned null
[13Aug2026 09:34:54.117] [main/INFO] [net.minecraft.world.item.crafting.RecipeManager/]: Skipping loading recipe atmospheric:yucca_boards as it's serializer returned null
[13Aug2026 09:34:54.117] [main/INFO] [net.minecraft.world.item.crafting.RecipeManager/]: Skipping loading recipe atmospheric:kousa_stairs_from_kousa_planks_sawing as it's serializer returned null
[13Aug2026 09:34:54.118] [main/INFO] [net.minecraft.world.item.crafting.RecipeManager/]: Skipping loading recipe atmospheric:morado_ladder as it's serializer returned null
[13Aug2026 09:34:54.119] [main/INFO] [net.minecraft.world.item.crafting.RecipeManager/]: Skipping loading recipe atmospheric:rosewood_boards as it's serializer returned null
[13Aug2026 09:34:54.125] [main/INFO] [net.minecraft.world.item.crafting.RecipeManager/]: Skipping loading recipe atmospheric:glass_pane_from_baking as it's serializer returned null
[13Aug2026 09:34:54.126] [main/INFO] [net.minecraft.world.item.crafting.RecipeManager/]: Skipping loading recipe atmospheric:aspen_stairs_from_aspen_logs_sawing as it's serializer returned null
[13Aug2026 09:34:54.127] [main/INFO] [net.minecraft.world.item.crafting.RecipeManager/]: Skipping loading recipe atmospheric:aspen_sign_from_aspen_logs_sawing as it's serializer returned null
[13Aug2026 09:34:54.132] [main/INFO] [net.minecraft.world.item.crafting.RecipeManager/]: Skipping loading recipe atmospheric:laurel_stairs_from_laurel_logs_sawing as it's serializer returned null
[13Aug2026 09:34:54.138] [main/INFO] [net.minecraft.world.item.crafting.RecipeManager/]: Skipping loading recipe atmospheric:grimwood_fence_gate_from_grimwood_logs_sawing as it's serializer returned null
[13Aug2026 09:34:54.156] [main/INFO] [net.minecraft.world.item.crafting.RecipeManager/]: Skipping loading recipe atmospheric:rosewood_fence_from_rosewood_logs_sawing as it's serializer returned null
[13Aug2026 09:34:54.161] [main/INFO] [net.minecraft.world.item.crafting.RecipeManager/]: Skipping loading recipe atmospheric:aspen_button_from_aspen_logs_sawing as it's serializer returned null
[13Aug2026 09:34:54.165] [main/INFO] [net.minecraft.world.item.crafting.RecipeManager/]: Skipping loading recipe atmospheric:yucca_bookshelf as it's serializer returned null
[13Aug2026 09:34:54.167] [main/INFO] [net.minecraft.world.item.crafting.RecipeManager/]: Skipping loading recipe atmospheric:grimwood_planks_from_grimwood_logs_sawing as it's serializer returned null
[13Aug2026 09:34:54.168] [main/ERROR] [net.minecraft.world.item.crafting.RecipeManager/]: Parsing error loading recipe katana:melee/ryuichimonji_h0: com.google.gson.JsonSyntaxException: Unknown item 'lrtactical:melee'
[13Aug2026 09:34:54.168] [main/INFO] [net.minecraft.world.item.crafting.RecipeManager/]: Skipping loading recipe atmospheric:large_grimwood_boat as it's serializer returned null
[13Aug2026 09:34:54.168] [main/INFO] [net.minecraft.world.item.crafting.RecipeManager/]: Skipping loading recipe atmospheric:aspen_boards as it's serializer returned null
[13Aug2026 09:34:54.168] [main/INFO] [net.minecraft.world.item.crafting.RecipeManager/]: Skipping loading recipe atmospheric:yucca_stairs_from_yucca_logs_sawing as it's serializer returned null
[13Aug2026 09:34:54.169] [main/INFO] [net.minecraft.world.item.crafting.RecipeManager/]: Skipping loading recipe atmospheric:green_aspen_leaf_pile as it's serializer returned null
[13Aug2026 09:34:54.170] [main/INFO] [net.minecraft.world.item.crafting.RecipeManager/]: Skipping loading recipe atmospheric:yucca_planks_from_yucca_logs_sawing as it's serializer returned null
[13Aug2026 09:34:54.182] [main/INFO] [net.minecraft.world.item.crafting.RecipeManager/]: Skipping loading recipe atmospheric:chiseled_morado_bookshelf as it's serializer returned null
[13Aug2026 09:34:54.182] [main/INFO] [net.minecraft.world.item.crafting.RecipeManager/]: Skipping loading recipe atmospheric:morado_slab_from_morado_planks_sawing as it's serializer returned null
[13Aug2026 09:34:54.184] [main/INFO] [net.minecraft.world.item.crafting.RecipeManager/]: Skipping loading recipe atmospheric:morado_bookshelf as it's serializer returned null
[13Aug2026 09:34:54.184] [main/INFO] [net.minecraft.world.item.crafting.RecipeManager/]: Skipping loading recipe atmospheric:grimwood_trapdoor_from_grimwood_logs_sawing as it's serializer returned null
[13Aug2026 09:34:54.190] [main/INFO] [net.minecraft.world.item.crafting.RecipeManager/]: Loaded 56 recipes
[13Aug2026 09:34:54.199] [main/ERROR] [HammerLib/]: Register attachment for RegisterRecipesEvent: org.zeith.hammerlib.core.test.HammerLibRecipeExtension.
[13Aug2026 09:34:54.199] [main/ERROR] [HammerLib/]: Register attachment for RegisterRecipesEvent: org.zeith.improvableskills.api.recipe.Is3RecipeBuilderExtension.
[13Aug2026 09:34:54.231] [main/INFO] [HammerLib/]: Reloading HammerLib recipes...
[13Aug2026 09:34:54.233] [main/INFO] [HammerLib/]: HammerLib injected 16 recipes into recipe map. Removed 0 recipes from the game.
[13Aug2026 09:34:54.240] [main/INFO] [HammerLib/]: Registered 16 additional recipes.
[13Aug2026 09:34:54.245] [main/INFO] [com.teamabnormals.blueprint.core.Blueprint/]: Advancement Modification Manager has loaded 6 modifier groups
[13Aug2026 09:34:54.246] [main/WARN] [HammerLib/]: Unable to find registry for tag directory tags/functions
[13Aug2026 09:34:54.502] [main/INFO] [quark/]: [Automatic Recipe Unlock] Removed 6194 recipe advancements
[13Aug2026 09:34:54.514] [main/INFO] [net.minecraft.advancements.AdvancementList/]: Loaded 784 advancements
[13Aug2026 09:34:54.532] [main/INFO] [placebo/]: Registered 26 additional recipes.
[13Aug2026 09:34:57.527] [main/INFO] [com.cupboard.Cupboard/]: Loaded config for: lootintegrations.json
[13Aug2026 09:34:57.557] [main/INFO] [top.theillusivec4.curios.Curios/]: Loaded 23 curio slots
[13Aug2026 09:34:57.561] [main/INFO] [top.theillusivec4.curios.Curios/]: Loaded 1 curio entities
[13Aug2026 09:34:57.716] [main/ERROR] [tacz/GunIndexLoader]: Failed to load data file vvip:masterhero
com.google.gson.JsonParseException: index object missing type field
	at com.tacz.guns.resource.serialize.CommonGunIndexSerializer.deserialize(CommonGunIndexSerializer.java:19) ~[tacz-1.20.1-1.1.8-hotfix.jar%23279!/:1.1.8-hotfix]
	at com.tacz.guns.resource.serialize.CommonGunIndexSerializer.deserialize(CommonGunIndexSerializer.java:12) ~[tacz-1.20.1-1.1.8-hotfix.jar%23279!/:1.1.8-hotfix]
	at com.google.gson.internal.bind.TreeTypeAdapter.read(TreeTypeAdapter.java:76) ~[gson-2.10.jar%2372!/:?]
	at com.google.gson.Gson.fromJson(Gson.java:1214) ~[gson-2.10.jar%2372!/:?]
	at com.google.gson.Gson.fromJson(Gson.java:1319) ~[gson-2.10.jar%2372!/:?]
	at com.google.gson.Gson.fromJson(Gson.java:1261) ~[gson-2.10.jar%2372!/:?]
	at com.tacz.guns.resource.manager.JsonDataManager.parseJson(JsonDataManager.java:70) ~[tacz-1.20.1-1.1.8-hotfix.jar%23279!/:1.1.8-hotfix]
	at com.tacz.guns.resource.manager.JsonDataManager.apply(JsonDataManager.java:59) ~[tacz-1.20.1-1.1.8-hotfix.jar%23279!/:1.1.8-hotfix]
	at com.tacz.guns.resource.manager.CommonDataManager.apply(CommonDataManager.java:35) ~[tacz-1.20.1-1.1.8-hotfix.jar%23279!/:1.1.8-hotfix]
	at com.tacz.guns.resource.manager.CommonDataManager.m_5787_(CommonDataManager.java:19) ~[tacz-1.20.1-1.1.8-hotfix.jar%23279!/:1.1.8-hotfix]
	at net.minecraft.server.packs.resources.SimplePreparableReloadListener.m_10789_(SimplePreparableReloadListener.java:13) ~[server-1.20.1-20230612.114412-srg.jar%23291!/:?]
	at java.util.concurrent.CompletableFuture$UniAccept.tryFire(CompletableFuture.java:739) ~[?:?]
	at java.util.concurrent.CompletableFuture$Completion.run(CompletableFuture.java:503) ~[?:?]
	at net.minecraft.server.packs.resources.SimpleReloadInstance.m_143940_(SimpleReloadInstance.java:69) ~[server-1.20.1-20230612.114412-srg.jar%23291!/:?]
	at net.minecraft.Util.m_214652_(Util.java:783) ~[server-1.20.1-20230612.114412-srg.jar%23291!/:?]
	at net.minecraft.Util.m_214679_(Util.java:772) ~[server-1.20.1-20230612.114412-srg.jar%23291!/:?]
	at net.minecraft.server.Main.main(Main.java:166) ~[server-1.20.1-20230612.114412-srg.jar%23291!/:?]
	at jdk.internal.reflect.DirectMethodHandleAccessor.invoke(DirectMethodHandleAccessor.java:104) ~[?:?]
	at java.lang.reflect.Method.invoke(Method.java:565) ~[?:?]
	at net.minecraftforge.fml.loading.targets.CommonLaunchHandler.runTarget(CommonLaunchHandler.java:111) ~[fmlloader-1.20.1-47.4.20.jar%2369!/:?]
	at net.minecraftforge.fml.loading.targets.CommonLaunchHandler.serverService(CommonLaunchHandler.java:103) ~[fmlloader-1.20.1-47.4.20.jar%2369!/:?]
	at net.minecraftforge.fml.loading.targets.CommonServerLaunchHandler.lambda$makeService$0(CommonServerLaunchHandler.java:27) ~[fmlloader-1.20.1-47.4.20.jar%2369!/:?]
	at cpw.mods.modlauncher.LaunchServiceHandlerDecorator.launch(LaunchServiceHandlerDecorator.java:30) ~[modlauncher-10.0.9.jar%2355!/:?]
	at cpw.mods.modlauncher.LaunchServiceHandler.launch(LaunchServiceHandler.java:53) ~[modlauncher-10.0.9.jar%2355!/:?]
	at cpw.mods.modlauncher.LaunchServiceHandler.launch(LaunchServiceHandler.java:71) ~[modlauncher-10.0.9.jar%2355!/:?]
	at cpw.mods.modlauncher.Launcher.run(Launcher.java:108) ~[modlauncher-10.0.9.jar%2355!/:?]
	at cpw.mods.modlauncher.Launcher.main(Launcher.java:78) ~[modlauncher-10.0.9.jar%2355!/:?]
	at cpw.mods.modlauncher.BootstrapLaunchConsumer.accept(BootstrapLaunchConsumer.java:26) ~[modlauncher-10.0.9.jar%2355!/:?]
	at cpw.mods.modlauncher.BootstrapLaunchConsumer.accept(BootstrapLaunchConsumer.java:23) ~[modlauncher-10.0.9.jar%2355!/:?]
	at cpw.mods.bootstraplauncher.BootstrapLauncher.main(BootstrapLauncher.java:141) ~[bootstraplauncher-1.1.2.jar:?]
[13Aug2026 09:34:57.736] [main/WARN] [epicfight/]: Skill woc_remastered:rising_wings doesn't exist in the registry.
[13Aug2026 09:34:57.753] [main/WARN] [epicfight/]: Item Capability Exception: No item named witherite_armor:witherite_chestplate
[13Aug2026 09:34:57.756] [main/WARN] [epicfight/]: epicfight:cut is not a hit particle type in epicfight:kolbalraptor
[13Aug2026 09:34:57.756] [main/WARN] [epicfight/]: Can't find a swing sound cataclysm:swingattack in epicfight:kolbalraptor
[13Aug2026 09:34:57.766] [main/WARN] [epicfight/]: Item Capability Exception: No item named cataclysm:final_fractal
[13Aug2026 09:34:57.767] [main/WARN] [epicfight/]: cataclysm:lightning_explode is not a hit particle type in epicfight:scylla
[13Aug2026 09:34:57.768] [main/WARN] [epicfight/]: epicfight:cut is not a hit particle type in epicfight:maledictus_halberd
[13Aug2026 09:34:57.768] [main/WARN] [epicfight/]: No animation named epicfight:biped/combat/javelin_aim_mid
[13Aug2026 09:34:57.770] [main/WARN] [epicfight/]: epicfight:cut is not a hit particle type in epicfight:wadjet
[13Aug2026 09:34:57.770] [main/WARN] [epicfight/]: Can't find a swing sound cataclysm:swingattack in epicfight:wadjet
[13Aug2026 09:34:57.771] [main/WARN] [epicfight/]: cataclysm:lightning_explode is not a hit particle type in epicfight:lightning_spear
[13Aug2026 09:34:57.773] [main/WARN] [epicfight/]: epicfight:cut is not a hit particle type in epicfight:prowler
[13Aug2026 09:34:57.774] [main/WARN] [epicfight/]: No animation named epicfight:biped/combat/bow_aim_mid
[13Aug2026 09:34:57.774] [main/WARN] [epicfight/]: No animation named epicfight:biped/combat/bow_shot_mid
[13Aug2026 09:34:57.774] [main/WARN] [epicfight/]: Item Capability Exception: No item named witherite_armor:witherite_leggings
[13Aug2026 09:34:57.774] [main/WARN] [epicfight/]: Can't find a particle type epicfight:entity.hit.blunt in invincible:custom_combo_demo
[13Aug2026 09:34:57.777] [main/WARN] [epicfight/]: epicfight:cut is not a hit particle type in epicfight:maledictus_bow
[13Aug2026 09:34:57.777] [main/WARN] [epicfight/]: Can't find an animation named wom:biped/skill/agony_auto_2 in epicfight:maledictus_bow
[13Aug2026 09:34:57.778] [main/WARN] [epicfight/]: No animation named epicfight:biped/combat/bow_aim_mid
[13Aug2026 09:34:57.778] [main/WARN] [epicfight/]: No animation named epicfight:biped/combat/bow_shot_mid
[13Aug2026 09:34:57.778] [main/WARN] [epicfight/]: Can't find an animation named wom:biped/skill/ruine_counterattack in epicfight:ender_harbinger
[13Aug2026 09:34:57.779] [main/WARN] [epicfight/]: Can't find an animation named wom:biped/skill/ruine_counterattack in epicfight:harbinger
[13Aug2026 09:34:57.780] [main/WARN] [epicfight/]: Item Capability Exception: No item named cataclysm:ignitium_chestplate_elytra
[13Aug2026 09:34:57.780] [main/WARN] [epicfight/]: Item Capability Exception: No item named cataclysm:zweiender
[13Aug2026 09:34:57.780] [main/WARN] [epicfight/]: Item Capability Exception: No item named witherite_armor:witherite_helmet
[13Aug2026 09:34:57.783] [main/WARN] [epicfight/]: Item Capability Exception: No item named witherite_armor:witherite_boots
[13Aug2026 09:34:57.889] [main/INFO] [com.teamabnormals.blueprint.core.Blueprint/]: Chunk Generator Modification Manager has loaded 1 modifier groups
[13Aug2026 09:34:57.896] [main/INFO] [slimeknights.tconstruct.library.materials.definition.MaterialManager/]: Loaded 72 materials in 5.99959 ms
[13Aug2026 09:34:57.898] [main/WARN] [HammerLib/]: Unable to find registry for tag directory tinkering/tags/materials
[13Aug2026 09:34:57.908] [main/INFO] [slimeknights.tconstruct.library.materials.definition.MaterialManager/]: Loaded 17 material tags for 58 materials in 11.713497 ms
[13Aug2026 09:34:57.926] [main/INFO] [slimeknights.tconstruct.library.materials.stats.MaterialStatsManager/]: 482 stats loaded for 86 materials in 17.87 ms
[13Aug2026 09:34:57.941] [main/INFO] [slimeknights.tconstruct.library.materials.traits.MaterialTraitsManager/]: 403 traits loaded for 86 materials in 14.392932 ms
[13Aug2026 09:34:57.958] [main/INFO] [tconstruct/]: Loaded 5 mob equipment replacements targeting 9 mobs in 4.485686 ms
[13Aug2026 09:34:58.005] [main/INFO] [slimeknights.tconstruct.library.modifiers.ModifierManager/]: Loaded 214 dynamic modifiers and 5 modifier redirects in 46.565487 ms
[13Aug2026 09:34:58.008] [main/WARN] [HammerLib/]: Unable to find registry for tag directory tinkering/tags/modifiers
[13Aug2026 09:34:58.010] [main/INFO] [slimeknights.tconstruct.library.modifiers.ModifierManager/]: Loaded 48 modifier tags for 158 modifiers in 4.720557 ms
[13Aug2026 09:34:58.010] [main/INFO] [slimeknights.tconstruct.library.modifiers.ModifierManager/]: Loaded 57 enchantment to modifier mappings in 0.583368 ms
[13Aug2026 09:34:58.078] [main/INFO] [tconstruct/]: Loaded 47 spilling fluids in 2.860416 ms
[13Aug2026 09:34:58.080] [main/INFO] [slimeknights.mantle.fluid.transfer.FluidContainerTransferManager/]: Loaded 26 dynamic modifiers in 1.107036 ms
[13Aug2026 09:34:58.082] [main/INFO] [quark-zeta/]: Modified advancement minecraft:husbandry/wax_on with 2 patches
[13Aug2026 09:34:58.082] [main/INFO] [quark-zeta/]: Modified advancement minecraft:adventure/kill_a_mob with 3 patches
[13Aug2026 09:34:58.082] [main/INFO] [quark-zeta/]: Modified advancement minecraft:husbandry/bred_all_animals with 3 patches
[13Aug2026 09:34:58.082] [main/INFO] [quark-zeta/]: Modified advancement minecraft:adventure/kill_all_mobs with 3 patches
[13Aug2026 09:34:58.083] [main/INFO] [quark-zeta/]: Modified advancement minecraft:husbandry/balanced_diet with 3 patches
[13Aug2026 09:34:58.083] [main/INFO] [quark-zeta/]: Modified advancement minecraft:husbandry/plant_seed with 1 patches
[13Aug2026 09:34:58.083] [main/INFO] [quark-zeta/]: Modified advancement minecraft:nether/all_effects with 2 patches
[13Aug2026 09:34:58.083] [main/INFO] [quark-zeta/]: Modified advancement minecraft:husbandry/wax_off with 2 patches
[13Aug2026 09:34:58.083] [main/INFO] [quark-zeta/]: Modified advancement minecraft:adventure/adventuring_time with 1 patches
[13Aug2026 09:34:58.083] [main/INFO] [quark-zeta/]: Modified advancement minecraft:nether/all_potions with 1 patches
[13Aug2026 09:34:58.093] [main/INFO] [Supplementaries/]: Loaded 27 flute songs
[13Aug2026 09:34:58.112] [main/INFO] [placebo/]: Registered 16 gear_sets.
[13Aug2026 09:34:58.120] [main/INFO] [Apotheosis : Enchantment/]: Registered 34 enchanting_stats.
[13Aug2026 09:34:58.122] [main/INFO] [Apotheosis : Adventure/]: Registered 6 rarities.
[13Aug2026 09:34:58.136] [main/INFO] [Apotheosis : Adventure/]: Registered 81 affixes.
[13Aug2026 09:34:58.143] [main/WARN] [Apotheosis : Adventure/]: Insufficient number of affixes to satisfy the loot rules (ignoring backup rules) of rarity apotheosis:mythic for category helmetRequired: 3; Provided: 2
[13Aug2026 09:34:58.143] [main/WARN] [Apotheosis : Adventure/]: Insufficient number of affixes to satisfy the loot rules (ignoring backup rules) of rarity apotheosis:mythic for category bootsRequired: 3; Provided: 2
[13Aug2026 09:34:58.144] [main/WARN] [Apotheosis : Adventure/]: Insufficient number of affixes to satisfy the loot rules (ignoring backup rules) of rarity apotheosis:ancient for category bowRequired: 5; Provided: 4
[13Aug2026 09:34:58.145] [main/WARN] [Apotheosis : Adventure/]: Insufficient number of affixes to satisfy the loot rules (ignoring backup rules) of rarity apotheosis:ancient for category crossbowRequired: 5; Provided: 4
[13Aug2026 09:34:58.145] [main/WARN] [Apotheosis : Adventure/]: Insufficient number of affixes to satisfy the loot rules (ignoring backup rules) of rarity apotheosis:ancient for category pickaxeRequired: 5; Provided: 4
[13Aug2026 09:34:58.145] [main/WARN] [Apotheosis : Adventure/]: Insufficient number of affixes to satisfy the loot rules (ignoring backup rules) of rarity apotheosis:ancient for category shovelRequired: 5; Provided: 4
[13Aug2026 09:34:58.146] [main/WARN] [Apotheosis : Adventure/]: Insufficient number of affixes to satisfy the loot rules (ignoring backup rules) of rarity apotheosis:ancient for category shieldRequired: 5; Provided: 4
[13Aug2026 09:34:58.146] [main/WARN] [Apotheosis : Adventure/]: Insufficient number of affixes to satisfy the loot rules (ignoring backup rules) of rarity apotheosis:ancient for category helmetRequired: 4; Provided: 2
[13Aug2026 09:34:58.147] [main/WARN] [Apotheosis : Adventure/]: Insufficient number of affixes to satisfy the loot rules (ignoring backup rules) of rarity apotheosis:ancient for category bootsRequired: 4; Provided: 2
[13Aug2026 09:34:58.161] [main/INFO] [Apotheosis : Adventure/]: Registered 19 gems.
[13Aug2026 09:34:58.167] [main/INFO] [Apotheosis : Adventure/]: Registered 67 affix_loot_entries.
[13Aug2026 09:34:58.180] [main/INFO] [slimeknights.tconstruct.library.tools.definition.ToolDefinitionLoader/]: Loaded 44 tool definitions in 12.20977 ms
[13Aug2026 09:34:58.186] [main/INFO] [Apotheosis : Adventure/]: Registered 17 bosses.
[13Aug2026 09:34:58.192] [main/INFO] [slimeknights.tconstruct.library.tools.layout.StationSlotLayoutLoader/]: Loaded 23 station slot layouts in 4.976515 ms
[13Aug2026 09:34:58.197] [main/INFO] [Apotheosis : Adventure/]: Registered 8 rogue_spawners.
[13Aug2026 09:34:58.199] [main/INFO] [Apotheosis : Adventure/]: Registered 5 minibosses.
[13Aug2026 09:34:58.203] [main/INFO] [Apotheosis : Village/]: Registered 28 wanderer_trades.
[13Aug2026 09:34:58.218] [main/WARN] [net.minecraft.core.MappedRegistry/]: Not all defined tags for registry ResourceKey[minecraft:root / minecraft:worldgen/biome] are present in data pack: forge:is_ocean
[13Aug2026 09:34:58.377] [main/INFO] [com.ordana.immersive_weathering.ImmersiveWeathering/]: Loaded 78 block growths configurations
[13Aug2026 09:34:58.383] [main/INFO] [com.ordana.immersive_weathering.ImmersiveWeathering/]: Loaded 14 liquid generators configurations
[13Aug2026 09:34:58.388] [main/INFO] [Moonlight/]: Applied 18 data villager trades
[13Aug2026 09:34:58.634] [main/INFO] [moze_intel.projecte.PECore/]: Considering file projecte:pe_custom_conversions/defaults.json, ID projecte:defaults
[13Aug2026 09:34:58.653] [main/INFO] [moze_intel.projecte.PECore/]: Considering file projecte:pe_custom_conversions/metals.json, ID projecte:metals
[13Aug2026 09:34:58.996] [main/WARN] [moze_intel.projecte.PECore/]: EMC Exploit: ingredients (0 + 1*Item: minecraft:grass => 1*Item: minecraft:wheat_seeds) cost 1 but output value is 16
[13Aug2026 09:34:59.009] [main/WARN] [moze_intel.projecte.PECore/]: EMC Exploit: ingredients (0 + 1*NSSFAKE:craftingMapper/35 + 1*NSSFAKE:craftingMapper/158 + 1*Item: minecraft:sugar + 1*NSSFAKE:craftingMapper/11 => 3*Item: supplementaries:pancake) cost 85 but output value is 2048
[13Aug2026 09:34:59.010] [main/WARN] [moze_intel.projecte.PECore/]: EMC Exploit: ingredients (0 + 3*Item: minecraft:charcoal + 2*Item: minecraft:sugar + 1*Item: minecraft:flint => 3*Item: minecraft:gunpowder) cost 130 but output value is 192
[13Aug2026 09:34:59.016] [main/WARN] [moze_intel.projecte.PECore/]: EMC Exploit: ingredients (0 + 9*Item: minecraft:disc_fragment_5 => 1*Item: minecraft:music_disc_5) cost 2043 but output value is 2048
[13Aug2026 09:34:59.021] [main/WARN] [moze_intel.projecte.PECore/]: EMC Exploit: "0 + 9*Item: minecraft:gold_nugget => 1*Item: minecraft:gold_ingot" ingredient cost: 2043 value of result: 2048 setValueFromConversion: 0 + 8*Item Tag: forge:ingots/iron => 1*Item: minecraft:gold_ingot
[13Aug2026 09:34:59.025] [main/WARN] [moze_intel.projecte.PECore/]: EMC Exploit: "0 + 8*NSSFAKE:craftingMapper/97 + 1*Item: tconstruct:copper_nugget => 1*Item: minecraft:copper_ingot" ingredient cost: 126 value of result: 128 setValueFromConversion: 0 + 1*Item Tag: forge:ingots/iron => 2*Item: minecraft:copper_ingot
[13Aug2026 09:34:59.026] [main/WARN] [moze_intel.projecte.PECore/]: EMC Exploit: "0 + 9*NSSFAKE:craftingMapper/97 => 1*Item: minecraft:copper_ingot" ingredient cost: 126 value of result: 128 setValueFromConversion: 0 + 1*Item Tag: forge:ingots/iron => 2*Item: minecraft:copper_ingot
[13Aug2026 09:34:59.026] [main/WARN] [moze_intel.projecte.PECore/]: EMC Exploit: ingredients (0 + 1*Item: minecraft:cobweb => 2*Item: minecraft:string) cost 12 but output value is 12
[13Aug2026 09:34:59.031] [main/WARN] [moze_intel.projecte.PECore/]: EMC Exploit: ingredients (0 + 1*Item: minecraft:mangrove_roots => 8*Item: minecraft:stick) cost 4 but output value is 4
[13Aug2026 09:34:59.031] [main/WARN] [moze_intel.projecte.PECore/]: EMC Exploit: ingredients (0 + 1*Item: minecraft:dead_bush => 2*Item: minecraft:stick) cost 1 but output value is 4
[13Aug2026 09:34:59.037] [main/WARN] [moze_intel.projecte.PECore/]: EMC Exploit: ingredients (0 + 9*Item: minecraft:iron_nugget => 1*Item: minecraft:iron_ingot) cost 252 but output value is 256
[13Aug2026 09:34:59.041] [main/WARN] [moze_intel.projecte.PECore/]: EMC Exploit: ingredients (0 + 1*Item: zombiekit:rubber => 1*Item: minecraft:sponge) cost 33 but output value is 128
[13Aug2026 09:34:59.044] [main/WARN] [moze_intel.projecte.PECore/]: EMC Exploit: ingredients (0 + 1*Item: minecraft:cobblestone + 1*Item: minecraft:diorite => 2*Item: minecraft:andesite) cost 17 but output value is 16
[13Aug2026 09:34:59.046] [main/WARN] [moze_intel.projecte.PECore/]: EMC Exploit: ingredients (0 + 9*Item: tconstruct:debris_nugget => 1*Item: minecraft:netherite_scrap) cost 12285 but output value is 12288
[13Aug2026 09:34:59.062] [main/INFO] [moze_intel.projecte.PECore/]: Registered 3672 EMC values. (took 618 ms)
[13Aug2026 09:34:59.129] [main/INFO] [Supplementaries/]: Finished additional setup in 0 ms
[13Aug2026 09:34:59.172] [main/WARN] [ModernFix/]: Initial datapack load took 15.69 s
[13Aug2026 09:34:59.507] [Server thread/INFO] [net.minecraft.server.dedicated.DedicatedServer/]: Starting minecraft server version 1.20.1
[13Aug2026 09:34:59.508] [Server thread/INFO] [net.minecraft.server.dedicated.DedicatedServer/]: Loading properties
[13Aug2026 09:34:59.508] [Server thread/INFO] [net.minecraft.server.dedicated.DedicatedServer/]: Default game type: SURVIVAL
[13Aug2026 09:34:59.508] [Server thread/INFO] [net.minecraft.server.MinecraftServer/]: Generating keypair
[13Aug2026 09:34:59.624] [Server thread/INFO] [net.minecraft.server.dedicated.DedicatedServer/]: Starting Minecraft server on *:25565
[13Aug2026 09:34:59.657] [Server thread/INFO] [net.minecraft.server.network.ServerConnectionListener/]: Using epoll channel type
[13Aug2026 09:34:59.759] [Server thread/WARN] [net.minecraft.server.dedicated.DedicatedServer/]: **** SERVER IS RUNNING IN OFFLINE/INSECURE MODE!
[13Aug2026 09:34:59.759] [Server thread/WARN] [net.minecraft.server.dedicated.DedicatedServer/]: The server will make no attempt to authenticate usernames. Beware.
[13Aug2026 09:34:59.759] [Server thread/WARN] [net.minecraft.server.dedicated.DedicatedServer/]: While this makes the game possible to play without internet access, it also opens up the ability for hackers to connect with any username they choose.
[13Aug2026 09:34:59.760] [Server thread/WARN] [net.minecraft.server.dedicated.DedicatedServer/]: To change this, set "online-mode" to "true" in the server.properties file.
[13Aug2026 09:34:59.775] [Server thread/WARN] [net.minecraftforge.common.ForgeConfigSpec/CORE]: Configuration file ./world/serverconfig/tinkerslevellingaddon-server.toml is not correct. Correcting
[13Aug2026 09:34:59.776] [Server thread/WARN] [net.minecraftforge.common.ForgeConfigSpec/CORE]: Incorrect key general was corrected from null to its default, SimpleCommentedConfig:{}. 
[13Aug2026 09:34:59.776] [Server thread/WARN] [net.minecraftforge.common.ForgeConfigSpec/CORE]: Incorrect key general.toolsSlotGainingMethod was corrected from null to its default, PREDEFINED_ORDER. 
[13Aug2026 09:34:59.776] [Server thread/WARN] [net.minecraftforge.common.ForgeConfigSpec/CORE]: Incorrect key general.rangedSlotGainingMethod was corrected from null to its default, PREDEFINED_ORDER. 
[13Aug2026 09:34:59.776] [Server thread/WARN] [net.minecraftforge.common.ForgeConfigSpec/CORE]: Incorrect key general.armorSlotGainingMethod was corrected from null to its default, PREDEFINED_ORDER. 
[13Aug2026 09:34:59.777] [Server thread/WARN] [net.minecraftforge.common.ForgeConfigSpec/CORE]: Incorrect key general.staffSlotGainingMethod was corrected from null to its default, PREDEFINED_ORDER. 
[13Aug2026 09:34:59.777] [Server thread/WARN] [net.minecraftforge.common.ForgeConfigSpec/CORE]: Incorrect key general.slots was corrected from null to its default, SimpleCommentedConfig:{}. 
[13Aug2026 09:34:59.777] [Server thread/WARN] [net.minecraftforge.common.ForgeConfigSpec/CORE]: Incorrect key general.slots.toolsSlotTypeRandomPool was corrected from null to its default, [upgrade, upgrade, upgrade, upgrade, ability]. 
[13Aug2026 09:34:59.777] [Server thread/WARN] [net.minecraftforge.common.ForgeConfigSpec/CORE]: Incorrect key general.slots.toolsSlotTypeOrder was corrected from null to its default, [upgrade, upgrade, upgrade, ability, upgrade]. 
[13Aug2026 09:34:59.778] [Server thread/WARN] [net.minecraftforge.common.ForgeConfigSpec/CORE]: Incorrect key general.slots.rangedSlotTypeRandomPool was corrected from null to its default, [upgrade, upgrade, upgrade, upgrade, ability]. 
[13Aug2026 09:34:59.778] [Server thread/WARN] [net.minecraftforge.common.ForgeConfigSpec/CORE]: Incorrect key general.slots.rangedSlotTypeOrder was corrected from null to its default, [upgrade, upgrade, upgrade, ability, upgrade]. 
[13Aug2026 09:34:59.778] [Server thread/WARN] [net.minecraftforge.common.ForgeConfigSpec/CORE]: Incorrect key general.slots.armorSlotTypeRandomPool was corrected from null to its default, [upgrade, upgrade, defense, defense, ability]. 
[13Aug2026 09:34:59.779] [Server thread/WARN] [net.minecraftforge.common.ForgeConfigSpec/CORE]: Incorrect key general.slots.armorSlotTypeOrder was corrected from null to its default, [upgrade, defense, upgrade, ability, defense]. 
[13Aug2026 09:34:59.779] [Server thread/WARN] [net.minecraftforge.common.ForgeConfigSpec/CORE]: Incorrect key general.slots.staffSlotTypeRandomPool was corrected from null to its default, [upgrade, upgrade, upgrade, defense, ability]. 
[13Aug2026 09:34:59.780] [Server thread/WARN] [net.minecraftforge.common.ForgeConfigSpec/CORE]: Incorrect key general.slots.staffSlotTypeOrder was corrected from null to its default, [upgrade, upgrade, upgrade, defense, ability]. 
[13Aug2026 09:34:59.780] [Server thread/WARN] [net.minecraftforge.common.ForgeConfigSpec/CORE]: Incorrect key general.toolsStatGainingMethod was corrected from null to its default, NONE. 
[13Aug2026 09:34:59.781] [Server thread/WARN] [net.minecraftforge.common.ForgeConfigSpec/CORE]: Incorrect key general.rangedStatGainingMethod was corrected from null to its default, NONE. 
[13Aug2026 09:34:59.781] [Server thread/WARN] [net.minecraftforge.common.ForgeConfigSpec/CORE]: Incorrect key general.armorStatGainingMethod was corrected from null to its default, NONE. 
[13Aug2026 09:34:59.781] [Server thread/WARN] [net.minecraftforge.common.ForgeConfigSpec/CORE]: Incorrect key general.staffStatGainingMethod was corrected from null to its default, NONE. 
[13Aug2026 09:34:59.781] [Server thread/WARN] [net.minecraftforge.common.ForgeConfigSpec/CORE]: Incorrect key general.stats was corrected from null to its default, SimpleCommentedConfig:{}. 
[13Aug2026 09:34:59.781] [Server thread/WARN] [net.minecraftforge.common.ForgeConfigSpec/CORE]: Incorrect key general.stats.toolsStatTypeRandomPool was corrected from null to its default, [durability, attackDamage, attackSpeed, miningSpeed]. 
[13Aug2026 09:34:59.782] [Server thread/WARN] [net.minecraftforge.common.ForgeConfigSpec/CORE]: Incorrect key general.stats.toolsStatTypeOrder was corrected from null to its default, [durability, attackDamage, attackSpeed, miningSpeed]. 
[13Aug2026 09:34:59.782] [Server thread/WARN] [net.minecraftforge.common.ForgeConfigSpec/CORE]: Incorrect key general.stats.toolValues was corrected from null to its default, SimpleCommentedConfig:{}. 
[13Aug2026 09:34:59.782] [Server thread/WARN] [net.minecraftforge.common.ForgeConfigSpec/CORE]: Incorrect key general.stats.toolValues.durability was corrected from null to its default, 50. 
[13Aug2026 09:34:59.782] [Server thread/WARN] [net.minecraftforge.common.ForgeConfigSpec/CORE]: Incorrect key general.stats.toolValues.attackDamage was corrected from null to its default, 0.5. 
[13Aug2026 09:34:59.785] [Server thread/WARN] [net.minecraftforge.common.ForgeConfigSpec/CORE]: Incorrect key general.stats.toolValues.attackSpeed was corrected from null to its default, 0.25. 
[13Aug2026 09:34:59.787] [Server thread/WARN] [net.minecraftforge.common.ForgeConfigSpec/CORE]: Incorrect key general.stats.toolValues.miningSpeed was corrected from null to its default, 1.0. 
[13Aug2026 09:34:59.788] [Server thread/WARN] [net.minecraftforge.common.ForgeConfigSpec/CORE]: Incorrect key general.stats.rangedStatTypeRandomPool was corrected from null to its default, [durability, drawSpeed, velocity, accuracy, projectileDamage]. 
[13Aug2026 09:34:59.789] [Server thread/WARN] [net.minecraftforge.common.ForgeConfigSpec/CORE]: Incorrect key general.stats.rangedStatTypeRotation was corrected from null to its default, [durability, drawSpeed, velocity, accuracy, projectileDamage]. 
[13Aug2026 09:34:59.789] [Server thread/WARN] [net.minecraftforge.common.ForgeConfigSpec/CORE]: Incorrect key general.stats.rangedValues was corrected from null to its default, SimpleCommentedConfig:{}. 
[13Aug2026 09:34:59.789] [Server thread/WARN] [net.minecraftforge.common.ForgeConfigSpec/CORE]: Incorrect key general.stats.rangedValues.durability was corrected from null to its default, 30. 
[13Aug2026 09:34:59.789] [Server thread/WARN] [net.minecraftforge.common.ForgeConfigSpec/CORE]: Incorrect key general.stats.rangedValues.drawSpeed was corrected from null to its default, 0.1. 
[13Aug2026 09:34:59.789] [Server thread/WARN] [net.minecraftforge.common.ForgeConfigSpec/CORE]: Incorrect key general.stats.rangedValues.velocity was corrected from null to its default, 0.1. 
[13Aug2026 09:34:59.790] [Server thread/WARN] [net.minecraftforge.common.ForgeConfigSpec/CORE]: Incorrect key general.stats.rangedValues.accuracy was corrected from null to its default, 0.01. 
[13Aug2026 09:34:59.791] [Server thread/WARN] [net.minecraftforge.common.ForgeConfigSpec/CORE]: Incorrect key general.stats.rangedValues.projectileDamage was corrected from null to its default, 0.1. 
[13Aug2026 09:34:59.791] [Server thread/WARN] [net.minecraftforge.common.ForgeConfigSpec/CORE]: Incorrect key general.stats.rangedValues.attackDamage was corrected from null to its default, 0.5. 
[13Aug2026 09:34:59.795] [Server thread/WARN] [net.minecraftforge.common.ForgeConfigSpec/CORE]: Incorrect key general.stats.rangedValues.attackSpeed was corrected from null to its default, 0.25. 
[13Aug2026 09:34:59.795] [Server thread/WARN] [net.minecraftforge.common.ForgeConfigSpec/CORE]: Incorrect key general.stats.armorStatTypeRandomPool was corrected from null to its default, [durability, armor, armorToughness, knockbackResistance]. 
[13Aug2026 09:34:59.795] [Server thread/WARN] [net.minecraftforge.common.ForgeConfigSpec/CORE]: Incorrect key general.stats.armorStatTypeOrder was corrected from null to its default, [durability, armor, armorToughness, knockbackResistance]. 
[13Aug2026 09:34:59.796] [Server thread/WARN] [net.minecraftforge.common.ForgeConfigSpec/CORE]: Incorrect key general.stats.armorValues was corrected from null to its default, SimpleCommentedConfig:{}. 
[13Aug2026 09:34:59.796] [Server thread/WARN] [net.minecraftforge.common.ForgeConfigSpec/CORE]: Incorrect key general.stats.armorValues.durability was corrected from null to its default, 50. 
[13Aug2026 09:34:59.796] [Server thread/WARN] [net.minecraftforge.common.ForgeConfigSpec/CORE]: Incorrect key general.stats.armorValues.armor was corrected from null to its default, 0.25. 
[13Aug2026 09:34:59.797] [Server thread/WARN] [net.minecraftforge.common.ForgeConfigSpec/CORE]: Incorrect key general.stats.armorValues.armorToughness was corrected from null to its default, 0.1. 
[13Aug2026 09:34:59.797] [Server thread/WARN] [net.minecraftforge.common.ForgeConfigSpec/CORE]: Incorrect key general.stats.armorValues.knockbackResistance was corrected from null to its default, 0.1. 
[13Aug2026 09:34:59.797] [Server thread/WARN] [net.minecraftforge.common.ForgeConfigSpec/CORE]: Incorrect key general.stats.staffStatTypeRandomPool was corrected from null to its default, [durability, drawSpeed, velocity, accuracy, projectileDamage, armor]. 
[13Aug2026 09:34:59.798] [Server thread/WARN] [net.minecraftforge.common.ForgeConfigSpec/CORE]: Incorrect key general.stats.staffStatTypeOrder was corrected from null to its default, [durability, drawSpeed, velocity, accuracy, projectileDamage, armor]. 
[13Aug2026 09:34:59.798] [Server thread/WARN] [net.minecraftforge.common.ForgeConfigSpec/CORE]: Incorrect key general.stats.staffValues was corrected from null to its default, SimpleCommentedConfig:{}. 
[13Aug2026 09:34:59.798] [Server thread/WARN] [net.minecraftforge.common.ForgeConfigSpec/CORE]: Incorrect key general.stats.staffValues.durability was corrected from null to its default, 30. 
[13Aug2026 09:34:59.801] [Server thread/WARN] [net.minecraftforge.common.ForgeConfigSpec/CORE]: Incorrect key general.stats.staffValues.drawSpeed was corrected from null to its default, 0.1. 
[13Aug2026 09:34:59.802] [Server thread/WARN] [net.minecraftforge.common.ForgeConfigSpec/CORE]: Incorrect key general.stats.staffValues.velocity was corrected from null to its default, 0.1. 
[13Aug2026 09:34:59.802] [Server thread/WARN] [net.minecraftforge.common.ForgeConfigSpec/CORE]: Incorrect key general.stats.staffValues.accuracy was corrected from null to its default, 0.01. 
[13Aug2026 09:34:59.802] [Server thread/WARN] [net.minecraftforge.common.ForgeConfigSpec/CORE]: Incorrect key general.stats.staffValues.projectileDamage was corrected from null to its default, 0.1. 
[13Aug2026 09:34:59.802] [Server thread/WARN] [net.minecraftforge.common.ForgeConfigSpec/CORE]: Incorrect key general.stats.staffValues.armor was corrected from null to its default, 0.25. 
[13Aug2026 09:34:59.803] [Server thread/WARN] [net.minecraftforge.common.ForgeConfigSpec/CORE]: Incorrect key general.maxLevel was corrected from null to its default, 5. 
[13Aug2026 09:34:59.803] [Server thread/WARN] [net.minecraftforge.common.ForgeConfigSpec/CORE]: Incorrect key general.baseExperience was corrected from null to its default, 500. 
[13Aug2026 09:34:59.803] [Server thread/WARN] [net.minecraftforge.common.ForgeConfigSpec/CORE]: Incorrect key general.requiredXpMultiplier was corrected from null to its default, 2.0. 
[13Aug2026 09:34:59.803] [Server thread/WARN] [net.minecraftforge.common.ForgeConfigSpec/CORE]: Incorrect key general.broadToolRequiredXpMultiplier was corrected from null to its default, 3.0. 
[13Aug2026 09:34:59.808] [Server thread/WARN] [net.minecraftforge.common.ForgeConfigSpec/CORE]: Incorrect key toolLevelling was corrected from null to its default, SimpleCommentedConfig:{}. 
[13Aug2026 09:34:59.809] [Server thread/WARN] [net.minecraftforge.common.ForgeConfigSpec/CORE]: Incorrect key toolLevelling.damageDealt was corrected from null to its default, true. 
[13Aug2026 09:34:59.809] [Server thread/WARN] [net.minecraftforge.common.ForgeConfigSpec/CORE]: Incorrect key toolLevelling.damageTaken was corrected from null to its default, true. 
[13Aug2026 09:34:59.809] [Server thread/WARN] [net.minecraftforge.common.ForgeConfigSpec/CORE]: Incorrect key toolLevelling.damageBlocked was corrected from null to its default, true. 
[13Aug2026 09:34:59.810] [Server thread/WARN] [net.minecraftforge.common.ForgeConfigSpec/CORE]: Incorrect key toolLevelling.pvp was corrected from null to its default, true. 
[13Aug2026 09:34:59.810] [Server thread/WARN] [net.minecraftforge.common.ForgeConfigSpec/CORE]: Incorrect key toolLevelling.flyingTime was corrected from null to its default, 300. 
[13Aug2026 09:34:59.810] [Server thread/WARN] [net.minecraftforge.common.ForgeConfigSpec/CORE]: Incorrect key toolLevelling.actions was corrected from null to its default, SimpleCommentedConfig:{}. 
[13Aug2026 09:34:59.810] [Server thread/WARN] [net.minecraftforge.common.ForgeConfigSpec/CORE]: Incorrect key toolLevelling.actions.mining was corrected from null to its default, true. 
[13Aug2026 09:34:59.810] [Server thread/WARN] [net.minecraftforge.common.ForgeConfigSpec/CORE]: Incorrect key toolLevelling.actions.harvesting was corrected from null to its default, true. 
[13Aug2026 09:34:59.810] [Server thread/WARN] [net.minecraftforge.common.ForgeConfigSpec/CORE]: Incorrect key toolLevelling.actions.shearing was corrected from null to its default, true. 
[13Aug2026 09:34:59.811] [Server thread/WARN] [net.minecraftforge.common.ForgeConfigSpec/CORE]: Incorrect key toolLevelling.actions.stripping was corrected from null to its default, true. 
[13Aug2026 09:34:59.811] [Server thread/WARN] [net.minecraftforge.common.ForgeConfigSpec/CORE]: Incorrect key toolLevelling.actions.scrapping was corrected from null to its default, true. 
[13Aug2026 09:34:59.811] [Server thread/WARN] [net.minecraftforge.common.ForgeConfigSpec/CORE]: Incorrect key toolLevelling.actions.waxingOff was corrected from null to its default, true. 
[13Aug2026 09:34:59.811] [Server thread/WARN] [net.minecraftforge.common.ForgeConfigSpec/CORE]: Incorrect key toolLevelling.actions.tilling was corrected from null to its default, true. 
[13Aug2026 09:34:59.811] [Server thread/WARN] [net.minecraftforge.common.ForgeConfigSpec/CORE]: Incorrect key toolLevelling.actions.pathMaking was corrected from null to its default, true. 
[13Aug2026 09:34:59.811] [Server thread/WARN] [net.minecraftforge.common.ForgeConfigSpec/CORE]: Incorrect key toolLevelling.actions.attacking was corrected from null to its default, true. 
[13Aug2026 09:34:59.815] [Server thread/WARN] [net.minecraftforge.common.ForgeConfigSpec/CORE]: Incorrect key toolLevelling.actions.shooting was corrected from null to its default, true. 
[13Aug2026 09:34:59.815] [Server thread/WARN] [net.minecraftforge.common.ForgeConfigSpec/CORE]: Incorrect key toolLevelling.actions.takingDamage was corrected from null to its default, true. 
[13Aug2026 09:34:59.815] [Server thread/WARN] [net.minecraftforge.common.ForgeConfigSpec/CORE]: Incorrect key toolLevelling.actions.blockingDamage was corrected from null to its default, true. 
[13Aug2026 09:34:59.815] [Server thread/WARN] [net.minecraftforge.common.ForgeConfigSpec/CORE]: Incorrect key toolLevelling.actions.thorns was corrected from null to its default, true. 
[13Aug2026 09:34:59.816] [Server thread/WARN] [net.minecraftforge.common.ForgeConfigSpec/CORE]: Incorrect key toolLevelling.actions.flying was corrected from null to its default, true. 
[13Aug2026 09:34:59.816] [Server thread/WARN] [net.minecraftforge.common.ForgeConfigSpec/CORE]: Incorrect key toolLevelling.actions.plowing was corrected from null to its default, true. 
[13Aug2026 09:34:59.816] [Server thread/WARN] [net.minecraftforge.common.ForgeConfigSpec/CORE]: Incorrect key toolLevelling.actions.path_maker was corrected from null to its default, true. 
[13Aug2026 09:34:59.816] [Server thread/WARN] [net.minecraftforge.common.ForgeConfigSpec/CORE]: Incorrect key toolLevelling.actions.snowdrift was corrected from null to its default, true. 
[13Aug2026 09:34:59.816] [Server thread/WARN] [net.minecraftforge.common.ForgeConfigSpec/CORE]: Incorrect key toolLevelling.actions.flamewake was corrected from null to its default, true. 
[13Aug2026 09:34:59.817] [Server thread/WARN] [net.minecraftforge.common.ForgeConfigSpec/CORE]: Incorrect key toolLevelling.actions.frost_walker was corrected from null to its default, true. 
[13Aug2026 09:34:59.817] [Server thread/WARN] [net.minecraftforge.common.ForgeConfigSpec/CORE]: Incorrect key toolLevelling.actions.warping was corrected from null to its default, true. 
[13Aug2026 09:34:59.817] [Server thread/WARN] [net.minecraftforge.common.ForgeConfigSpec/CORE]: Incorrect key toolLevelling.actions.flinging was corrected from null to its default, true. 
[13Aug2026 09:34:59.818] [Server thread/WARN] [net.minecraftforge.common.ForgeConfigSpec/CORE]: Incorrect key toolLevelling.actions.springing was corrected from null to its default, true. 
[13Aug2026 09:34:59.818] [Server thread/WARN] [net.minecraftforge.common.ForgeConfigSpec/CORE]: Incorrect key toolLevelling.actions.bonking was corrected from null to its default, true. 
[13Aug2026 09:34:59.818] [Server thread/WARN] [net.minecraftforge.common.ForgeConfigSpec/CORE]: Incorrect key toolLevelling.actions.glowing was corrected from null to its default, true. 
[13Aug2026 09:34:59.820] [Server thread/WARN] [net.minecraftforge.common.ForgeConfigSpec/CORE]: Incorrect key toolLevelling.actions.firestarter was corrected from null to its default, true. 
[13Aug2026 09:34:59.821] [Server thread/WARN] [net.minecraftforge.common.ForgeConfigSpec/CORE]: Incorrect key toolLevelling.bonuses was corrected from null to its default, SimpleCommentedConfig:{}. 
[13Aug2026 09:34:59.821] [Server thread/WARN] [net.minecraftforge.common.ForgeConfigSpec/CORE]: Incorrect key toolLevelling.bonuses.mining was corrected from null to its default, 0. 
[13Aug2026 09:34:59.821] [Server thread/WARN] [net.minecraftforge.common.ForgeConfigSpec/CORE]: Incorrect key toolLevelling.bonuses.harvesting was corrected from null to its default, 0. 
[13Aug2026 09:34:59.821] [Server thread/WARN] [net.minecraftforge.common.ForgeConfigSpec/CORE]: Incorrect key toolLevelling.bonuses.shearing was corrected from null to its default, 0. 
[13Aug2026 09:34:59.822] [Server thread/WARN] [net.minecraftforge.common.ForgeConfigSpec/CORE]: Incorrect key toolLevelling.bonuses.stripping was corrected from null to its default, 0. 
[13Aug2026 09:34:59.822] [Server thread/WARN] [net.minecraftforge.common.ForgeConfigSpec/CORE]: Incorrect key toolLevelling.bonuses.scrapping was corrected from null to its default, 0. 
[13Aug2026 09:34:59.822] [Server thread/WARN] [net.minecraftforge.common.ForgeConfigSpec/CORE]: Incorrect key toolLevelling.bonuses.waxingOff was corrected from null to its default, 0. 
[13Aug2026 09:34:59.823] [Server thread/WARN] [net.minecraftforge.common.ForgeConfigSpec/CORE]: Incorrect key toolLevelling.bonuses.tilling was corrected from null to its default, 0. 
[13Aug2026 09:34:59.823] [Server thread/WARN] [net.minecraftforge.common.ForgeConfigSpec/CORE]: Incorrect key toolLevelling.bonuses.pathMaking was corrected from null to its default, 0. 
[13Aug2026 09:34:59.823] [Server thread/WARN] [net.minecraftforge.common.ForgeConfigSpec/CORE]: Incorrect key toolLevelling.bonuses.attacking was corrected from null to its default, 0. 
[13Aug2026 09:34:59.826] [Server thread/WARN] [net.minecraftforge.common.ForgeConfigSpec/CORE]: Incorrect key toolLevelling.bonuses.shooting was corrected from null to its default, 0. 
[13Aug2026 09:34:59.827] [Server thread/WARN] [net.minecraftforge.common.ForgeConfigSpec/CORE]: Incorrect key toolLevelling.bonuses.takingDamage was corrected from null to its default, 0. 
[13Aug2026 09:34:59.827] [Server thread/WARN] [net.minecraftforge.common.ForgeConfigSpec/CORE]: Incorrect key toolLevelling.bonuses.blockingDamage was corrected from null to its default, 0. 
[13Aug2026 09:34:59.827] [Server thread/WARN] [net.minecraftforge.common.ForgeConfigSpec/CORE]: Incorrect key toolLevelling.bonuses.thorns was corrected from null to its default, 3. 
[13Aug2026 09:34:59.828] [Server thread/WARN] [net.minecraftforge.common.ForgeConfigSpec/CORE]: Incorrect key toolLevelling.bonuses.flying was corrected from null to its default, 0. 
[13Aug2026 09:34:59.828] [Server thread/WARN] [net.minecraftforge.common.ForgeConfigSpec/CORE]: Incorrect key toolLevelling.bonuses.plowing was corrected from null to its default, 0. 
[13Aug2026 09:34:59.828] [Server thread/WARN] [net.minecraftforge.common.ForgeConfigSpec/CORE]: Incorrect key toolLevelling.bonuses.path_maker was corrected from null to its default, 0. 
[13Aug2026 09:34:59.828] [Server thread/WARN] [net.minecraftforge.common.ForgeConfigSpec/CORE]: Incorrect key toolLevelling.bonuses.snowdrift was corrected from null to its default, 0. 
[13Aug2026 09:34:59.829] [Server thread/WARN] [net.minecraftforge.common.ForgeConfigSpec/CORE]: Incorrect key toolLevelling.bonuses.flamewake was corrected from null to its default, 0. 
[13Aug2026 09:34:59.829] [Server thread/WARN] [net.minecraftforge.common.ForgeConfigSpec/CORE]: Incorrect key toolLevelling.bonuses.frost_walker was corrected from null to its default, 0. 
[13Aug2026 09:34:59.829] [Server thread/WARN] [net.minecraftforge.common.ForgeConfigSpec/CORE]: Incorrect key toolLevelling.bonuses.warping was corrected from null to its default, 0. 
[13Aug2026 09:34:59.829] [Server thread/WARN] [net.minecraftforge.common.ForgeConfigSpec/CORE]: Incorrect key toolLevelling.bonuses.flinging was corrected from null to its default, 0. 
[13Aug2026 09:34:59.829] [Server thread/WARN] [net.minecraftforge.common.ForgeConfigSpec/CORE]: Incorrect key toolLevelling.bonuses.springing was corrected from null to its default, 0. 
[13Aug2026 09:34:59.830] [Server thread/WARN] [net.minecraftforge.common.ForgeConfigSpec/CORE]: Incorrect key toolLevelling.bonuses.bonking was corrected from null to its default, 0. 
[13Aug2026 09:34:59.830] [Server thread/WARN] [net.minecraftforge.common.ForgeConfigSpec/CORE]: Incorrect key toolLevelling.bonuses.glowing was corrected from null to its default, 0. 
[13Aug2026 09:34:59.834] [Server thread/WARN] [net.minecraftforge.common.ForgeConfigSpec/CORE]: Incorrect key toolLevelling.bonuses.firestarter was corrected from null to its default, 0. 
[13Aug2026 09:34:59.841] [Server thread/WARN] [net.minecraftforge.common.ForgeConfigSpec/CORE]: Configuration file ./world/serverconfig/minetraps-server.toml is not correct. Correcting
[13Aug2026 09:34:59.842] [Server thread/WARN] [net.minecraftforge.common.ForgeConfigSpec/CORE]: Incorrect key general was corrected from null to its default, SimpleCommentedConfig:{}. 
[13Aug2026 09:34:59.842] [Server thread/WARN] [net.minecraftforge.common.ForgeConfigSpec/CORE]: Incorrect key general.patreon_rewards was corrected from null to its default, true. 
[13Aug2026 09:34:59.844] [Server thread/WARN] [net.minecraftforge.common.ForgeConfigSpec/CORE]: Incorrect key blocks was corrected from null to its default, SimpleCommentedConfig:{}. 
[13Aug2026 09:34:59.846] [Server thread/WARN] [net.minecraftforge.common.ForgeConfigSpec/CORE]: Incorrect key blocks.barbed_wire_destroy_items was corrected from null to its default, false. 
[13Aug2026 09:34:59.846] [Server thread/WARN] [net.minecraftforge.common.ForgeConfigSpec/CORE]: Incorrect key blocks.barbed_wire_damage was corrected from null to its default, 1. 
[13Aug2026 09:34:59.846] [Server thread/WARN] [net.minecraftforge.common.ForgeConfigSpec/CORE]: Incorrect key blocks.barbed_wire_fence_damage was corrected from null to its default, 1. 
[13Aug2026 09:34:59.847] [Server thread/WARN] [net.minecraftforge.common.ForgeConfigSpec/CORE]: Incorrect key blocks.razor_wire_damage was corrected from null to its default, 3. 
[13Aug2026 09:34:59.847] [Server thread/WARN] [net.minecraftforge.common.ForgeConfigSpec/CORE]: Incorrect key blocks.bear_trap_damage was corrected from null to its default, 1. 
[13Aug2026 09:34:59.847] [Server thread/WARN] [net.minecraftforge.common.ForgeConfigSpec/CORE]: Incorrect key blocks.chest_bomb_explosion_radius was corrected from null to its default, 3. 
[13Aug2026 09:34:59.847] [Server thread/WARN] [net.minecraftforge.common.ForgeConfigSpec/CORE]: Incorrect key blocks.mine_explosion_radius was corrected from null to its default, 5. 
[13Aug2026 09:34:59.847] [Server thread/WARN] [net.minecraftforge.common.ForgeConfigSpec/CORE]: Incorrect key blocks.mine_damage was corrected from null to its default, 10. 
[13Aug2026 09:34:59.848] [Server thread/WARN] [net.minecraftforge.common.ForgeConfigSpec/CORE]: Incorrect key blocks.nail_trap_damage was corrected from null to its default, 1. 
[13Aug2026 09:34:59.848] [Server thread/WARN] [net.minecraftforge.common.ForgeConfigSpec/CORE]: Incorrect key blocks.poison_mine_cloud_duration was corrected from null to its default, 50. 
[13Aug2026 09:34:59.848] [Server thread/WARN] [net.minecraftforge.common.ForgeConfigSpec/CORE]: Incorrect key blocks.poison_mine_effect_duration was corrected from null to its default, 280. 
[13Aug2026 09:34:59.848] [Server thread/WARN] [net.minecraftforge.common.ForgeConfigSpec/CORE]: Incorrect key blocks.poison_mine_effect_amplifier was corrected from null to its default, 1. 
[13Aug2026 09:34:59.848] [Server thread/WARN] [net.minecraftforge.common.ForgeConfigSpec/CORE]: Incorrect key blocks.toxic_nail_trap_effect_duration was corrected from null to its default, 150. 
[13Aug2026 09:34:59.848] [Server thread/WARN] [net.minecraftforge.common.ForgeConfigSpec/CORE]: Incorrect key blocks.toxic_nail_trap_effect_amplifier was corrected from null to its default, 0. 
[13Aug2026 09:34:59.849] [Server thread/WARN] [net.minecraftforge.common.ForgeConfigSpec/CORE]: Incorrect key blocks.toxin_poison_effect_duration was corrected from null to its default, 500. 
[13Aug2026 09:34:59.849] [Server thread/WARN] [net.minecraftforge.common.ForgeConfigSpec/CORE]: Incorrect key blocks.toxin_poison_effect_amplifier was corrected from null to its default, 0. 
[13Aug2026 09:34:59.849] [Server thread/WARN] [net.minecraftforge.common.ForgeConfigSpec/CORE]: Incorrect key blocks.toxin_confusion_effect_duration was corrected from null to its default, 100. 
[13Aug2026 09:34:59.849] [Server thread/WARN] [net.minecraftforge.common.ForgeConfigSpec/CORE]: Incorrect key blocks.toxin_confusion_effect_amplifier was corrected from null to its default, 0. 
[13Aug2026 09:34:59.849] [Server thread/WARN] [net.minecraftforge.common.ForgeConfigSpec/CORE]: Incorrect key blocks.spikes_damage was corrected from null to its default, 4. 
[13Aug2026 09:34:59.849] [Server thread/WARN] [net.minecraftforge.common.ForgeConfigSpec/CORE]: Incorrect key blocks.toxic_spikes_effect_duration was corrected from null to its default, 250. 
[13Aug2026 09:34:59.852] [Server thread/WARN] [net.minecraftforge.common.ForgeConfigSpec/CORE]: Incorrect key blocks.toxic_spikes_effect_amplifier was corrected from null to its default, 0. 
[13Aug2026 09:34:59.852] [Server thread/WARN] [net.minecraftforge.common.ForgeConfigSpec/CORE]: Incorrect key blocks.quicksand_damage was corrected from null to its default, 0. 
[13Aug2026 09:34:59.853] [Server thread/WARN] [net.minecraftforge.common.ForgeConfigSpec/CORE]: Incorrect key blocks.explosive_block_radius was corrected from null to its default, 3. 
[13Aug2026 09:34:59.856] [Server thread/WARN] [net.minecraftforge.common.ForgeConfigSpec/CORE]: Configuration file ./world/serverconfig/curios-server.toml is not correct. Correcting
[13Aug2026 09:34:59.857] [Server thread/WARN] [net.minecraftforge.common.ForgeConfigSpec/CORE]: Incorrect key keepCurios was corrected from null to its default, DEFAULT. 
[13Aug2026 09:34:59.858] [Server thread/WARN] [net.minecraftforge.common.ForgeConfigSpec/CORE]: Incorrect key menu was corrected from null to its default, SimpleCommentedConfig:{}. 
[13Aug2026 09:34:59.858] [Server thread/WARN] [net.minecraftforge.common.ForgeConfigSpec/CORE]: Incorrect key menu.enableLegacyMenu was corrected from null to its default, false. 
[13Aug2026 09:34:59.858] [Server thread/WARN] [net.minecraftforge.common.ForgeConfigSpec/CORE]: Incorrect key menu.experimental was corrected from null to its default, SimpleCommentedConfig:{}. 
[13Aug2026 09:34:59.858] [Server thread/WARN] [net.minecraftforge.common.ForgeConfigSpec/CORE]: Incorrect key menu.experimental.minimumColumns was corrected from null to its default, 1. 
[13Aug2026 09:34:59.860] [Server thread/WARN] [net.minecraftforge.common.ForgeConfigSpec/CORE]: Incorrect key menu.experimental.maxSlotsPerPage was corrected from null to its default, 48. 
[13Aug2026 09:34:59.862] [Server thread/WARN] [net.minecraftforge.common.ForgeConfigSpec/CORE]: Configuration file ./world/serverconfig/lostcities-server.toml is not correct. Correcting
[13Aug2026 09:34:59.863] [Server thread/WARN] [net.minecraftforge.common.ForgeConfigSpec/CORE]: Incorrect key profiles was corrected from null to its default, SimpleCommentedConfig:{}. 
[13Aug2026 09:34:59.863] [Server thread/WARN] [net.minecraftforge.common.ForgeConfigSpec/CORE]: Incorrect key profiles.specialBedBlock was corrected from null to its default, minecraft:diamond_block. 
[13Aug2026 09:34:59.864] [Server thread/WARN] [net.minecraftforge.common.ForgeConfigSpec/CORE]: Incorrect key profiles.selectedProfile was corrected from null to its default, <CHECK>. 
[13Aug2026 09:34:59.864] [Server thread/WARN] [net.minecraftforge.common.ForgeConfigSpec/CORE]: Incorrect key profiles.selectedCustomJson was corrected from null to its default, . 
[13Aug2026 09:34:59.864] [Server thread/WARN] [net.minecraftforge.common.ForgeConfigSpec/CORE]: Incorrect key profiles.todoQueueSize was corrected from null to its default, 20. 
[13Aug2026 09:34:59.864] [Server thread/WARN] [net.minecraftforge.common.ForgeConfigSpec/CORE]: Incorrect key profiles.forceSaplingGrowth was corrected from null to its default, true. 
[13Aug2026 09:34:59.864] [Server thread/WARN] [net.minecraftforge.common.ForgeConfigSpec/CORE]: Incorrect key profiles.cacheCleanupSeconds was corrected from null to its default, 300. 
[13Aug2026 09:34:59.865] [Server thread/WARN] [net.minecraftforge.common.ForgeConfigSpec/CORE]: Incorrect key profiles.avoidStructures was corrected from null to its default, [minecraft:mansion, minecraft:jungle_pyramid, minecraft:desert_pyramid, minecraft:igloo, minecraft:swamp_huts, minecraft:pillager_outpost]. 
[13Aug2026 09:34:59.865] [Server thread/WARN] [net.minecraftforge.common.ForgeConfigSpec/CORE]: Incorrect key profiles.avoidStructuresAdjacent was corrected from null to its default, false. 
[13Aug2026 09:34:59.865] [Server thread/WARN] [net.minecraftforge.common.ForgeConfigSpec/CORE]: Incorrect key profiles.avoidVillagesAdjacent was corrected from null to its default, false. 
[13Aug2026 09:34:59.868] [Server thread/WARN] [net.minecraftforge.common.ForgeConfigSpec/CORE]: Incorrect key profiles.avoidVillages was corrected from null to its default, true. 
[13Aug2026 09:34:59.869] [Server thread/WARN] [net.minecraftforge.common.ForgeConfigSpec/CORE]: Incorrect key profiles.avoidFlattening was corrected from null to its default, true. 
[13Aug2026 09:34:59.870] [Server thread/WARN] [net.minecraftforge.common.ForgeConfigSpec/CORE]: Configuration file ./world/serverconfig/constructionwand-server.toml is not correct. Correcting
[13Aug2026 09:34:59.871] [Server thread/WARN] [net.minecraftforge.common.ForgeConfigSpec/CORE]: Incorrect key stone_wand was corrected from null to its default, SimpleCommentedConfig:{}. 
[13Aug2026 09:34:59.871] [Server thread/WARN] [net.minecraftforge.common.ForgeConfigSpec/CORE]: Incorrect key stone_wand.durability was corrected from null to its default, 131. 
[13Aug2026 09:34:59.871] [Server thread/WARN] [net.minecraftforge.common.ForgeConfigSpec/CORE]: Incorrect key stone_wand.limit was corrected from null to its default, 9. 
[13Aug2026 09:34:59.871] [Server thread/WARN] [net.minecraftforge.common.ForgeConfigSpec/CORE]: Incorrect key stone_wand.angel was corrected from null to its default, 0. 
[13Aug2026 09:34:59.872] [Server thread/WARN] [net.minecraftforge.common.ForgeConfigSpec/CORE]: Incorrect key stone_wand.destruction was corrected from null to its default, 0. 
[13Aug2026 09:34:59.872] [Server thread/WARN] [net.minecraftforge.common.ForgeConfigSpec/CORE]: Incorrect key stone_wand.upgradeable was corrected from null to its default, false. 
[13Aug2026 09:34:59.873] [Server thread/WARN] [net.minecraftforge.common.ForgeConfigSpec/CORE]: Incorrect key iron_wand was corrected from null to its default, SimpleCommentedConfig:{}. 
[13Aug2026 09:34:59.873] [Server thread/WARN] [net.minecraftforge.common.ForgeConfigSpec/CORE]: Incorrect key iron_wand.durability was corrected from null to its default, 250. 
[13Aug2026 09:34:59.873] [Server thread/WARN] [net.minecraftforge.common.ForgeConfigSpec/CORE]: Incorrect key iron_wand.limit was corrected from null to its default, 27. 
[13Aug2026 09:34:59.874] [Server thread/WARN] [net.minecraftforge.common.ForgeConfigSpec/CORE]: Incorrect key iron_wand.angel was corrected from null to its default, 2. 
[13Aug2026 09:34:59.874] [Server thread/WARN] [net.minecraftforge.common.ForgeConfigSpec/CORE]: Incorrect key iron_wand.destruction was corrected from null to its default, 9. 
[13Aug2026 09:34:59.874] [Server thread/WARN] [net.minecraftforge.common.ForgeConfigSpec/CORE]: Incorrect key iron_wand.upgradeable was corrected from null to its default, true. 
[13Aug2026 09:34:59.874] [Server thread/WARN] [net.minecraftforge.common.ForgeConfigSpec/CORE]: Incorrect key diamond_wand was corrected from null to its default, SimpleCommentedConfig:{}. 
[13Aug2026 09:34:59.875] [Server thread/WARN] [net.minecraftforge.common.ForgeConfigSpec/CORE]: Incorrect key diamond_wand.durability was corrected from null to its default, 1561. 
[13Aug2026 09:34:59.875] [Server thread/WARN] [net.minecraftforge.common.ForgeConfigSpec/CORE]: Incorrect key diamond_wand.limit was corrected from null to its default, 128. 
[13Aug2026 09:34:59.875] [Server thread/WARN] [net.minecraftforge.common.ForgeConfigSpec/CORE]: Incorrect key diamond_wand.angel was corrected from null to its default, 8. 
[13Aug2026 09:34:59.875] [Server thread/WARN] [net.minecraftforge.common.ForgeConfigSpec/CORE]: Incorrect key diamond_wand.destruction was corrected from null to its default, 25. 
[13Aug2026 09:34:59.875] [Server thread/WARN] [net.minecraftforge.common.ForgeConfigSpec/CORE]: Incorrect key diamond_wand.upgradeable was corrected from null to its default, true. 
[13Aug2026 09:34:59.876] [Server thread/WARN] [net.minecraftforge.common.ForgeConfigSpec/CORE]: Incorrect key infinity_wand was corrected from null to its default, SimpleCommentedConfig:{}. 
[13Aug2026 09:34:59.876] [Server thread/WARN] [net.minecraftforge.common.ForgeConfigSpec/CORE]: Incorrect key infinity_wand.limit was corrected from null to its default, 1024. 
[13Aug2026 09:34:59.876] [Server thread/WARN] [net.minecraftforge.common.ForgeConfigSpec/CORE]: Incorrect key infinity_wand.angel was corrected from null to its default, 16. 
[13Aug2026 09:34:59.877] [Server thread/WARN] [net.minecraftforge.common.ForgeConfigSpec/CORE]: Incorrect key infinity_wand.destruction was corrected from null to its default, 81. 
[13Aug2026 09:34:59.877] [Server thread/WARN] [net.minecraftforge.common.ForgeConfigSpec/CORE]: Incorrect key infinity_wand.upgradeable was corrected from null to its default, true. 
[13Aug2026 09:34:59.880] [Server thread/WARN] [net.minecraftforge.common.ForgeConfigSpec/CORE]: Incorrect key misc was corrected from null to its default, SimpleCommentedConfig:{}. 
[13Aug2026 09:34:59.880] [Server thread/WARN] [net.minecraftforge.common.ForgeConfigSpec/CORE]: Incorrect key misc.InfinityWandCreative was corrected from null to its default, 2048. 
[13Aug2026 09:34:59.880] [Server thread/WARN] [net.minecraftforge.common.ForgeConfigSpec/CORE]: Incorrect key misc.MaxRange was corrected from null to its default, 100. 
[13Aug2026 09:34:59.880] [Server thread/WARN] [net.minecraftforge.common.ForgeConfigSpec/CORE]: Incorrect key misc.UndoHistory was corrected from null to its default, 3. 
[13Aug2026 09:34:59.881] [Server thread/WARN] [net.minecraftforge.common.ForgeConfigSpec/CORE]: Incorrect key misc.AngelFalling was corrected from null to its default, false. 
[13Aug2026 09:34:59.881] [Server thread/WARN] [net.minecraftforge.common.ForgeConfigSpec/CORE]: Incorrect key misc.SimilarBlocks was corrected from null to its default, [minecraft:dirt;minecraft:grass_block;minecraft:coarse_dirt;minecraft:podzol;minecraft:mycelium;minecraft:farmland;minecraft:dirt_path;minecraft:rooted_dirt]. 
[13Aug2026 09:34:59.881] [Server thread/WARN] [net.minecraftforge.common.ForgeConfigSpec/CORE]: Incorrect key tileentity was corrected from null to its default, SimpleCommentedConfig:{}. 
[13Aug2026 09:34:59.881] [Server thread/WARN] [net.minecraftforge.common.ForgeConfigSpec/CORE]: Incorrect key tileentity.TEList was corrected from null to its default, [chiselsandbits]. 
[13Aug2026 09:34:59.882] [Server thread/WARN] [net.minecraftforge.common.ForgeConfigSpec/CORE]: Incorrect key tileentity.TEWhitelist was corrected from null to its default, false. 
[13Aug2026 09:34:59.885] [Server thread/WARN] [net.minecraftforge.common.ForgeConfigSpec/CORE]: Configuration file ./world/serverconfig/tacz-server.toml is not correct. Correcting
[13Aug2026 09:34:59.886] [Server thread/WARN] [net.minecraftforge.common.ForgeConfigSpec/CORE]: Incorrect key interact_key was corrected from null to its default, SimpleCommentedConfig:{}. 
[13Aug2026 09:34:59.886] [Server thread/WARN] [net.minecraftforge.common.ForgeConfigSpec/CORE]: Incorrect key interact_key.InteractKeyWhitelistBlocks was corrected from null to its default, []. 
[13Aug2026 09:34:59.886] [Server thread/WARN] [net.minecraftforge.common.ForgeConfigSpec/CORE]: Incorrect key interact_key.InteractKeyWhitelistEntities was corrected from null to its default, []. 
[13Aug2026 09:34:59.887] [Server thread/WARN] [net.minecraftforge.common.ForgeConfigSpec/CORE]: Incorrect key interact_key.InteractKeyBlacklistBlocks was corrected from null to its default, []. 
[13Aug2026 09:34:59.887] [Server thread/WARN] [net.minecraftforge.common.ForgeConfigSpec/CORE]: Incorrect key interact_key.InteractKeyBlacklistEntities was corrected from null to its default, []. 
[13Aug2026 09:34:59.887] [Server thread/WARN] [net.minecraftforge.common.ForgeConfigSpec/CORE]: Incorrect key base_multiplier was corrected from null to its default, SimpleCommentedConfig:{}. 
[13Aug2026 09:34:59.887] [Server thread/WARN] [net.minecraftforge.common.ForgeConfigSpec/CORE]: Incorrect key base_multiplier.DamageBaseMultiplier was corrected from null to its default, 1.0. 
[13Aug2026 09:34:59.887] [Server thread/WARN] [net.minecraftforge.common.ForgeConfigSpec/CORE]: Incorrect key base_multiplier.ArmorIgnoreBaseMultiplier was corrected from null to its default, 1.0. 
[13Aug2026 09:34:59.887] [Server thread/WARN] [net.minecraftforge.common.ForgeConfigSpec/CORE]: Incorrect key base_multiplier.HeadShotBaseMultiplier was corrected from null to its default, 1.0. 
[13Aug2026 09:34:59.887] [Server thread/WARN] [net.minecraftforge.common.ForgeConfigSpec/CORE]: Incorrect key base_multiplier.WeightSpeedMultiplier was corrected from null to its default, 0.015. 
[13Aug2026 09:34:59.888] [Server thread/WARN] [net.minecraftforge.common.ForgeConfigSpec/CORE]: Incorrect key misc was corrected from null to its default, SimpleCommentedConfig:{}. 
[13Aug2026 09:34:59.888] [Server thread/WARN] [net.minecraftforge.common.ForgeConfigSpec/CORE]: Incorrect key misc.HeadShotAABB was corrected from null to its default, []. 
[13Aug2026 09:34:59.888] [Server thread/WARN] [net.minecraftforge.common.ForgeConfigSpec/CORE]: Incorrect key misc.AmmoBoxStackSize was corrected from null to its default, 3. 
[13Aug2026 09:34:59.888] [Server thread/WARN] [net.minecraftforge.common.ForgeConfigSpec/CORE]: Incorrect key misc.ClientGunPackDownloadUrls was corrected from null to its default, []. 
[13Aug2026 09:34:59.888] [Server thread/WARN] [net.minecraftforge.common.ForgeConfigSpec/CORE]: Incorrect key misc.EnableCrawl was corrected from null to its default, true. 
[13Aug2026 09:34:59.888] [Server thread/WARN] [net.minecraftforge.common.ForgeConfigSpec/CORE]: Incorrect key misc.EnableDefaultGunSmithTableFilter was corrected from null to its default, true. 
[13Aug2026 09:34:59.888] [Server thread/WARN] [net.minecraftforge.common.ForgeConfigSpec/CORE]: Incorrect key misc.ServerShootNetworkCheck was corrected from null to its default, true. 
[13Aug2026 09:34:59.889] [Server thread/WARN] [net.minecraftforge.common.ForgeConfigSpec/CORE]: Incorrect key misc.ServerShootCooldownCheck was corrected from null to its default, true. 
[13Aug2026 09:34:59.893] [Server thread/WARN] [net.minecraftforge.common.ForgeConfigSpec/CORE]: Configuration file ./world/serverconfig/epicfight-server.toml is not correct. Correcting
[13Aug2026 09:34:59.894] [Server thread/WARN] [net.minecraftforge.common.ForgeConfigSpec/CORE]: Incorrect key allow_custom_animations was corrected from null to its default, false. 
[13Aug2026 09:34:59.896] [Server thread/WARN] [net.minecraftforge.common.ForgeConfigSpec/CORE]: Configuration file ./world/serverconfig/journeymap-server.toml is not correct. Correcting
[13Aug2026 09:34:59.896] [Server thread/WARN] [net.minecraftforge.common.ForgeConfigSpec/CORE]: Incorrect key admins was corrected from null to its default, SimpleCommentedConfig:{}. 
[13Aug2026 09:34:59.896] [Server thread/WARN] [net.minecraftforge.common.ForgeConfigSpec/CORE]: Incorrect key admins.opAccess was corrected from null to its default, true. 
[13Aug2026 09:34:59.896] [Server thread/WARN] [net.minecraftforge.common.ForgeConfigSpec/CORE]: Incorrect key admins.serverAdmins was corrected from null to its default, [mysticdrew, 79f597fe-2877-4ecb-acdf-8c58cc1854ca]. 
[13Aug2026 09:34:59.898] [Server thread/INFO] [journeymap/]: Loading JourneyMap Forge Configs
[13Aug2026 09:34:59.899] [Server thread/WARN] [net.minecraftforge.common.ForgeConfigSpec/CORE]: Configuration file ./world/serverconfig/travelersbackpack-server.toml is not correct. Correcting
[13Aug2026 09:34:59.899] [Server thread/WARN] [net.minecraftforge.common.ForgeConfigSpec/CORE]: Incorrect key server was corrected from null to its default, SimpleCommentedConfig:{}. 
[13Aug2026 09:34:59.899] [Server thread/WARN] [net.minecraftforge.common.ForgeConfigSpec/CORE]: Incorrect key server.backpackSettings was corrected from null to its default, SimpleCommentedConfig:{}. 
[13Aug2026 09:34:59.899] [Server thread/WARN] [net.minecraftforge.common.ForgeConfigSpec/CORE]: Incorrect key server.backpackSettings.leatherTierBackpack was corrected from null to its default, SimpleCommentedConfig:{}. 
[13Aug2026 09:34:59.900] [Server thread/WARN] [net.minecraftforge.common.ForgeConfigSpec/CORE]: Incorrect key server.backpackSettings.leatherTierBackpack.inventorySlotCount was corrected from null to its default, 27. 
[13Aug2026 09:34:59.900] [Server thread/WARN] [net.minecraftforge.common.ForgeConfigSpec/CORE]: Incorrect key server.backpackSettings.leatherTierBackpack.upgradeSlotCount was corrected from null to its default, 2. 
[13Aug2026 09:34:59.900] [Server thread/WARN] [net.minecraftforge.common.ForgeConfigSpec/CORE]: Incorrect key server.backpackSettings.leatherTierBackpack.toolSlotCount was corrected from null to its default, 2. 
[13Aug2026 09:34:59.900] [Server thread/WARN] [net.minecraftforge.common.ForgeConfigSpec/CORE]: Incorrect key server.backpackSettings.leatherTierBackpack.tankCapacity was corrected from null to its default, 1000. 
[13Aug2026 09:34:59.901] [Server thread/WARN] [net.minecraftforge.common.ForgeConfigSpec/CORE]: Incorrect key server.backpackSettings.ironTierBackpack was corrected from null to its default, SimpleCommentedConfig:{}. 
[13Aug2026 09:34:59.901] [Server thread/WARN] [net.minecraftforge.common.ForgeConfigSpec/CORE]: Incorrect key server.backpackSettings.ironTierBackpack.inventorySlotCount was corrected from null to its default, 45. 
[13Aug2026 09:34:59.901] [Server thread/WARN] [net.minecraftforge.common.ForgeConfigSpec/CORE]: Incorrect key server.backpackSettings.ironTierBackpack.upgradeSlotCount was corrected from null to its default, 3. 
[13Aug2026 09:34:59.902] [Server thread/WARN] [net.minecraftforge.common.ForgeConfigSpec/CORE]: Incorrect key server.backpackSettings.ironTierBackpack.toolSlotCount was corrected from null to its default, 3. 
[13Aug2026 09:34:59.902] [Server thread/WARN] [net.minecraftforge.common.ForgeConfigSpec/CORE]: Incorrect key server.backpackSettings.ironTierBackpack.tankCapacity was corrected from null to its default, 1000. 
[13Aug2026 09:34:59.902] [Server thread/WARN] [net.minecraftforge.common.ForgeConfigSpec/CORE]: Incorrect key server.backpackSettings.goldTierBackpack was corrected from null to its default, SimpleCommentedConfig:{}. 
[13Aug2026 09:34:59.902] [Server thread/WARN] [net.minecraftforge.common.ForgeConfigSpec/CORE]: Incorrect key server.backpackSettings.goldTierBackpack.inventorySlotCount was corrected from null to its default, 63. 
[13Aug2026 09:34:59.902] [Server thread/WARN] [net.minecraftforge.common.ForgeConfigSpec/CORE]: Incorrect key server.backpackSettings.goldTierBackpack.upgradeSlotCount was corrected from null to its default, 4. 
[13Aug2026 09:34:59.902] [Server thread/WARN] [net.minecraftforge.common.ForgeConfigSpec/CORE]: Incorrect key server.backpackSettings.goldTierBackpack.toolSlotCount was corrected from null to its default, 4. 
[13Aug2026 09:34:59.903] [Server thread/WARN] [net.minecraftforge.common.ForgeConfigSpec/CORE]: Incorrect key server.backpackSettings.goldTierBackpack.tankCapacity was corrected from null to its default, 1000. 
[13Aug2026 09:34:59.903] [Server thread/WARN] [net.minecraftforge.common.ForgeConfigSpec/CORE]: Incorrect key server.backpackSettings.diamondTierBackpack was corrected from null to its default, SimpleCommentedConfig:{}. 
[13Aug2026 09:34:59.903] [Server thread/WARN] [net.minecraftforge.common.ForgeConfigSpec/CORE]: Incorrect key server.backpackSettings.diamondTierBackpack.inventorySlotCount was corrected from null to its default, 81. 
[13Aug2026 09:34:59.903] [Server thread/WARN] [net.minecraftforge.common.ForgeConfigSpec/CORE]: Incorrect key server.backpackSettings.diamondTierBackpack.upgradeSlotCount was corrected from null to its default, 5. 
[13Aug2026 09:34:59.903] [Server thread/WARN] [net.minecraftforge.common.ForgeConfigSpec/CORE]: Incorrect key server.backpackSettings.diamondTierBackpack.toolSlotCount was corrected from null to its default, 5. 
[13Aug2026 09:34:59.904] [Server thread/WARN] [net.minecraftforge.common.ForgeConfigSpec/CORE]: Incorrect key server.backpackSettings.diamondTierBackpack.tankCapacity was corrected from null to its default, 1000. 
[13Aug2026 09:34:59.904] [Server thread/WARN] [net.minecraftforge.common.ForgeConfigSpec/CORE]: Incorrect key server.backpackSettings.netheriteTierBackpack was corrected from null to its default, SimpleCommentedConfig:{}. 
[13Aug2026 09:34:59.905] [Server thread/WARN] [net.minecraftforge.common.ForgeConfigSpec/CORE]: Incorrect key server.backpackSettings.netheriteTierBackpack.inventorySlotCount was corrected from null to its default, 99. 
[13Aug2026 09:34:59.905] [Server thread/WARN] [net.minecraftforge.common.ForgeConfigSpec/CORE]: Incorrect key server.backpackSettings.netheriteTierBackpack.upgradeSlotCount was corrected from null to its default, 6. 
[13Aug2026 09:34:59.905] [Server thread/WARN] [net.minecraftforge.common.ForgeConfigSpec/CORE]: Incorrect key server.backpackSettings.netheriteTierBackpack.toolSlotCount was corrected from null to its default, 6. 
[13Aug2026 09:34:59.906] [Server thread/WARN] [net.minecraftforge.common.ForgeConfigSpec/CORE]: Incorrect key server.backpackSettings.netheriteTierBackpack.tankCapacity was corrected from null to its default, 1000. 
[13Aug2026 09:34:59.906] [Server thread/WARN] [net.minecraftforge.common.ForgeConfigSpec/CORE]: Incorrect key server.backpackSettings.rightClickEquip was corrected from null to its default, true. 
[13Aug2026 09:34:59.907] [Server thread/WARN] [net.minecraftforge.common.ForgeConfigSpec/CORE]: Incorrect key server.backpackSettings.rightClickUnequip was corrected from null to its default, false. 
[13Aug2026 09:34:59.908] [Server thread/WARN] [net.minecraftforge.common.ForgeConfigSpec/CORE]: Incorrect key server.backpackSettings.allowOnlyEquippedBackpack was corrected from null to its default, false. 
[13Aug2026 09:34:59.908] [Server thread/WARN] [net.minecraftforge.common.ForgeConfigSpec/CORE]: Incorrect key server.backpackSettings.allowOpeningFromSlot was corrected from null to its default, false. 
[13Aug2026 09:34:59.908] [Server thread/WARN] [net.minecraftforge.common.ForgeConfigSpec/CORE]: Incorrect key server.backpackSettings.preventMultiplePlayersAccess was corrected from null to its default, false. 
[13Aug2026 09:34:59.908] [Server thread/WARN] [net.minecraftforge.common.ForgeConfigSpec/CORE]: Incorrect key server.backpackSettings.invulnerableBackpack was corrected from null to its default, true. 
[13Aug2026 09:34:59.911] [Server thread/WARN] [net.minecraftforge.common.ForgeConfigSpec/CORE]: Incorrect key server.backpackSettings.allowToolSwapping was corrected from null to its default, true. 
[13Aug2026 09:34:59.912] [Server thread/WARN] [net.minecraftforge.common.ForgeConfigSpec/CORE]: Incorrect key server.backpackSettings.toolSlotsAcceptEverything was corrected from null to its default, false. 
[13Aug2026 09:34:59.912] [Server thread/WARN] [net.minecraftforge.common.ForgeConfigSpec/CORE]: Incorrect key server.backpackSettings.toolSlotsAcceptableItems was corrected from null to its default, []. 
[13Aug2026 09:34:59.912] [Server thread/WARN] [net.minecraftforge.common.ForgeConfigSpec/CORE]: Incorrect key server.backpackSettings.blacklistedItems was corrected from null to its default, []. 
[13Aug2026 09:34:59.912] [Server thread/WARN] [net.minecraftforge.common.ForgeConfigSpec/CORE]: Incorrect key server.backpackSettings.allowShulkerBoxes was corrected from null to its default, false. 
[13Aug2026 09:34:59.913] [Server thread/WARN] [net.minecraftforge.common.ForgeConfigSpec/CORE]: Incorrect key server.backpackSettings.voidProtection was corrected from null to its default, true. 
[13Aug2026 09:34:59.914] [Server thread/WARN] [net.minecraftforge.common.ForgeConfigSpec/CORE]: Incorrect key server.backpackSettings.backpackDeathPlace was corrected from null to its default, true. 
[13Aug2026 09:34:59.914] [Server thread/WARN] [net.minecraftforge.common.ForgeConfigSpec/CORE]: Incorrect key server.backpackSettings.backpackForceDeathPlace was corrected from null to its default, false. 
[13Aug2026 09:34:59.914] [Server thread/WARN] [net.minecraftforge.common.ForgeConfigSpec/CORE]: Incorrect key server.backpackSettings.quickSleepingBag was corrected from null to its default, true. 
[13Aug2026 09:34:59.914] [Server thread/WARN] [net.minecraftforge.common.ForgeConfigSpec/CORE]: Incorrect key server.backpackSettings.enableSleepingBagSpawnPoint was corrected from null to its default, false. 
[13Aug2026 09:34:59.914] [Server thread/WARN] [net.minecraftforge.common.ForgeConfigSpec/CORE]: Incorrect key server.backpackSettings.backSlotIntegration was corrected from null to its default, true. 
[13Aug2026 09:34:59.915] [Server thread/WARN] [net.minecraftforge.common.ForgeConfigSpec/CORE]: Incorrect key server.backpackUpgrades was corrected from null to its default, SimpleCommentedConfig:{}. 
[13Aug2026 09:34:59.915] [Server thread/WARN] [net.minecraftforge.common.ForgeConfigSpec/CORE]: Incorrect key server.backpackUpgrades.enableSleepingBag was corrected from null to its default, true. 
[13Aug2026 09:34:59.915] [Server thread/WARN] [net.minecraftforge.common.ForgeConfigSpec/CORE]: Incorrect key server.backpackUpgrades.enableTanksUpgrade was corrected from null to its default, true. 
[13Aug2026 09:34:59.915] [Server thread/WARN] [net.minecraftforge.common.ForgeConfigSpec/CORE]: Incorrect key server.backpackUpgrades.enableCraftingUpgrade was corrected from null to its default, true. 
[13Aug2026 09:34:59.915] [Server thread/WARN] [net.minecraftforge.common.ForgeConfigSpec/CORE]: Incorrect key server.backpackUpgrades.enableFurnaceUpgrade was corrected from null to its default, true. 
[13Aug2026 09:34:59.915] [Server thread/WARN] [net.minecraftforge.common.ForgeConfigSpec/CORE]: Incorrect key server.backpackUpgrades.enableSmokerUpgrade was corrected from null to its default, true. 
[13Aug2026 09:34:59.916] [Server thread/WARN] [net.minecraftforge.common.ForgeConfigSpec/CORE]: Incorrect key server.backpackUpgrades.enableBlastFurnaceUpgrade was corrected from null to its default, true. 
[13Aug2026 09:34:59.918] [Server thread/WARN] [net.minecraftforge.common.ForgeConfigSpec/CORE]: Incorrect key server.backpackUpgrades.pickupUpgradeSettings was corrected from null to its default, SimpleCommentedConfig:{}. 
[13Aug2026 09:34:59.918] [Server thread/WARN] [net.minecraftforge.common.ForgeConfigSpec/CORE]: Incorrect key server.backpackUpgrades.pickupUpgradeSettings.enablePickupUpgrade was corrected from null to its default, true. 
[13Aug2026 09:34:59.918] [Server thread/WARN] [net.minecraftforge.common.ForgeConfigSpec/CORE]: Incorrect key server.backpackUpgrades.pickupUpgradeSettings.filterSlotCount was corrected from null to its default, 9. 
[13Aug2026 09:34:59.919] [Server thread/WARN] [net.minecraftforge.common.ForgeConfigSpec/CORE]: Incorrect key server.backpackUpgrades.pickupUpgradeSettings.slotsInRow was corrected from null to its default, 3. 
[13Aug2026 09:34:59.919] [Server thread/WARN] [net.minecraftforge.common.ForgeConfigSpec/CORE]: Incorrect key server.backpackUpgrades.enableJukeboxUpgrade was corrected from null to its default, true. 
[13Aug2026 09:34:59.919] [Server thread/WARN] [net.minecraftforge.common.ForgeConfigSpec/CORE]: Incorrect key server.backpackUpgrades.magnetUpgradeSettings was corrected from null to its default, SimpleCommentedConfig:{}. 
[13Aug2026 09:34:59.919] [Server thread/WARN] [net.minecraftforge.common.ForgeConfigSpec/CORE]: Incorrect key server.backpackUpgrades.magnetUpgradeSettings.enableMagnetUpgrade was corrected from null to its default, true. 
[13Aug2026 09:34:59.919] [Server thread/WARN] [net.minecraftforge.common.ForgeConfigSpec/CORE]: Incorrect key server.backpackUpgrades.magnetUpgradeSettings.filterSlotCount was corrected from null to its default, 9. 
[13Aug2026 09:34:59.919] [Server thread/WARN] [net.minecraftforge.common.ForgeConfigSpec/CORE]: Incorrect key server.backpackUpgrades.magnetUpgradeSettings.slotsInRow was corrected from null to its default, 3. 
[13Aug2026 09:34:59.919] [Server thread/WARN] [net.minecraftforge.common.ForgeConfigSpec/CORE]: Incorrect key server.backpackUpgrades.magnetUpgradeSettings.pullRange was corrected from null to its default, 5. 
[13Aug2026 09:34:59.920] [Server thread/WARN] [net.minecraftforge.common.ForgeConfigSpec/CORE]: Incorrect key server.backpackUpgrades.magnetUpgradeSettings.tickRate was corrected from null to its default, 10. 
[13Aug2026 09:34:59.920] [Server thread/WARN] [net.minecraftforge.common.ForgeConfigSpec/CORE]: Incorrect key server.backpackUpgrades.feedingUpgradeSettings was corrected from null to its default, SimpleCommentedConfig:{}. 
[13Aug2026 09:34:59.920] [Server thread/WARN] [net.minecraftforge.common.ForgeConfigSpec/CORE]: Incorrect key server.backpackUpgrades.feedingUpgradeSettings.enableFeedingUpgrade was corrected from null to its default, true. 
[13Aug2026 09:34:59.920] [Server thread/WARN] [net.minecraftforge.common.ForgeConfigSpec/CORE]: Incorrect key server.backpackUpgrades.feedingUpgradeSettings.filterSlotCount was corrected from null to its default, 9. 
[13Aug2026 09:34:59.920] [Server thread/WARN] [net.minecraftforge.common.ForgeConfigSpec/CORE]: Incorrect key server.backpackUpgrades.feedingUpgradeSettings.slotsInRow was corrected from null to its default, 3. 
[13Aug2026 09:34:59.921] [Server thread/WARN] [net.minecraftforge.common.ForgeConfigSpec/CORE]: Incorrect key server.backpackUpgrades.feedingUpgradeSettings.tickRate was corrected from null to its default, 100. 
[13Aug2026 09:34:59.921] [Server thread/WARN] [net.minecraftforge.common.ForgeConfigSpec/CORE]: Incorrect key server.backpackUpgrades.refillUpgradeSettings was corrected from null to its default, SimpleCommentedConfig:{}. 
[13Aug2026 09:34:59.921] [Server thread/WARN] [net.minecraftforge.common.ForgeConfigSpec/CORE]: Incorrect key server.backpackUpgrades.refillUpgradeSettings.enableRefillUpgrade was corrected from null to its default, true. 
[13Aug2026 09:34:59.921] [Server thread/WARN] [net.minecraftforge.common.ForgeConfigSpec/CORE]: Incorrect key server.backpackUpgrades.refillUpgradeSettings.filterSlotCount was corrected from null to its default, 9. 
[13Aug2026 09:34:59.921] [Server thread/WARN] [net.minecraftforge.common.ForgeConfigSpec/CORE]: Incorrect key server.backpackUpgrades.refillUpgradeSettings.slotsInRow was corrected from null to its default, 3. 
[13Aug2026 09:34:59.921] [Server thread/WARN] [net.minecraftforge.common.ForgeConfigSpec/CORE]: Incorrect key server.backpackUpgrades.refillUpgradeSettings.tickRate was corrected from null to its default, 5. 
[13Aug2026 09:34:59.921] [Server thread/WARN] [net.minecraftforge.common.ForgeConfigSpec/CORE]: Incorrect key server.backpackUpgrades.voidUpgradeSettings was corrected from null to its default, SimpleCommentedConfig:{}. 
[13Aug2026 09:34:59.921] [Server thread/WARN] [net.minecraftforge.common.ForgeConfigSpec/CORE]: Incorrect key server.backpackUpgrades.voidUpgradeSettings.enableVoidUpgrade was corrected from null to its default, true. 
[13Aug2026 09:34:59.921] [Server thread/WARN] [net.minecraftforge.common.ForgeConfigSpec/CORE]: Incorrect key server.backpackUpgrades.voidUpgradeSettings.filterSlotCount was corrected from null to its default, 9. 
[13Aug2026 09:34:59.925] [Server thread/WARN] [net.minecraftforge.common.ForgeConfigSpec/CORE]: Incorrect key server.backpackUpgrades.voidUpgradeSettings.slotsInRow was corrected from null to its default, 3. 
[13Aug2026 09:34:59.925] [Server thread/WARN] [net.minecraftforge.common.ForgeConfigSpec/CORE]: Incorrect key server.world was corrected from null to its default, SimpleCommentedConfig:{}. 
[13Aug2026 09:34:59.925] [Server thread/WARN] [net.minecraftforge.common.ForgeConfigSpec/CORE]: Incorrect key server.world.spawnEntitiesWithBackpack was corrected from null to its default, true. 
[13Aug2026 09:34:59.925] [Server thread/WARN] [net.minecraftforge.common.ForgeConfigSpec/CORE]: Incorrect key server.world.chance was corrected from null to its default, 0.005. 
[13Aug2026 09:34:59.925] [Server thread/WARN] [net.minecraftforge.common.ForgeConfigSpec/CORE]: Incorrect key server.world.possibleOverworldEntityTypes was corrected from null to its default, [minecraft:zombie, minecraft:skeleton, minecraft:enderman]. 
[13Aug2026 09:34:59.926] [Server thread/WARN] [net.minecraftforge.common.ForgeConfigSpec/CORE]: Incorrect key server.world.possibleNetherEntityTypes was corrected from null to its default, [minecraft:wither_skeleton, minecraft:piglin]. 
[13Aug2026 09:34:59.926] [Server thread/WARN] [net.minecraftforge.common.ForgeConfigSpec/CORE]: Incorrect key server.world.overworldBackpacks was corrected from null to its default, [travelersbackpack:standard, travelersbackpack:diamond, travelersbackpack:gold, travelersbackpack:emerald, travelersbackpack:iron, travelersbackpack:lapis, travelersbackpack:redstone, travelersbackpack:coal, travelersbackpack:bookshelf, travelersbackpack:sandstone, travelersbackpack:snow, travelersbackpack:sponge, travelersbackpack:cake, travelersbackpack:cactus, travelersbackpack:hay, travelersbackpack:melon, travelersbackpack:pumpkin, travelersbackpack:creeper, travelersbackpack:enderman, travelersbackpack:skeleton, travelersbackpack:spider, travelersbackpack:bee, travelersbackpack:wolf, travelersbackpack:fox, travelersbackpack:ocelot, travelersbackpack:horse, travelersbackpack:cow, travelersbackpack:pig, travelersbackpack:sheep, travelersbackpack:chicken, travelersbackpack:squid]. 
[13Aug2026 09:34:59.926] [Server thread/WARN] [net.minecraftforge.common.ForgeConfigSpec/CORE]: Incorrect key server.world.netherBackpacks was corrected from null to its default, [travelersbackpack:quartz, travelersbackpack:nether, travelersbackpack:blaze, travelersbackpack:ghast, travelersbackpack:magma_cube, travelersbackpack:wither]. 
[13Aug2026 09:34:59.926] [Server thread/WARN] [net.minecraftforge.common.ForgeConfigSpec/CORE]: Incorrect key server.backpackAbilities was corrected from null to its default, SimpleCommentedConfig:{}. 
[13Aug2026 09:34:59.927] [Server thread/WARN] [net.minecraftforge.common.ForgeConfigSpec/CORE]: Incorrect key server.backpackAbilities.enableBackpackAbilities was corrected from null to its default, true. 
[13Aug2026 09:34:59.927] [Server thread/WARN] [net.minecraftforge.common.ForgeConfigSpec/CORE]: Incorrect key server.backpackAbilities.forceAbilityEnabled was corrected from null to its default, true. 
[13Aug2026 09:34:59.927] [Server thread/WARN] [net.minecraftforge.common.ForgeConfigSpec/CORE]: Incorrect key server.backpackAbilities.allowedAbilities was corrected from null to its default, [travelersbackpack:netherite, travelersbackpack:diamond, travelersbackpack:gold, travelersbackpack:emerald, travelersbackpack:iron, travelersbackpack:lapis, travelersbackpack:redstone, travelersbackpack:bookshelf, travelersbackpack:sponge, travelersbackpack:cake, travelersbackpack:cactus, travelersbackpack:melon, travelersbackpack:pumpkin, travelersbackpack:creeper, travelersbackpack:dragon, travelersbackpack:enderman, travelersbackpack:blaze, travelersbackpack:ghast, travelersbackpack:magma_cube, travelersbackpack:spider, travelersbackpack:wither, travelersbackpack:warden, travelersbackpack:bat, travelersbackpack:bee, travelersbackpack:ocelot, travelersbackpack:cow, travelersbackpack:chicken, travelersbackpack:squid, travelersbackpack:hay, travelersbackpack:fox]. 
[13Aug2026 09:34:59.930] [Server thread/WARN] [net.minecraftforge.common.ForgeConfigSpec/CORE]: Incorrect key server.backpackAbilities.backpackEffects was corrected from null to its default, [travelersbackpack:bat, minecraft:night_vision, 260, 300, 0, travelersbackpack:magma_cube, minecraft:fire_resistance, 260, 300, 0, travelersbackpack:squid, minecraft:water_breathing, 260, 300, 0, travelersbackpack:squid, minecraft:night_vision, 260, 300, 0, travelersbackpack:dragon, minecraft:regeneration, 260, 300, 0, travelersbackpack:dragon, minecraft:strength, 250, 290, 0, travelersbackpack:quartz, minecraft:haste, 260, 300, 0, travelersbackpack:fox, minecraft:jump_boost, 260, 300, 0]. 
[13Aug2026 09:34:59.930] [Server thread/WARN] [net.minecraftforge.common.ForgeConfigSpec/CORE]: Incorrect key server.backpackAbilities.cooldowns was corrected from null to its default, [travelersbackpack:creeper, 1200, 1800, travelersbackpack:cow, 480, 540, travelersbackpack:chicken, 360, 600, travelersbackpack:cake, 360, 480, travelersbackpack:melon, 120, 480]. 
[13Aug2026 09:34:59.930] [Server thread/WARN] [net.minecraftforge.common.ForgeConfigSpec/CORE]: Incorrect key server.slownessDebuff was corrected from null to its default, SimpleCommentedConfig:{}. 
[13Aug2026 09:34:59.930] [Server thread/WARN] [net.minecraftforge.common.ForgeConfigSpec/CORE]: Incorrect key server.slownessDebuff.tooManyBackpacksSlowness was corrected from null to its default, false. 
[13Aug2026 09:34:59.930] [Server thread/WARN] [net.minecraftforge.common.ForgeConfigSpec/CORE]: Incorrect key server.slownessDebuff.maxNumberOfBackpacks was corrected from null to its default, 3. 
[13Aug2026 09:34:59.930] [Server thread/WARN] [net.minecraftforge.common.ForgeConfigSpec/CORE]: Incorrect key server.slownessDebuff.slownessPerExcessedBackpack was corrected from null to its default, 1.0. 
[13Aug2026 09:34:59.947] [Server thread/WARN] [net.minecraftforge.common.ForgeConfigSpec/CORE]: Configuration file ./world/serverconfig/forge-server.toml is not correct. Correcting
[13Aug2026 09:34:59.948] [Server thread/WARN] [net.minecraftforge.common.ForgeConfigSpec/CORE]: Incorrect key server was corrected from null to its default, SimpleCommentedConfig:{}. 
[13Aug2026 09:34:59.948] [Server thread/WARN] [net.minecraftforge.common.ForgeConfigSpec/CORE]: Incorrect key server.removeErroringBlockEntities was corrected from null to its default, false. 
[13Aug2026 09:34:59.948] [Server thread/WARN] [net.minecraftforge.common.ForgeConfigSpec/CORE]: Incorrect key server.removeErroringEntities was corrected from null to its default, false. 
[13Aug2026 09:34:59.949] [Server thread/WARN] [net.minecraftforge.common.ForgeConfigSpec/CORE]: Incorrect key server.fullBoundingBoxLadders was corrected from null to its default, false. 
[13Aug2026 09:34:59.949] [Server thread/WARN] [net.minecraftforge.common.ForgeConfigSpec/CORE]: Incorrect key server.zombieBaseSummonChance was corrected from null to its default, 0.1. 
[13Aug2026 09:34:59.949] [Server thread/WARN] [net.minecraftforge.common.ForgeConfigSpec/CORE]: Incorrect key server.zombieBabyChance was corrected from null to its default, 0.05. 
[13Aug2026 09:34:59.949] [Server thread/WARN] [net.minecraftforge.common.ForgeConfigSpec/CORE]: Incorrect key server.permissionHandler was corrected from null to its default, forge:default_handler. 
[13Aug2026 09:34:59.949] [Server thread/WARN] [net.minecraftforge.common.ForgeConfigSpec/CORE]: Incorrect key server.advertiseDedicatedServerToLan was corrected from null to its default, true. 
[13Aug2026 09:34:59.949] [Server thread/WARN] [net.minecraftforge.common.ForgeConfigSpec/CORE]: Incorrect key server.useItemWithDurationZero was corrected from null to its default, false. 
[13Aug2026 09:34:59.954] [Server thread/WARN] [net.minecraftforge.common.ForgeConfigSpec/CORE]: Configuration file ./world/serverconfig/skilltree-server.toml is not correct. Correcting
[13Aug2026 09:34:59.954] [Server thread/WARN] [net.minecraftforge.common.ForgeConfigSpec/CORE]: Incorrect key Skill Points was corrected from null to its default, SimpleCommentedConfig:{}. 
[13Aug2026 09:34:59.954] [Server thread/WARN] [net.minecraftforge.common.ForgeConfigSpec/CORE]: Incorrect key Skill Points.Maximum skill points was corrected from null to its default, 100. 
[13Aug2026 09:34:59.954] [Server thread/WARN] [net.minecraftforge.common.ForgeConfigSpec/CORE]: Incorrect key Skill Points.First skill point cost was corrected from null to its default, 15. 
[13Aug2026 09:34:59.954] [Server thread/WARN] [net.minecraftforge.common.ForgeConfigSpec/CORE]: Incorrect key Skill Points.Last skill point cost was corrected from null to its default, 1400. 
[13Aug2026 09:34:59.955] [Server thread/WARN] [net.minecraftforge.common.ForgeConfigSpec/CORE]: Incorrect key Skill Points.Use skill points costs array was corrected from null to its default, false. 
[13Aug2026 09:34:59.955] [Server thread/WARN] [net.minecraftforge.common.ForgeConfigSpec/CORE]: Incorrect key Skill Points.Levelup costs was corrected from null to its default, [15, 19, 24, 30, 37, 45, 54, 64, 75, 87, 100, 114, 129, 145, 162, 180, 199, 219, 240, 262, 285, 309, 334, 360, 387, 415, 444, 474, 505, 537, 570, 604, 639, 675, 712, 750, 789, 829, 870, 912, 955, 999, 1044, 1090, 1137, 1185, 1234, 1284, 1335, 1387, 1440, 1494, 1549, 1605, 1662, 1720, 1779, 1839, 1900, 1962, 2025, 2089, 2154, 2220, 2287, 2355, 2424, 2494, 2565, 2637, 2710, 2784, 2859, 2935, 3012, 3090, 3169, 3249, 3330, 3412, 3495, 3579, 3664, 3750, 3837, 3925, 4014, 4104, 4195, 4287, 4380, 4474, 4569, 4665, 4762, 4860, 4959, 5059, 5160, 5262]. 
[13Aug2026 09:34:59.955] [Server thread/WARN] [net.minecraftforge.common.ForgeConfigSpec/CORE]: Incorrect key Skill Points.Show chat messages was corrected from null to its default, true. 
[13Aug2026 09:34:59.955] [Server thread/WARN] [net.minecraftforge.common.ForgeConfigSpec/CORE]: Incorrect key Skill Points.Enable exprerience exchange for skill points was corrected from null to its default, true. 
[13Aug2026 09:34:59.958] [Server thread/WARN] [net.minecraftforge.common.ForgeConfigSpec/CORE]: Incorrect key Amnesia Scroll was corrected from null to its default, SimpleCommentedConfig:{}. 
[13Aug2026 09:34:59.958] [Server thread/WARN] [net.minecraftforge.common.ForgeConfigSpec/CORE]: Incorrect key Amnesia Scroll.Amnesia scroll penalty was corrected from null to its default, 0.2. 
[13Aug2026 09:34:59.958] [Server thread/WARN] [net.minecraftforge.common.ForgeConfigSpec/CORE]: Incorrect key Amnesia Scroll.Drop amnesia scrolls from the Ender Dragon was corrected from null to its default, true. 
[13Aug2026 09:34:59.958] [Server thread/WARN] [net.minecraftforge.common.ForgeConfigSpec/CORE]: Incorrect key Experience was corrected from null to its default, SimpleCommentedConfig:{}. 
[13Aug2026 09:34:59.959] [Server thread/WARN] [net.minecraftforge.common.ForgeConfigSpec/CORE]: Incorrect key Experience.Grindstone experience multiplier was corrected from null to its default, 0.1. 
[13Aug2026 09:34:59.960] [Server thread/WARN] [net.minecraftforge.common.ForgeConfigSpec/CORE]: Configuration file ./world/serverconfig/easy_villagers-server.toml is not correct. Correcting
[13Aug2026 09:34:59.960] [Server thread/WARN] [net.minecraftforge.common.ForgeConfigSpec/CORE]: Incorrect key breeder was corrected from null to its default, SimpleCommentedConfig:{}. 
[13Aug2026 09:34:59.960] [Server thread/WARN] [net.minecraftforge.common.ForgeConfigSpec/CORE]: Incorrect key breeder.breeding_time was corrected from null to its default, 1200. 
[13Aug2026 09:34:59.961] [Server thread/WARN] [net.minecraftforge.common.ForgeConfigSpec/CORE]: Incorrect key converter was corrected from null to its default, SimpleCommentedConfig:{}. 
[13Aug2026 09:34:59.961] [Server thread/WARN] [net.minecraftforge.common.ForgeConfigSpec/CORE]: Incorrect key converter.converting_time was corrected from null to its default, 6000. 
[13Aug2026 09:34:59.961] [Server thread/WARN] [net.minecraftforge.common.ForgeConfigSpec/CORE]: Incorrect key farmer was corrected from null to its default, SimpleCommentedConfig:{}. 
[13Aug2026 09:34:59.961] [Server thread/WARN] [net.minecraftforge.common.ForgeConfigSpec/CORE]: Incorrect key farmer.farm_speed was corrected from null to its default, 10. 
[13Aug2026 09:34:59.961] [Server thread/WARN] [net.minecraftforge.common.ForgeConfigSpec/CORE]: Incorrect key farmer.crop_blacklist was corrected from null to its default, [#easy_villagers:invalid_farmer_crop]. 
[13Aug2026 09:34:59.962] [Server thread/WARN] [net.minecraftforge.common.ForgeConfigSpec/CORE]: Incorrect key iron_farm was corrected from null to its default, SimpleCommentedConfig:{}. 
[13Aug2026 09:34:59.962] [Server thread/WARN] [net.minecraftforge.common.ForgeConfigSpec/CORE]: Incorrect key iron_farm.spawn_time was corrected from null to its default, 4800. 
[13Aug2026 09:34:59.962] [Server thread/WARN] [net.minecraftforge.common.ForgeConfigSpec/CORE]: Incorrect key trader was corrected from null to its default, SimpleCommentedConfig:{}. 
[13Aug2026 09:34:59.962] [Server thread/WARN] [net.minecraftforge.common.ForgeConfigSpec/CORE]: Incorrect key trader.min_restock_time was corrected from null to its default, 1200. 
[13Aug2026 09:34:59.963] [Server thread/WARN] [net.minecraftforge.common.ForgeConfigSpec/CORE]: Incorrect key trader.max_restock_time was corrected from null to its default, 3600. 
[13Aug2026 09:34:59.963] [Server thread/WARN] [net.minecraftforge.common.ForgeConfigSpec/CORE]: Incorrect key auto_trader was corrected from null to its default, SimpleCommentedConfig:{}. 
[13Aug2026 09:34:59.963] [Server thread/WARN] [net.minecraftforge.common.ForgeConfigSpec/CORE]: Incorrect key auto_trader.min_restock_time was corrected from null to its default, 1200. 
[13Aug2026 09:34:59.963] [Server thread/WARN] [net.minecraftforge.common.ForgeConfigSpec/CORE]: Incorrect key auto_trader.max_restock_time was corrected from null to its default, 3600. 
[13Aug2026 09:34:59.963] [Server thread/WARN] [net.minecraftforge.common.ForgeConfigSpec/CORE]: Incorrect key auto_trader.trade_cooldown was corrected from null to its default, 20. 
[13Aug2026 09:34:59.964] [Server thread/WARN] [net.minecraftforge.common.ForgeConfigSpec/CORE]: Incorrect key villager was corrected from null to its default, SimpleCommentedConfig:{}. 
[13Aug2026 09:34:59.964] [Server thread/WARN] [net.minecraftforge.common.ForgeConfigSpec/CORE]: Incorrect key villager.inventory_sounds was corrected from null to its default, true. 
[13Aug2026 09:34:59.964] [Server thread/WARN] [net.minecraftforge.common.ForgeConfigSpec/CORE]: Incorrect key villager.sound_amount was corrected from null to its default, 20. 
[13Aug2026 09:34:59.964] [Server thread/WARN] [net.minecraftforge.common.ForgeConfigSpec/CORE]: Incorrect key villager.trade_cycling was corrected from null to its default, true. 
[13Aug2026 09:34:59.964] [Server thread/WARN] [net.minecraftforge.common.ForgeConfigSpec/CORE]: Incorrect key villager.universal_reputation was corrected from null to its default, true. 
[13Aug2026 09:34:59.965] [Server thread/WARN] [net.minecraftforge.common.ForgeConfigSpec/CORE]: Incorrect key incubator was corrected from null to its default, SimpleCommentedConfig:{}. 
[13Aug2026 09:34:59.965] [Server thread/WARN] [net.minecraftforge.common.ForgeConfigSpec/CORE]: Incorrect key incubator.speed was corrected from null to its default, 2. 
[13Aug2026 09:34:59.968] [Server thread/WARN] [net.minecraftforge.common.ForgeConfigSpec/CORE]: Configuration file ./world/serverconfig/mantle-server.toml is not correct. Correcting
[13Aug2026 09:34:59.969] [Server thread/WARN] [net.minecraftforge.common.ForgeConfigSpec/CORE]: Incorrect key tagPreferences was corrected from null to its default, [minecraft, tconstruct, tmechworks, metalborn, embers, create, immersiveengineering, mekanism, thermal]. 
[13Aug2026 09:34:59.970] [Server thread/WARN] [net.minecraftforge.common.ForgeConfigSpec/CORE]: Configuration file ./world/serverconfig/create-server.toml is not correct. Correcting
[13Aug2026 09:34:59.970] [Server thread/WARN] [net.minecraftforge.common.ForgeConfigSpec/CORE]: Incorrect key infrastructure was corrected from null to its default, SimpleCommentedConfig:{}. 
[13Aug2026 09:34:59.971] [Server thread/WARN] [net.minecraftforge.common.ForgeConfigSpec/CORE]: Incorrect key infrastructure.tickrateSyncTimer was corrected from null to its default, 20. 
[13Aug2026 09:34:59.971] [Server thread/WARN] [net.minecraftforge.common.ForgeConfigSpec/CORE]: Incorrect key recipes was corrected from null to its default, SimpleCommentedConfig:{}. 
[13Aug2026 09:34:59.971] [Server thread/WARN] [net.minecraftforge.common.ForgeConfigSpec/CORE]: Incorrect key recipes.bulkPressing was corrected from null to its default, false. 
[13Aug2026 09:34:59.971] [Server thread/WARN] [net.minecraftforge.common.ForgeConfigSpec/CORE]: Incorrect key recipes.bulkCutting was corrected from null to its default, false. 
[13Aug2026 09:34:59.972] [Server thread/WARN] [net.minecraftforge.common.ForgeConfigSpec/CORE]: Incorrect key recipes.allowBrewingInMixer was corrected from null to its default, true. 
[13Aug2026 09:34:59.972] [Server thread/WARN] [net.minecraftforge.common.ForgeConfigSpec/CORE]: Incorrect key recipes.allowShapelessInMixer was corrected from null to its default, true. 
[13Aug2026 09:34:59.972] [Server thread/WARN] [net.minecraftforge.common.ForgeConfigSpec/CORE]: Incorrect key recipes.allowShapedSquareInPress was corrected from null to its default, true. 
[13Aug2026 09:34:59.972] [Server thread/WARN] [net.minecraftforge.common.ForgeConfigSpec/CORE]: Incorrect key recipes.allowRegularCraftingInCrafter was corrected from null to its default, true. 
[13Aug2026 09:34:59.972] [Server thread/WARN] [net.minecraftforge.common.ForgeConfigSpec/CORE]: Incorrect key recipes.maxFireworkIngredientsInCrafter was corrected from null to its default, 9. 
[13Aug2026 09:34:59.972] [Server thread/WARN] [net.minecraftforge.common.ForgeConfigSpec/CORE]: Incorrect key recipes.allowStonecuttingOnSaw was corrected from null to its default, true. 
[13Aug2026 09:34:59.973] [Server thread/WARN] [net.minecraftforge.common.ForgeConfigSpec/CORE]: Incorrect key recipes.allowCastingBySpout was corrected from null to its default, true. 
[13Aug2026 09:34:59.973] [Server thread/WARN] [net.minecraftforge.common.ForgeConfigSpec/CORE]: Incorrect key recipes.displayLogStrippingRecipes was corrected from null to its default, true. 
[13Aug2026 09:34:59.973] [Server thread/WARN] [net.minecraftforge.common.ForgeConfigSpec/CORE]: Incorrect key recipes.lightSourceCountForRefinedRadiance was corrected from null to its default, 10. 
[13Aug2026 09:34:59.973] [Server thread/WARN] [net.minecraftforge.common.ForgeConfigSpec/CORE]: Incorrect key recipes.enableRefinedRadianceRecipe was corrected from null to its default, true. 
[13Aug2026 09:34:59.973] [Server thread/WARN] [net.minecraftforge.common.ForgeConfigSpec/CORE]: Incorrect key recipes.enableShadowSteelRecipe was corrected from null to its default, true. 
[13Aug2026 09:34:59.974] [Server thread/WARN] [net.minecraftforge.common.ForgeConfigSpec/CORE]: Incorrect key kinetics was corrected from null to its default, SimpleCommentedConfig:{}. 
[13Aug2026 09:34:59.975] [Server thread/WARN] [net.minecraftforge.common.ForgeConfigSpec/CORE]: Incorrect key kinetics.disableStress was corrected from null to its default, false. 
[13Aug2026 09:34:59.975] [Server thread/WARN] [net.minecraftforge.common.ForgeConfigSpec/CORE]: Incorrect key kinetics.maxBeltLength was corrected from null to its default, 20. 
[13Aug2026 09:34:59.975] [Server thread/WARN] [net.minecraftforge.common.ForgeConfigSpec/CORE]: Incorrect key kinetics.maxChainConveyorLength was corrected from null to its default, 32. 
[13Aug2026 09:34:59.975] [Server thread/WARN] [net.minecraftforge.common.ForgeConfigSpec/CORE]: Incorrect key kinetics.maxChainConveyorConnections was corrected from null to its default, 4. 
[13Aug2026 09:34:59.975] [Server thread/WARN] [net.minecraftforge.common.ForgeConfigSpec/CORE]: Incorrect key kinetics.crushingDamage was corrected from null to its default, 4. 
[13Aug2026 09:34:59.975] [Server thread/WARN] [net.minecraftforge.common.ForgeConfigSpec/CORE]: Incorrect key kinetics.maxRotationSpeed was corrected from null to its default, 256. 
[13Aug2026 09:34:59.975] [Server thread/WARN] [net.minecraftforge.common.ForgeConfigSpec/CORE]: Incorrect key kinetics.ignoreDeployerAttacks was corrected from null to its default, CREEPERS. 
[13Aug2026 09:34:59.976] [Server thread/WARN] [net.minecraftforge.common.ForgeConfigSpec/CORE]: Incorrect key kinetics.kineticValidationFrequency was corrected from null to its default, 60. 
[13Aug2026 09:34:59.976] [Server thread/WARN] [net.minecraftforge.common.ForgeConfigSpec/CORE]: Incorrect key kinetics.crankHungerMultiplier was corrected from null to its default, 0.009999999776482582. 
[13Aug2026 09:34:59.976] [Server thread/WARN] [net.minecraftforge.common.ForgeConfigSpec/CORE]: Incorrect key kinetics.minimumWindmillSails was corrected from null to its default, 8. 
[13Aug2026 09:34:59.976] [Server thread/WARN] [net.minecraftforge.common.ForgeConfigSpec/CORE]: Incorrect key kinetics.windmillSailsPerRPM was corrected from null to its default, 8. 
[13Aug2026 09:34:59.976] [Server thread/WARN] [net.minecraftforge.common.ForgeConfigSpec/CORE]: Incorrect key kinetics.maxEjectorDistance was corrected from null to its default, 32. 
[13Aug2026 09:34:59.976] [Server thread/WARN] [net.minecraftforge.common.ForgeConfigSpec/CORE]: Incorrect key kinetics.ejectorScanInterval was corrected from null to its default, 120. 
[13Aug2026 09:34:59.977] [Server thread/WARN] [net.minecraftforge.common.ForgeConfigSpec/CORE]: Incorrect key kinetics.encasedFan was corrected from null to its default, SimpleCommentedConfig:{}. 
[13Aug2026 09:34:59.977] [Server thread/WARN] [net.minecraftforge.common.ForgeConfigSpec/CORE]: Incorrect key kinetics.encasedFan.fanPushDistance was corrected from null to its default, 20. 
[13Aug2026 09:34:59.977] [Server thread/WARN] [net.minecraftforge.common.ForgeConfigSpec/CORE]: Incorrect key kinetics.encasedFan.fanPullDistance was corrected from null to its default, 20. 
[13Aug2026 09:34:59.977] [Server thread/WARN] [net.minecraftforge.common.ForgeConfigSpec/CORE]: Incorrect key kinetics.encasedFan.fanBlockCheckRate was corrected from null to its default, 30. 
[13Aug2026 09:34:59.977] [Server thread/WARN] [net.minecraftforge.common.ForgeConfigSpec/CORE]: Incorrect key kinetics.encasedFan.fanRotationArgmax was corrected from null to its default, 256. 
[13Aug2026 09:34:59.977] [Server thread/WARN] [net.minecraftforge.common.ForgeConfigSpec/CORE]: Incorrect key kinetics.encasedFan.fanProcessingTime was corrected from null to its default, 150. 
[13Aug2026 09:34:59.977] [Server thread/WARN] [net.minecraftforge.common.ForgeConfigSpec/CORE]: Incorrect key kinetics.contraptions was corrected from null to its default, SimpleCommentedConfig:{}. 
[13Aug2026 09:34:59.977] [Server thread/WARN] [net.minecraftforge.common.ForgeConfigSpec/CORE]: Incorrect key kinetics.contraptions.maxBlocksMoved was corrected from null to its default, 2048. 
[13Aug2026 09:34:59.977] [Server thread/WARN] [net.minecraftforge.common.ForgeConfigSpec/CORE]: Incorrect key kinetics.contraptions.maxChassisRange was corrected from null to its default, 16. 
[13Aug2026 09:34:59.978] [Server thread/WARN] [net.minecraftforge.common.ForgeConfigSpec/CORE]: Incorrect key kinetics.contraptions.maxPistonPoles was corrected from null to its default, 64. 
[13Aug2026 09:34:59.978] [Server thread/WARN] [net.minecraftforge.common.ForgeConfigSpec/CORE]: Incorrect key kinetics.contraptions.maxRopeLength was corrected from null to its default, 384. 
[13Aug2026 09:34:59.978] [Server thread/WARN] [net.minecraftforge.common.ForgeConfigSpec/CORE]: Incorrect key kinetics.contraptions.maxCartCouplingLength was corrected from null to its default, 32. 
[13Aug2026 09:34:59.978] [Server thread/WARN] [net.minecraftforge.common.ForgeConfigSpec/CORE]: Incorrect key kinetics.contraptions.rollerFillDepth was corrected from null to its default, 12. 
[13Aug2026 09:34:59.978] [Server thread/WARN] [net.minecraftforge.common.ForgeConfigSpec/CORE]: Incorrect key kinetics.contraptions.survivalContraptionPickup was corrected from null to its default, true. 
[13Aug2026 09:34:59.978] [Server thread/WARN] [net.minecraftforge.common.ForgeConfigSpec/CORE]: Incorrect key kinetics.contraptions.movableSpawners was corrected from null to its default, NO_PICKUP. 
[13Aug2026 09:34:59.978] [Server thread/WARN] [net.minecraftforge.common.ForgeConfigSpec/CORE]: Incorrect key kinetics.contraptions.amethystMovement was corrected from null to its default, NO_PICKUP. 
[13Aug2026 09:34:59.978] [Server thread/WARN] [net.minecraftforge.common.ForgeConfigSpec/CORE]: Incorrect key kinetics.contraptions.movableObsidian was corrected from null to its default, UNMOVABLE. 
[13Aug2026 09:34:59.979] [Server thread/WARN] [net.minecraftforge.common.ForgeConfigSpec/CORE]: Incorrect key kinetics.contraptions.movableReinforcedDeepslate was corrected from null to its default, UNMOVABLE. 
[13Aug2026 09:34:59.980] [Server thread/WARN] [net.minecraftforge.common.ForgeConfigSpec/CORE]: Incorrect key kinetics.contraptions.moveItemsToStorage was corrected from null to its default, true. 
[13Aug2026 09:34:59.980] [Server thread/WARN] [net.minecraftforge.common.ForgeConfigSpec/CORE]: Incorrect key kinetics.contraptions.harvestPartiallyGrown was corrected from null to its default, false. 
[13Aug2026 09:34:59.980] [Server thread/WARN] [net.minecraftforge.common.ForgeConfigSpec/CORE]: Incorrect key kinetics.contraptions.harvesterReplants was corrected from null to its default, true. 
[13Aug2026 09:34:59.980] [Server thread/WARN] [net.minecraftforge.common.ForgeConfigSpec/CORE]: Incorrect key kinetics.contraptions.minecartContraptionInContainers was corrected from null to its default, false. 
[13Aug2026 09:34:59.980] [Server thread/WARN] [net.minecraftforge.common.ForgeConfigSpec/CORE]: Incorrect key kinetics.contraptions.stabiliseStableContraptions was corrected from null to its default, false. 
[13Aug2026 09:34:59.981] [Server thread/WARN] [net.minecraftforge.common.ForgeConfigSpec/CORE]: Incorrect key kinetics.contraptions.syncPlayerPickupHitboxWithContraptionHitbox was corrected from null to its default, false. 
[13Aug2026 09:34:59.981] [Server thread/WARN] [net.minecraftforge.common.ForgeConfigSpec/CORE]: Incorrect key kinetics.contraptions.noDropWhenContraptionReplaceBlocks was corrected from null to its default, false. 
[13Aug2026 09:34:59.982] [Server thread/WARN] [net.minecraftforge.common.ForgeConfigSpec/CORE]: Incorrect key kinetics.stats was corrected from null to its default, SimpleCommentedConfig:{}. 
[13Aug2026 09:34:59.982] [Server thread/WARN] [net.minecraftforge.common.ForgeConfigSpec/CORE]: Incorrect key kinetics.stats.mediumSpeed was corrected from null to its default, 30.0. 
[13Aug2026 09:34:59.982] [Server thread/WARN] [net.minecraftforge.common.ForgeConfigSpec/CORE]: Incorrect key kinetics.stats.fastSpeed was corrected from null to its default, 100.0. 
[13Aug2026 09:34:59.983] [Server thread/WARN] [net.minecraftforge.common.ForgeConfigSpec/CORE]: Incorrect key kinetics.stats.mediumStressImpact was corrected from null to its default, 4.0. 
[13Aug2026 09:34:59.983] [Server thread/WARN] [net.minecraftforge.common.ForgeConfigSpec/CORE]: Incorrect key kinetics.stats.highStressImpact was corrected from null to its default, 8.0. 
[13Aug2026 09:34:59.983] [Server thread/WARN] [net.minecraftforge.common.ForgeConfigSpec/CORE]: Incorrect key kinetics.stats.mediumCapacity was corrected from null to its default, 256.0. 
[13Aug2026 09:34:59.983] [Server thread/WARN] [net.minecraftforge.common.ForgeConfigSpec/CORE]: Incorrect key kinetics.stats.highCapacity was corrected from null to its default, 1024.0. 
[13Aug2026 09:34:59.984] [Server thread/WARN] [net.minecraftforge.common.ForgeConfigSpec/CORE]: Incorrect key kinetics.stressValues was corrected from null to its default, SimpleCommentedConfig:{}. 
[13Aug2026 09:34:59.984] [Server thread/WARN] [net.minecraftforge.common.ForgeConfigSpec/CORE]: Incorrect key kinetics.stressValues.v2 was corrected from null to its default, SimpleCommentedConfig:{}. 
[13Aug2026 09:34:59.985] [Server thread/WARN] [net.minecraftforge.common.ForgeConfigSpec/CORE]: Incorrect key kinetics.stressValues.v2.impact was corrected from null to its default, SimpleCommentedConfig:{}. 
[13Aug2026 09:34:59.986] [Server thread/WARN] [net.minecraftforge.common.ForgeConfigSpec/CORE]: Incorrect key kinetics.stressValues.v2.impact.brass_encased_shaft was corrected from null to its default, 0.0. 
[13Aug2026 09:34:59.986] [Server thread/WARN] [net.minecraftforge.common.ForgeConfigSpec/CORE]: Incorrect key kinetics.stressValues.v2.impact.turntable was corrected from null to its default, 4.0. 
[13Aug2026 09:34:59.986] [Server thread/WARN] [net.minecraftforge.common.ForgeConfigSpec/CORE]: Incorrect key kinetics.stressValues.v2.impact.clutch was corrected from null to its default, 0.0. 
[13Aug2026 09:34:59.986] [Server thread/WARN] [net.minecraftforge.common.ForgeConfigSpec/CORE]: Incorrect key kinetics.stressValues.v2.impact.mechanical_mixer was corrected from null to its default, 4.0. 
[13Aug2026 09:34:59.987] [Server thread/WARN] [net.minecraftforge.common.ForgeConfigSpec/CORE]: Incorrect key kinetics.stressValues.v2.impact.gearbox was corrected from null to its default, 0.0. 
[13Aug2026 09:34:59.988] [Server thread/WARN] [net.minecraftforge.common.ForgeConfigSpec/CORE]: Incorrect key kinetics.stressValues.v2.impact.mechanical_bearing was corrected from null to its default, 4.0. 
[13Aug2026 09:34:59.988] [Server thread/WARN] [net.minecraftforge.common.ForgeConfigSpec/CORE]: Incorrect key kinetics.stressValues.v2.impact.copper_backtank was corrected from null to its default, 4.0. 
[13Aug2026 09:34:59.988] [Server thread/WARN] [net.minecraftforge.common.ForgeConfigSpec/CORE]: Incorrect key kinetics.stressValues.v2.impact.hose_pulley was corrected from null to its default, 4.0. 
[13Aug2026 09:34:59.988] [Server thread/WARN] [net.minecraftforge.common.ForgeConfigSpec/CORE]: Incorrect key kinetics.stressValues.v2.impact.display_board was corrected from null to its default, 0.0. 
[13Aug2026 09:34:59.990] [Server thread/WARN] [net.minecraftforge.common.ForgeConfigSpec/CORE]: Incorrect key kinetics.stressValues.v2.impact.crushing_wheel was corrected from null to its default, 8.0. 
[13Aug2026 09:34:59.990] [Server thread/WARN] [net.minecraftforge.common.ForgeConfigSpec/CORE]: Incorrect key kinetics.stressValues.v2.impact.adjustable_chain_gearshift was corrected from null to its default, 0.0. 
[13Aug2026 09:34:59.991] [Server thread/WARN] [net.minecraftforge.common.ForgeConfigSpec/CORE]: Incorrect key kinetics.stressValues.v2.impact.millstone was corrected from null to its default, 4.0. 
[13Aug2026 09:34:59.991] [Server thread/WARN] [net.minecraftforge.common.ForgeConfigSpec/CORE]: Incorrect key kinetics.stressValues.v2.impact.rotation_speed_controller was corrected from null to its default, 0.0. 
[13Aug2026 09:34:59.991] [Server thread/WARN] [net.minecraftforge.common.ForgeConfigSpec/CORE]: Incorrect key kinetics.stressValues.v2.impact.sticky_mechanical_piston was corrected from null to its default, 4.0. 
[13Aug2026 09:34:59.991] [Server thread/WARN] [net.minecraftforge.common.ForgeConfigSpec/CORE]: Incorrect key kinetics.stressValues.v2.impact.mechanical_crafter was corrected from null to its default, 2.0. 
[13Aug2026 09:34:59.991] [Server thread/WARN] [net.minecraftforge.common.ForgeConfigSpec/CORE]: Incorrect key kinetics.stressValues.v2.impact.deployer was corrected from null to its default, 4.0. 
[13Aug2026 09:34:59.995] [Server thread/WARN] [net.minecraftforge.common.ForgeConfigSpec/CORE]: Incorrect key kinetics.stressValues.v2.impact.elevator_pulley was corrected from null to its default, 4.0. 
[13Aug2026 09:34:59.995] [Server thread/WARN] [net.minecraftforge.common.ForgeConfigSpec/CORE]: Incorrect key kinetics.stressValues.v2.impact.stressometer was corrected from null to its default, 0.0. 
[13Aug2026 09:34:59.995] [Server thread/WARN] [net.minecraftforge.common.ForgeConfigSpec/CORE]: Incorrect key kinetics.stressValues.v2.impact.cogwheel was corrected from null to its default, 0.0. 
[13Aug2026 09:34:59.995] [Server thread/WARN] [net.minecraftforge.common.ForgeConfigSpec/CORE]: Incorrect key kinetics.stressValues.v2.impact.encased_chain_drive was corrected from null to its default, 0.0. 
[13Aug2026 09:34:59.995] [Server thread/WARN] [net.minecraftforge.common.ForgeConfigSpec/CORE]: Incorrect key kinetics.stressValues.v2.impact.belt was corrected from null to its default, 0.0. 
[13Aug2026 09:34:59.996] [Server thread/WARN] [net.minecraftforge.common.ForgeConfigSpec/CORE]: Incorrect key kinetics.stressValues.v2.impact.brass_encased_large_cogwheel was corrected from null to its default, 0.0. 
[13Aug2026 09:34:59.997] [Server thread/WARN] [net.minecraftforge.common.ForgeConfigSpec/CORE]: Incorrect key kinetics.stressValues.v2.impact.weighted_ejector was corrected from null to its default, 2.0. 
[13Aug2026 09:34:59.997] [Server thread/WARN] [net.minecraftforge.common.ForgeConfigSpec/CORE]: Incorrect key kinetics.stressValues.v2.impact.chain_conveyor was corrected from null to its default, 1.0. 
[13Aug2026 09:34:59.997] [Server thread/WARN] [net.minecraftforge.common.ForgeConfigSpec/CORE]: Incorrect key kinetics.stressValues.v2.impact.mechanical_saw was corrected from null to its default, 4.0. 
[13Aug2026 09:34:59.997] [Server thread/WARN] [net.minecraftforge.common.ForgeConfigSpec/CORE]: Incorrect key kinetics.stressValues.v2.impact.flywheel was corrected from null to its default, 0.0. 
[13Aug2026 09:34:59.997] [Server thread/WARN] [net.minecraftforge.common.ForgeConfigSpec/CORE]: Incorrect key kinetics.stressValues.v2.impact.mechanical_piston was corrected from null to its default, 4.0. 
[13Aug2026 09:34:59.997] [Server thread/WARN] [net.minecraftforge.common.ForgeConfigSpec/CORE]: Incorrect key kinetics.stressValues.v2.impact.speedometer was corrected from null to its default, 0.0. 
[13Aug2026 09:34:59.997] [Server thread/WARN] [net.minecraftforge.common.ForgeConfigSpec/CORE]: Incorrect key kinetics.stressValues.v2.impact.brass_encased_cogwheel was corrected from null to its default, 0.0. 
[13Aug2026 09:34:59.997] [Server thread/WARN] [net.minecraftforge.common.ForgeConfigSpec/CORE]: Incorrect key kinetics.stressValues.v2.impact.clockwork_bearing was corrected from null to its default, 4.0. 
[13Aug2026 09:34:59.998] [Server thread/WARN] [net.minecraftforge.common.ForgeConfigSpec/CORE]: Incorrect key kinetics.stressValues.v2.impact.mechanical_press was corrected from null to its default, 8.0. 
[13Aug2026 09:34:59.998] [Server thread/WARN] [net.minecraftforge.common.ForgeConfigSpec/CORE]: Incorrect key kinetics.stressValues.v2.impact.mechanical_drill was corrected from null to its default, 4.0. 
[13Aug2026 09:34:59.998] [Server thread/WARN] [net.minecraftforge.common.ForgeConfigSpec/CORE]: Incorrect key kinetics.stressValues.v2.impact.andesite_encased_shaft was corrected from null to its default, 0.0. 
[13Aug2026 09:34:59.998] [Server thread/WARN] [net.minecraftforge.common.ForgeConfigSpec/CORE]: Incorrect key kinetics.stressValues.v2.impact.netherite_backtank was corrected from null to its default, 4.0. 
[13Aug2026 09:34:59.998] [Server thread/WARN] [net.minecraftforge.common.ForgeConfigSpec/CORE]: Incorrect key kinetics.stressValues.v2.impact.mechanical_arm was corrected from null to its default, 2.0. 
[13Aug2026 09:34:59.998] [Server thread/WARN] [net.minecraftforge.common.ForgeConfigSpec/CORE]: Incorrect key kinetics.stressValues.v2.impact.sequenced_gearshift was corrected from null to its default, 0.0. 
[13Aug2026 09:34:59.998] [Server thread/WARN] [net.minecraftforge.common.ForgeConfigSpec/CORE]: Incorrect key kinetics.stressValues.v2.impact.andesite_encased_large_cogwheel was corrected from null to its default, 0.0. 
[13Aug2026 09:34:59.998] [Server thread/WARN] [net.minecraftforge.common.ForgeConfigSpec/CORE]: Incorrect key kinetics.stressValues.v2.impact.shaft was corrected from null to its default, 0.0. 
[13Aug2026 09:34:59.999] [Server thread/WARN] [net.minecraftforge.common.ForgeConfigSpec/CORE]: Incorrect key kinetics.stressValues.v2.impact.cuckoo_clock was corrected from null to its default, 1.0. 
[13Aug2026 09:34:59.999] [Server thread/WARN] [net.minecraftforge.common.ForgeConfigSpec/CORE]: Incorrect key kinetics.stressValues.v2.impact.gearshift was corrected from null to its default, 0.0. 
[13Aug2026 09:34:59.999] [Server thread/WARN] [net.minecraftforge.common.ForgeConfigSpec/CORE]: Incorrect key kinetics.stressValues.v2.impact.rope_pulley was corrected from null to its default, 4.0. 
[13Aug2026 09:35:00.000] [Server thread/WARN] [net.minecraftforge.common.ForgeConfigSpec/CORE]: Incorrect key kinetics.stressValues.v2.impact.andesite_encased_cogwheel was corrected from null to its default, 0.0. 
[13Aug2026 09:35:00.000] [Server thread/WARN] [net.minecraftforge.common.ForgeConfigSpec/CORE]: Incorrect key kinetics.stressValues.v2.impact.large_cogwheel was corrected from null to its default, 0.0. 
[13Aug2026 09:35:00.000] [Server thread/WARN] [net.minecraftforge.common.ForgeConfigSpec/CORE]: Incorrect key kinetics.stressValues.v2.impact.encased_fan was corrected from null to its default, 2.0. 
[13Aug2026 09:35:00.000] [Server thread/WARN] [net.minecraftforge.common.ForgeConfigSpec/CORE]: Incorrect key kinetics.stressValues.v2.impact.mysterious_cuckoo_clock was corrected from null to its default, 1.0. 
[13Aug2026 09:35:00.000] [Server thread/WARN] [net.minecraftforge.common.ForgeConfigSpec/CORE]: Incorrect key kinetics.stressValues.v2.impact.gantry_shaft was corrected from null to its default, 0.0. 
[13Aug2026 09:35:00.000] [Server thread/WARN] [net.minecraftforge.common.ForgeConfigSpec/CORE]: Incorrect key kinetics.stressValues.v2.impact.mechanical_pump was corrected from null to its default, 4.0. 
[13Aug2026 09:35:00.003] [Server thread/WARN] [net.minecraftforge.common.ForgeConfigSpec/CORE]: Incorrect key kinetics.stressValues.v2.capacity was corrected from null to its default, SimpleCommentedConfig:{}. 
[13Aug2026 09:35:00.004] [Server thread/WARN] [net.minecraftforge.common.ForgeConfigSpec/CORE]: Incorrect key kinetics.stressValues.v2.capacity.steam_engine was corrected from null to its default, 1024.0. 
[13Aug2026 09:35:00.004] [Server thread/WARN] [net.minecraftforge.common.ForgeConfigSpec/CORE]: Incorrect key kinetics.stressValues.v2.capacity.water_wheel was corrected from null to its default, 32.0. 
[13Aug2026 09:35:00.004] [Server thread/WARN] [net.minecraftforge.common.ForgeConfigSpec/CORE]: Incorrect key kinetics.stressValues.v2.capacity.copper_valve_handle was corrected from null to its default, 8.0. 
[13Aug2026 09:35:00.004] [Server thread/WARN] [net.minecraftforge.common.ForgeConfigSpec/CORE]: Incorrect key kinetics.stressValues.v2.capacity.hand_crank was corrected from null to its default, 8.0. 
[13Aug2026 09:35:00.004] [Server thread/WARN] [net.minecraftforge.common.ForgeConfigSpec/CORE]: Incorrect key kinetics.stressValues.v2.capacity.creative_motor was corrected from null to its default, 16384.0. 
[13Aug2026 09:35:00.005] [Server thread/WARN] [net.minecraftforge.common.ForgeConfigSpec/CORE]: Incorrect key kinetics.stressValues.v2.capacity.large_water_wheel was corrected from null to its default, 128.0. 
[13Aug2026 09:35:00.005] [Server thread/WARN] [net.minecraftforge.common.ForgeConfigSpec/CORE]: Incorrect key kinetics.stressValues.v2.capacity.windmill_bearing was corrected from null to its default, 512.0. 
[13Aug2026 09:35:00.007] [Server thread/WARN] [net.minecraftforge.common.ForgeConfigSpec/CORE]: Incorrect key fluids was corrected from null to its default, SimpleCommentedConfig:{}. 
[13Aug2026 09:35:00.009] [Server thread/WARN] [net.minecraftforge.common.ForgeConfigSpec/CORE]: Incorrect key fluids.fluidTankCapacity was corrected from null to its default, 8. 
[13Aug2026 09:35:00.010] [Server thread/WARN] [net.minecraftforge.common.ForgeConfigSpec/CORE]: Incorrect key fluids.fluidTankMaxHeight was corrected from null to its default, 32. 
[13Aug2026 09:35:00.010] [Server thread/WARN] [net.minecraftforge.common.ForgeConfigSpec/CORE]: Incorrect key fluids.mechanicalPumpRange was corrected from null to its default, 16. 
[13Aug2026 09:35:00.010] [Server thread/WARN] [net.minecraftforge.common.ForgeConfigSpec/CORE]: Incorrect key fluids.hosePulleyRange was corrected from null to its default, 128. 
[13Aug2026 09:35:00.010] [Server thread/WARN] [net.minecraftforge.common.ForgeConfigSpec/CORE]: Incorrect key fluids.hosePulleyBlockThreshold was corrected from null to its default, 10000. 
[13Aug2026 09:35:00.010] [Server thread/WARN] [net.minecraftforge.common.ForgeConfigSpec/CORE]: Incorrect key fluids.fillInfinite was corrected from null to its default, false. 
[13Aug2026 09:35:00.010] [Server thread/WARN] [net.minecraftforge.common.ForgeConfigSpec/CORE]: Incorrect key fluids.bottomlessFluidMode was corrected from null to its default, ALLOW_BY_TAG. 
[13Aug2026 09:35:00.010] [Server thread/WARN] [net.minecraftforge.common.ForgeConfigSpec/CORE]: Incorrect key fluids.fluidFillPlaceFluidSourceBlocks was corrected from null to its default, true. 
[13Aug2026 09:35:00.010] [Server thread/WARN] [net.minecraftforge.common.ForgeConfigSpec/CORE]: Incorrect key fluids.pipesPlaceFluidSourceBlocks was corrected from null to its default, true. 
[13Aug2026 09:35:00.012] [Server thread/WARN] [net.minecraftforge.common.ForgeConfigSpec/CORE]: Incorrect key logistics was corrected from null to its default, SimpleCommentedConfig:{}. 
[13Aug2026 09:35:00.012] [Server thread/WARN] [net.minecraftforge.common.ForgeConfigSpec/CORE]: Incorrect key logistics.defaultExtractionTimer was corrected from null to its default, 8. 
[13Aug2026 09:35:00.012] [Server thread/WARN] [net.minecraftforge.common.ForgeConfigSpec/CORE]: Incorrect key logistics.psiTimeout was corrected from null to its default, 60. 
[13Aug2026 09:35:00.012] [Server thread/WARN] [net.minecraftforge.common.ForgeConfigSpec/CORE]: Incorrect key logistics.mechanicalArmRange was corrected from null to its default, 5. 
[13Aug2026 09:35:00.012] [Server thread/WARN] [net.minecraftforge.common.ForgeConfigSpec/CORE]: Incorrect key logistics.packagePortRange was corrected from null to its default, 5. 
[13Aug2026 09:35:00.012] [Server thread/WARN] [net.minecraftforge.common.ForgeConfigSpec/CORE]: Incorrect key logistics.linkRange was corrected from null to its default, 256. 
[13Aug2026 09:35:00.012] [Server thread/WARN] [net.minecraftforge.common.ForgeConfigSpec/CORE]: Incorrect key logistics.displayLinkRange was corrected from null to its default, 64. 
[13Aug2026 09:35:00.012] [Server thread/WARN] [net.minecraftforge.common.ForgeConfigSpec/CORE]: Incorrect key logistics.vaultCapacity was corrected from null to its default, 20. 
[13Aug2026 09:35:00.013] [Server thread/WARN] [net.minecraftforge.common.ForgeConfigSpec/CORE]: Incorrect key logistics.chainConveyorCapacity was corrected from null to its default, 20. 
[13Aug2026 09:35:00.013] [Server thread/WARN] [net.minecraftforge.common.ForgeConfigSpec/CORE]: Incorrect key logistics.brassTunnelTimer was corrected from null to its default, 10. 
[13Aug2026 09:35:00.013] [Server thread/WARN] [net.minecraftforge.common.ForgeConfigSpec/CORE]: Incorrect key logistics.factoryGaugeTimer was corrected from null to its default, 100. 
[13Aug2026 09:35:00.013] [Server thread/WARN] [net.minecraftforge.common.ForgeConfigSpec/CORE]: Incorrect key logistics.seatHostileMobs was corrected from null to its default, true. 
[13Aug2026 09:35:00.014] [Server thread/WARN] [net.minecraftforge.common.ForgeConfigSpec/CORE]: Incorrect key schematics was corrected from null to its default, SimpleCommentedConfig:{}. 
[13Aug2026 09:35:00.014] [Server thread/WARN] [net.minecraftforge.common.ForgeConfigSpec/CORE]: Incorrect key schematics.creativePrintIncludesAir was corrected from null to its default, false. 
[13Aug2026 09:35:00.014] [Server thread/WARN] [net.minecraftforge.common.ForgeConfigSpec/CORE]: Incorrect key schematics.maxSchematics was corrected from null to its default, 10. 
[13Aug2026 09:35:00.014] [Server thread/WARN] [net.minecraftforge.common.ForgeConfigSpec/CORE]: Incorrect key schematics.maxTotalSchematicSize was corrected from null to its default, 256. 
[13Aug2026 09:35:00.015] [Server thread/WARN] [net.minecraftforge.common.ForgeConfigSpec/CORE]: Incorrect key schematics.maxSchematicPacketSize was corrected from null to its default, 1024. 
[13Aug2026 09:35:00.015] [Server thread/WARN] [net.minecraftforge.common.ForgeConfigSpec/CORE]: Incorrect key schematics.schematicIdleTimeout was corrected from null to its default, 600. 
[13Aug2026 09:35:00.015] [Server thread/WARN] [net.minecraftforge.common.ForgeConfigSpec/CORE]: Incorrect key schematics.schematicannon was corrected from null to its default, SimpleCommentedConfig:{}. 
[13Aug2026 09:35:00.015] [Server thread/WARN] [net.minecraftforge.common.ForgeConfigSpec/CORE]: Incorrect key schematics.schematicannon.schematicannonDelay was corrected from null to its default, 10. 
[13Aug2026 09:35:00.015] [Server thread/WARN] [net.minecraftforge.common.ForgeConfigSpec/CORE]: Incorrect key schematics.schematicannon.schematicannonShotsPerGunpowder was corrected from null to its default, 400. 
[13Aug2026 09:35:00.016] [Server thread/WARN] [net.minecraftforge.common.ForgeConfigSpec/CORE]: Incorrect key equipment was corrected from null to its default, SimpleCommentedConfig:{}. 
[13Aug2026 09:35:00.016] [Server thread/WARN] [net.minecraftforge.common.ForgeConfigSpec/CORE]: Incorrect key equipment.maxSymmetryWandRange was corrected from null to its default, 50. 
[13Aug2026 09:35:00.017] [Server thread/WARN] [net.minecraftforge.common.ForgeConfigSpec/CORE]: Incorrect key equipment.placementAssistRange was corrected from null to its default, 12. 
[13Aug2026 09:35:00.017] [Server thread/WARN] [net.minecraftforge.common.ForgeConfigSpec/CORE]: Incorrect key equipment.toolboxRange was corrected from null to its default, 10. 
[13Aug2026 09:35:00.017] [Server thread/WARN] [net.minecraftforge.common.ForgeConfigSpec/CORE]: Incorrect key equipment.airInBacktank was corrected from null to its default, 900. 
[13Aug2026 09:35:00.017] [Server thread/WARN] [net.minecraftforge.common.ForgeConfigSpec/CORE]: Incorrect key equipment.enchantedBacktankCapacity was corrected from null to its default, 300. 
[13Aug2026 09:35:00.017] [Server thread/WARN] [net.minecraftforge.common.ForgeConfigSpec/CORE]: Incorrect key equipment.maxExtendoGripActions was corrected from null to its default, 1000. 
[13Aug2026 09:35:00.017] [Server thread/WARN] [net.minecraftforge.common.ForgeConfigSpec/CORE]: Incorrect key equipment.maxPotatoCannonShots was corrected from null to its default, 200. 
[13Aug2026 09:35:00.018] [Server thread/WARN] [net.minecraftforge.common.ForgeConfigSpec/CORE]: Incorrect key trains was corrected from null to its default, SimpleCommentedConfig:{}. 
[13Aug2026 09:35:00.018] [Server thread/WARN] [net.minecraftforge.common.ForgeConfigSpec/CORE]: Incorrect key trains.trainsCauseDamage was corrected from null to its default, true. 
[13Aug2026 09:35:00.019] [Server thread/WARN] [net.minecraftforge.common.ForgeConfigSpec/CORE]: Incorrect key trains.maxTrackPlacementLength was corrected from null to its default, 32. 
[13Aug2026 09:35:00.019] [Server thread/WARN] [net.minecraftforge.common.ForgeConfigSpec/CORE]: Incorrect key trains.maxAssemblyLength was corrected from null to its default, 128. 
[13Aug2026 09:35:00.019] [Server thread/WARN] [net.minecraftforge.common.ForgeConfigSpec/CORE]: Incorrect key trains.maxBogeyCount was corrected from null to its default, 20. 
[13Aug2026 09:35:00.019] [Server thread/WARN] [net.minecraftforge.common.ForgeConfigSpec/CORE]: Incorrect key trains.manualTrainSpeedModifier was corrected from null to its default, 0.75. 
[13Aug2026 09:35:00.019] [Server thread/WARN] [net.minecraftforge.common.ForgeConfigSpec/CORE]: Incorrect key trains.trainStats was corrected from null to its default, SimpleCommentedConfig:{}. 
[13Aug2026 09:35:00.019] [Server thread/WARN] [net.minecraftforge.common.ForgeConfigSpec/CORE]: Incorrect key trains.trainStats.trainTopSpeed was corrected from null to its default, 28.0. 
[13Aug2026 09:35:00.019] [Server thread/WARN] [net.minecraftforge.common.ForgeConfigSpec/CORE]: Incorrect key trains.trainStats.trainTurningTopSpeed was corrected from null to its default, 14.0. 
[13Aug2026 09:35:00.019] [Server thread/WARN] [net.minecraftforge.common.ForgeConfigSpec/CORE]: Incorrect key trains.trainStats.trainAcceleration was corrected from null to its default, 3.0. 
[13Aug2026 09:35:00.019] [Server thread/WARN] [net.minecraftforge.common.ForgeConfigSpec/CORE]: Incorrect key trains.poweredTrainStats was corrected from null to its default, SimpleCommentedConfig:{}. 
[13Aug2026 09:35:00.019] [Server thread/WARN] [net.minecraftforge.common.ForgeConfigSpec/CORE]: Incorrect key trains.poweredTrainStats.poweredTrainTopSpeed was corrected from null to its default, 40.0. 
[13Aug2026 09:35:00.020] [Server thread/WARN] [net.minecraftforge.common.ForgeConfigSpec/CORE]: Incorrect key trains.poweredTrainStats.poweredTrainTurningTopSpeed was corrected from null to its default, 20.0. 
[13Aug2026 09:35:00.020] [Server thread/WARN] [net.minecraftforge.common.ForgeConfigSpec/CORE]: Incorrect key trains.poweredTrainStats.poweredTrainAcceleration was corrected from null to its default, 3.0. 
[13Aug2026 09:35:00.096] [Server thread/INFO] [Framework/]: Loading server configs...
[13Aug2026 09:35:00.127] [Server thread/INFO] [zeta/]: Server starting, accepting filewatcher changes for zeta's config
[13Aug2026 09:35:00.128] [Server thread/INFO] [quark-zeta/]: Server starting, accepting filewatcher changes for quark's config
[13Aug2026 09:35:00.187] [Server thread/WARN] [mixin/]: Method overwrite conflict for withNs in mixins.lc2h.json:lostcities.building.MixinBuildingInfoSafeGetOrThrow, previously written by org.admany.lc2h.mixin.lostcities.building.MixinBuildingInfo. Skipping method.
[13Aug2026 09:35:00.187] [Server thread/WARN] [mixin/]: Method overwrite conflict for stripTrailingNumbers in mixins.lc2h.json:lostcities.building.MixinBuildingInfoSafeGetOrThrow, previously written by org.admany.lc2h.mixin.lostcities.building.MixinBuildingInfo. Skipping method.
[13Aug2026 09:35:00.252] [Server thread/INFO] [net.jadenxgamer.elysium_api.Elysium/]: ElysiumBiomeSource successfully initialized for minecraft:overworld
[13Aug2026 09:35:00.253] [Server thread/INFO] [net.jadenxgamer.elysium_api.Elysium/]: ElysiumBiomeSource successfully initialized for minecraft:the_nether
[13Aug2026 09:35:00.261] [Server thread/INFO] [terrablender/]: Initialized TerraBlender biomes for level stem minecraft:the_nether
[13Aug2026 09:35:00.448] [Server thread/INFO] [terrablender/]: Initialized TerraBlender biomes for level stem minecraft:overworld
[13Aug2026 09:35:00.448] [Server thread/INFO] [net.minecraft.server.dedicated.DedicatedServer/]: Preparing level "world"
[13Aug2026 09:35:00.468] [Server thread/INFO] [mixin/]: Mixing MixinPhantomSpawner from enigmaticlegacy.mixins.json into net.minecraft.world.level.levelgen.PhantomSpawner
[13Aug2026 09:35:02.782] [Worker-Main-3/INFO] [org.admany.lc2h.LC2H/]: GPU disk cache directory initialised at /workspaces/khunglong30/config/QuantifiedAPI/cache/lc2h/gpuData
[13Aug2026 09:35:13.114] [Netty Epoll Server IO #1/INFO] [net.minecraftforge.server.ServerLifecycleHooks/SERVERHOOKS]: Disconnecting Player (server is still starting): literal{Server is still starting! Please wait before reconnecting.}
[13Aug2026 09:35:14.299] [Netty Epoll Server IO #2/INFO] [net.minecraftforge.server.ServerLifecycleHooks/SERVERHOOKS]: Disconnecting Player (server is still starting): literal{Server is still starting! Please wait before reconnecting.}
[13Aug2026 09:35:25.151] [Worker-Main-3/WARN] [net.minecraft.world.level.levelgen.structure.pools.JigsawPlacement/]: Empty or non-existent pool: dungeons_arise:mechanical_nest/mechanical_nest_decoration
[13Aug2026 09:35:25.180] [Worker-Main-3/WARN] [net.minecraft.world.level.levelgen.structure.pools.JigsawPlacement/]: Empty or non-existent pool: dungeons_arise:mechanical_nest/mechanical_nest_decoration
[13Aug2026 09:35:25.273] [Worker-Main-3/WARN] [net.minecraft.world.level.levelgen.structure.pools.JigsawPlacement/]: Empty or non-existent pool: dungeons_arise:mechanical_nest/mechanical_nest_decoration
[13Aug2026 09:35:30.715] [Server thread/INFO] [net.minecraft.server.MinecraftServer/]: Preparing start region for dimension minecraft:overworld
[13Aug2026 09:35:31.117] [Worker-Main-1/INFO] [net.minecraft.server.level.progress.LoggerChunkProgressListener/]: Preparing spawn area: 0%
[13Aug2026 09:35:31.224] [Worker-Main-1/INFO] [net.minecraft.server.level.progress.LoggerChunkProgressListener/]: Preparing spawn area: 0%
[13Aug2026 09:35:31.738] [Worker-Main-2/INFO] [net.minecraft.server.level.progress.LoggerChunkProgressListener/]: Preparing spawn area: 0%
[13Aug2026 09:35:32.013] [Quantified-Vulkan-Probe-Scheduler/INFO] [org.admany.quantified.core.common.gpu.backend.VulkanProbeScheduler/]: Running Vulkan probe attempt #2 (retry:unavailable)
[13Aug2026 09:35:32.014] [Quantified-Vulkan-Probe-Scheduler/INFO] [org.admany.quantified.core.common.gpu.backend.VulkanRuntime/]: [Vulkan][Probe 2] Reprobe requested on thread 'Quantified-Vulkan-Probe-Scheduler' (group=main')
[13Aug2026 09:35:32.014] [Quantified-Vulkan-Probe-Scheduler/INFO] [org.admany.quantified.core.common.gpu.backend.VulkanRuntime/]: [Vulkan][Probe 2] Probe start on thread 'Quantified-Vulkan-Probe-Scheduler' LWJGL-stack=64 MiB
[13Aug2026 09:35:32.014] [Quantified-Vulkan-Probe-Scheduler/INFO] [org.admany.quantified.core.common.gpu.backend.VulkanRuntime/]: [Vulkan][Probe 2] Environment: os=Linux 6.8.0-1052-azure, arch=amd64, java=25.0.2, vendor=Microsoft, lwjgl.stack.bytes=67108864, quantified.lwjgl.stackSizeBytes=67108864, quantified.lwjgl.stackSizeKb=65536, quantified.gpuThreadStackBytes=<unset>, quantified.gpuThreadStackKb=<unset>, quantified.probeThreadStackBytes=<unset>, quantified.probeThreadStackKb=<unset>, org.lwjgl.system.stackSizeKb=65536
[13Aug2026 09:35:32.015] [Quantified-Vulkan-Probe-Scheduler/INFO] [org.admany.quantified.core.common.gpu.backend.VulkanRuntime/]: [Vulkan][Probe 2] Loader env: VK_ICD_FILENAMES=<unset>, VK_DRIVER_FILES=<unset>, VK_LAYER_PATH=<unset>, VK_INSTANCE_LAYERS=<unset>, VK_LOADER_DEBUG=<unset>, VK_LOADER_LAYERS_DISABLE=<unset>
[13Aug2026 09:35:32.660] [Worker-Main-3/INFO] [net.minecraft.server.level.progress.LoggerChunkProgressListener/]: Preparing spawn area: 0%
[13Aug2026 09:35:32.772] [Quantified-Vulkan-Probe-Scheduler/INFO] [org.admany.quantified.core.common.gpu.backend.VulkanRuntime/]: [Vulkan][Probe 2] Launching isolated Vulkan probe: /usr/local/sdkman/candidates/java/25.0.2-ms/bin/java --enable-native-access=ALL-UNNAMED --sun-misc-unsafe-memory-access=allow -Xms16m -Xmx256m -XX:MaxDirectMemorySize=128m -Xss16m -Dorg.lwjgl.system.stackSize=16384 -Dquantified.lwjgl.stackSizeKb=16384 -Dquantified.lwjgl.stackSizeBytes=16777216 -Dorg.lwjgl.system.SharedLibraryExtractPath=/workspaces/khunglong30/config/QuantifiedAPI/cache/tools/vulkanProbe/natives -Dorg.lwjgl.librarypath=/workspaces/khunglong30/config/QuantifiedAPI/cache/tools/vulkanProbe/natives -cp /workspaces/khunglong30/config/QuantifiedAPI/cache/tools/vulkanProbe/quantified-vulkan-probe.jar:/workspaces/khunglong30/config/QuantifiedAPI/cache/tools/vulkanProbe/lib/lwjgl-3.3.3-natives-linux-arm64.jar:/workspaces/khunglong30/config/QuantifiedAPI/cache/tools/vulkanProbe/lib/lwjgl-3.3.3-natives-linux.jar:/workspaces/khunglong30/config/QuantifiedAPI/cache/tools/vulkanProbe/lib/lwjgl-3.3.3-natives-windows.jar:/workspaces/khunglong30/config/QuantifiedAPI/cache/tools/vulkanProbe/lib/lwjgl-3.3.3.jar:/workspaces/khunglong30/config/QuantifiedAPI/cache/tools/vulkanProbe/lib/lwjgl-vulkan-3.3.3.jar org.admany.quantified.vulkan.probe.VulkanProbeEntrypoint [VK_LOADER_LAYERS_DISABLE=~implicit~, VK_LOADER_DEBUG=error]
[13Aug2026 09:35:32.843] [Worker-Main-1/INFO] [net.minecraft.server.level.progress.LoggerChunkProgressListener/]: Preparing spawn area: 0%
[13Aug2026 09:35:33.592] [Quantified-Vulkan-Probe-Stdout/INFO] [org.admany.quantified.core.common.gpu.backend.VulkanRuntime/]: [Vulkan][Probe 2] [Subprocess] [probe] [heartbeat] startup
[13Aug2026 09:35:33.592] [Quantified-Vulkan-Probe-Stdout/INFO] [org.admany.quantified.core.common.gpu.backend.VulkanRuntime/]: [Vulkan][Probe 2] [Subprocess] [probe] [heartbeat] pre-librarypath-config
[13Aug2026 09:35:33.592] [Quantified-Vulkan-Probe-Stdout/INFO] [org.admany.quantified.core.common.gpu.backend.VulkanRuntime/]: [Vulkan][Probe 2] [Subprocess] [probe] java=25.0.2, vendor=Microsoft, os=Linux 6.8.0-1052-azure, arch=amd64
[13Aug2026 09:35:33.592] [Quantified-Vulkan-Probe-Stdout/INFO] [org.admany.quantified.core.common.gpu.backend.VulkanRuntime/]: [Vulkan][Probe 2] [Subprocess] [probe] org.lwjgl.system.stackSizeKb=16384, quantified.lwjgl.stackSizeBytes=16777216
[13Aug2026 09:35:33.592] [Quantified-Vulkan-Probe-Stdout/INFO] [org.admany.quantified.core.common.gpu.backend.VulkanRuntime/]: [Vulkan][Probe 2] [Subprocess] [probe] java.library.path=/usr/java/packages/lib:/usr/lib64:/lib64:/lib:/usr/lib
[13Aug2026 09:35:33.593] [Quantified-Vulkan-Probe-Stdout/INFO] [org.admany.quantified.core.common.gpu.backend.VulkanRuntime/]: [Vulkan][Probe 2] [Subprocess] [probe] org.lwjgl.librarypath=/workspaces/khunglong30/config/QuantifiedAPI/cache/tools/vulkanProbe/natives
[13Aug2026 09:35:33.593] [Quantified-Vulkan-Probe-Stdout/INFO] [org.admany.quantified.core.common.gpu.backend.VulkanRuntime/]: [Vulkan][Probe 2] [Subprocess] [probe] org.lwjgl.system.SharedLibraryExtractPath(original)=/workspaces/khunglong30/config/QuantifiedAPI/cache/tools/vulkanProbe/natives
[13Aug2026 09:35:33.593] [Quantified-Vulkan-Probe-Stdout/INFO] [org.admany.quantified.core.common.gpu.backend.VulkanRuntime/]: [Vulkan][Probe 2] [Subprocess] [probe] org.lwjgl.system.SharedLibraryExtractPath(effective)=/workspaces/khunglong30/config/QuantifiedAPI/cache/tools/vulkanProbe/natives
[13Aug2026 09:35:33.596] [Quantified-Vulkan-Probe-Stdout/INFO] [org.admany.quantified.core.common.gpu.backend.VulkanRuntime/]: [Vulkan][Probe 2] [Subprocess] [probe] [heartbeat] post-librarypath-config
[13Aug2026 09:35:33.597] [Quantified-Vulkan-Probe-Stdout/INFO] [org.admany.quantified.core.common.gpu.backend.VulkanRuntime/]: [Vulkan][Probe 2] [Subprocess] [probe] [heartbeat] pre-VK-init
[13Aug2026 09:35:33.597] [Quantified-Vulkan-Probe-Stdout/INFO] [org.admany.quantified.core.common.gpu.backend.VulkanRuntime/]: [Vulkan][Probe 2] [Subprocess] [LWJGL] Failed to load a library. Possible solutions:
[13Aug2026 09:35:33.597] [Quantified-Vulkan-Probe-Stdout/INFO] [org.admany.quantified.core.common.gpu.backend.VulkanRuntime/]: [Vulkan][Probe 2] [Subprocess] 	a) Install the library or the driver that provides the library.
[13Aug2026 09:35:33.597] [Quantified-Vulkan-Probe-Stdout/INFO] [org.admany.quantified.core.common.gpu.backend.VulkanRuntime/]: [Vulkan][Probe 2] [Subprocess] 	b) Ensure that the library is accessible from the system library paths.
[13Aug2026 09:35:33.597] [Quantified-Vulkan-Probe-Stdout/INFO] [org.admany.quantified.core.common.gpu.backend.VulkanRuntime/]: [Vulkan][Probe 2] [Subprocess] [LWJGL] Enable debug mode with -Dorg.lwjgl.util.Debug=true for better diagnostics.
[13Aug2026 09:35:33.597] [Quantified-Vulkan-Probe-Stdout/INFO] [org.admany.quantified.core.common.gpu.backend.VulkanRuntime/]: [Vulkan][Probe 2] [Subprocess] [LWJGL] Enable the SharedLibraryLoader debug mode with -Dorg.lwjgl.util.DebugLoader=true for better diagnostics.
[13Aug2026 09:35:33.599] [Quantified-Vulkan-Probe-Stdout/INFO] [org.admany.quantified.core.common.gpu.backend.VulkanRuntime/]: [Vulkan][Probe 2] [Subprocess] [probe] VK bootstrap failure: java.lang.UnsatisfiedLinkError: Failed to locate library: libvulkan.so.1
[13Aug2026 09:35:33.600] [Quantified-Vulkan-Probe-Stdout/INFO] [org.admany.quantified.core.common.gpu.backend.VulkanRuntime/]: [Vulkan][Probe 2] [Subprocess] java.lang.UnsatisfiedLinkError: Failed to locate library: libvulkan.so.1
[13Aug2026 09:35:33.600] [Quantified-Vulkan-Probe-Stdout/INFO] [org.admany.quantified.core.common.gpu.backend.VulkanRuntime/]: [Vulkan][Probe 2] [Subprocess] 	at org.lwjgl.system.Library.loadNative(Library.java:346)
[13Aug2026 09:35:33.600] [Quantified-Vulkan-Probe-Stdout/INFO] [org.admany.quantified.core.common.gpu.backend.VulkanRuntime/]: [Vulkan][Probe 2] [Subprocess] 	at org.lwjgl.system.Library.loadNative(Library.java:236)
[13Aug2026 09:35:33.602] [Quantified-Vulkan-Probe-Stdout/INFO] [org.admany.quantified.core.common.gpu.backend.VulkanRuntime/]: [Vulkan][Probe 2] [Subprocess] 	at org.lwjgl.system.Library.loadNative(Library.java:217)
[13Aug2026 09:35:33.603] [Quantified-Vulkan-Probe-Stdout/INFO] [org.admany.quantified.core.common.gpu.backend.VulkanRuntime/]: [Vulkan][Probe 2] [Subprocess] 	at org.lwjgl.system.Library.loadNative(Library.java:431)
[13Aug2026 09:35:33.605] [Quantified-Vulkan-Probe-Stdout/INFO] [org.admany.quantified.core.common.gpu.backend.VulkanRuntime/]: [Vulkan][Probe 2] [Subprocess] 	at org.lwjgl.system.Library.loadNative(Library.java:402)
[13Aug2026 09:35:33.606] [Quantified-Vulkan-Probe-Stdout/INFO] [org.admany.quantified.core.common.gpu.backend.VulkanRuntime/]: [Vulkan][Probe 2] [Subprocess] 	at org.lwjgl.vulkan.VK.create(VK.java:52)
[13Aug2026 09:35:33.607] [Quantified-Vulkan-Probe-Stdout/INFO] [org.admany.quantified.core.common.gpu.backend.VulkanRuntime/]: [Vulkan][Probe 2] [Subprocess] 	at org.lwjgl.vulkan.VK.<clinit>(VK.java:37)
[13Aug2026 09:35:33.608] [Quantified-Vulkan-Probe-Stdout/INFO] [org.admany.quantified.core.common.gpu.backend.VulkanRuntime/]: [Vulkan][Probe 2] [Subprocess] 	at java.base/java.lang.Class.forName0(Native Method)
[13Aug2026 09:35:33.609] [Quantified-Vulkan-Probe-Stdout/INFO] [org.admany.quantified.core.common.gpu.backend.VulkanRuntime/]: [Vulkan][Probe 2] [Subprocess] 	at java.base/java.lang.Class.forName(Class.java:467)
[13Aug2026 09:35:33.610] [Quantified-Vulkan-Probe-Stdout/INFO] [org.admany.quantified.core.common.gpu.backend.VulkanRuntime/]: [Vulkan][Probe 2] [Subprocess] 	at java.base/java.lang.Class.forName(Class.java:458)
[13Aug2026 09:35:33.611] [Quantified-Vulkan-Probe-Stdout/INFO] [org.admany.quantified.core.common.gpu.backend.VulkanRuntime/]: [Vulkan][Probe 2] [Subprocess] 	at org.admany.quantified.vulkan.probe.VulkanProbeEntrypoint.bootstrapVulkanBinding(VulkanProbeEntrypoint.java:89)
[13Aug2026 09:35:33.612] [Quantified-Vulkan-Probe-Stdout/INFO] [org.admany.quantified.core.common.gpu.backend.VulkanRuntime/]: [Vulkan][Probe 2] [Subprocess] 	at org.admany.quantified.vulkan.probe.VulkanProbeEntrypoint.main(VulkanProbeEntrypoint.java:69)
[13Aug2026 09:35:33.613] [Quantified-Vulkan-Probe-Stdout/INFO] [org.admany.quantified.core.common.gpu.backend.VulkanRuntime/]: [Vulkan][Probe 2] [Subprocess] [probe] [heartbeat] post-VK-init-failed
[13Aug2026 09:35:33.614] [Quantified-Vulkan-Probe-Stdout/INFO] [org.admany.quantified.core.common.gpu.backend.VulkanRuntime/]: [Vulkan][Probe 2] [Subprocess] [probe] [heartbeat] done
[13Aug2026 09:35:33.615] [Quantified-Vulkan-Probe-Stdout/INFO] [org.admany.quantified.core.common.gpu.backend.VulkanRuntime/]: [Vulkan][Probe 2] [Subprocess] {"ok":false,"code":"vk_class_init_failed","maxApiVersion":0,"selectedApiVersion":0,"devices":[],"failure":"UnsatisfiedLinkError: Failed to locate library: libvulkan.so.1"}
[13Aug2026 09:35:33.628] [Quantified-Vulkan-Probe-Scheduler/WARN] [org.admany.quantified.core.common.gpu.backend.VulkanRuntime/]: [Vulkan][Probe 2] UnsatisfiedLinkError: Failed to locate library: libvulkan.so.1
[13Aug2026 09:35:33.629] [Quantified-Vulkan-Probe-Scheduler/INFO] [org.admany.quantified.core.common.gpu.backend.VulkanProbeScheduler/]: Scheduling Vulkan probe attempt #3 (retry:unavailable) in 60000 ms
[13Aug2026 09:35:33.665] [Worker-Main-2/INFO] [net.minecraft.server.level.progress.LoggerChunkProgressListener/]: Preparing spawn area: 0%
[13Aug2026 09:35:33.862] [Worker-Main-2/INFO] [net.minecraft.server.level.progress.LoggerChunkProgressListener/]: Preparing spawn area: 0%
[13Aug2026 09:35:34.229] [Worker-Main-3/INFO] [net.minecraft.server.level.progress.LoggerChunkProgressListener/]: Preparing spawn area: 0%
[13Aug2026 09:35:34.736] [Worker-Main-1/INFO] [net.minecraft.server.level.progress.LoggerChunkProgressListener/]: Preparing spawn area: 0%
[13Aug2026 09:35:35.398] [Worker-Main-3/INFO] [net.minecraft.server.level.progress.LoggerChunkProgressListener/]: Preparing spawn area: 0%
[13Aug2026 09:35:35.759] [Worker-Main-1/INFO] [net.minecraft.server.level.progress.LoggerChunkProgressListener/]: Preparing spawn area: 0%
[13Aug2026 09:35:36.254] [Worker-Main-1/INFO] [net.minecraft.server.level.progress.LoggerChunkProgressListener/]: Preparing spawn area: 1%
[13Aug2026 09:35:36.749] [Worker-Main-1/INFO] [net.minecraft.server.level.progress.LoggerChunkProgressListener/]: Preparing spawn area: 1%
[13Aug2026 09:35:37.217] [Worker-Main-3/INFO] [net.minecraft.server.level.progress.LoggerChunkProgressListener/]: Preparing spawn area: 1%
[13Aug2026 09:35:37.723] [Worker-Main-1/INFO] [net.minecraft.server.level.progress.LoggerChunkProgressListener/]: Preparing spawn area: 1%
[13Aug2026 09:35:38.247] [Worker-Main-3/INFO] [net.minecraft.server.level.progress.LoggerChunkProgressListener/]: Preparing spawn area: 1%
[13Aug2026 09:35:38.818] [Worker-Main-1/INFO] [net.minecraft.server.level.progress.LoggerChunkProgressListener/]: Preparing spawn area: 2%
[13Aug2026 09:35:39.221] [Worker-Main-2/INFO] [net.minecraft.server.level.progress.LoggerChunkProgressListener/]: Preparing spawn area: 2%
[13Aug2026 09:35:39.789] [Worker-Main-3/INFO] [net.minecraft.server.level.progress.LoggerChunkProgressListener/]: Preparing spawn area: 2%
[13Aug2026 09:35:40.391] [Worker-Main-3/INFO] [net.minecraft.server.level.progress.LoggerChunkProgressListener/]: Preparing spawn area: 2%
[13Aug2026 09:35:40.742] [Worker-Main-1/INFO] [net.minecraft.server.level.progress.LoggerChunkProgressListener/]: Preparing spawn area: 3%
[13Aug2026 09:35:41.277] [Worker-Main-3/INFO] [net.minecraft.server.level.progress.LoggerChunkProgressListener/]: Preparing spawn area: 3%
[13Aug2026 09:35:41.752] [Worker-Main-2/INFO] [net.minecraft.server.level.progress.LoggerChunkProgressListener/]: Preparing spawn area: 4%
[13Aug2026 09:35:42.397] [Worker-Main-3/INFO] [net.minecraft.server.level.progress.LoggerChunkProgressListener/]: Preparing spawn area: 4%
[13Aug2026 09:35:42.781] [Worker-Main-3/INFO] [net.minecraft.server.level.progress.LoggerChunkProgressListener/]: Preparing spawn area: 4%
[13Aug2026 09:35:43.349] [Worker-Main-2/INFO] [net.minecraft.server.level.progress.LoggerChunkProgressListener/]: Preparing spawn area: 4%
[13Aug2026 09:35:43.721] [Worker-Main-3/INFO] [net.minecraft.server.level.progress.LoggerChunkProgressListener/]: Preparing spawn area: 4%
[13Aug2026 09:35:44.252] [Worker-Main-2/INFO] [net.minecraft.server.level.progress.LoggerChunkProgressListener/]: Preparing spawn area: 4%
[13Aug2026 09:35:44.785] [Worker-Main-3/INFO] [net.minecraft.server.level.progress.LoggerChunkProgressListener/]: Preparing spawn area: 5%
[13Aug2026 09:35:45.240] [Worker-Main-3/INFO] [net.minecraft.server.level.progress.LoggerChunkProgressListener/]: Preparing spawn area: 5%
[13Aug2026 09:35:45.896] [Worker-Main-3/INFO] [net.minecraft.server.level.progress.LoggerChunkProgressListener/]: Preparing spawn area: 5%
[13Aug2026 09:35:46.238] [Worker-Main-3/INFO] [net.minecraft.server.level.progress.LoggerChunkProgressListener/]: Preparing spawn area: 6%
[13Aug2026 09:35:46.742] [Worker-Main-1/INFO] [net.minecraft.server.level.progress.LoggerChunkProgressListener/]: Preparing spawn area: 6%
[13Aug2026 09:35:47.231] [Worker-Main-2/INFO] [net.minecraft.server.level.progress.LoggerChunkProgressListener/]: Preparing spawn area: 7%
[13Aug2026 09:35:47.723] [Worker-Main-2/INFO] [net.minecraft.server.level.progress.LoggerChunkProgressListener/]: Preparing spawn area: 8%
[13Aug2026 09:35:48.373] [Worker-Main-3/INFO] [net.minecraft.server.level.progress.LoggerChunkProgressListener/]: Preparing spawn area: 9%
[13Aug2026 09:35:48.756] [Worker-Main-2/INFO] [net.minecraft.server.level.progress.LoggerChunkProgressListener/]: Preparing spawn area: 9%
[13Aug2026 09:35:49.236] [Worker-Main-2/INFO] [net.minecraft.server.level.progress.LoggerChunkProgressListener/]: Preparing spawn area: 9%
[13Aug2026 09:35:49.818] [Worker-Main-1/INFO] [net.minecraft.server.level.progress.LoggerChunkProgressListener/]: Preparing spawn area: 9%
[13Aug2026 09:35:50.249] [Worker-Main-3/INFO] [net.minecraft.server.level.progress.LoggerChunkProgressListener/]: Preparing spawn area: 9%
[13Aug2026 09:35:50.807] [Worker-Main-1/INFO] [net.minecraft.server.level.progress.LoggerChunkProgressListener/]: Preparing spawn area: 10%
[13Aug2026 09:35:51.312] [Worker-Main-3/INFO] [net.minecraft.server.level.progress.LoggerChunkProgressListener/]: Preparing spawn area: 10%
[13Aug2026 09:35:51.718] [Worker-Main-2/INFO] [net.minecraft.server.level.progress.LoggerChunkProgressListener/]: Preparing spawn area: 10%
[13Aug2026 09:35:52.225] [Worker-Main-2/INFO] [net.minecraft.server.level.progress.LoggerChunkProgressListener/]: Preparing spawn area: 12%
[13Aug2026 09:35:52.721] [Worker-Main-2/INFO] [net.minecraft.server.level.progress.LoggerChunkProgressListener/]: Preparing spawn area: 13%
[13Aug2026 09:35:53.221] [Worker-Main-2/INFO] [net.minecraft.server.level.progress.LoggerChunkProgressListener/]: Preparing spawn area: 14%
[13Aug2026 09:35:53.729] [Worker-Main-3/INFO] [net.minecraft.server.level.progress.LoggerChunkProgressListener/]: Preparing spawn area: 15%
[13Aug2026 09:35:54.220] [Worker-Main-2/INFO] [net.minecraft.server.level.progress.LoggerChunkProgressListener/]: Preparing spawn area: 15%
[13Aug2026 09:35:54.775] [Worker-Main-3/INFO] [net.minecraft.server.level.progress.LoggerChunkProgressListener/]: Preparing spawn area: 16%
[13Aug2026 09:35:55.218] [Worker-Main-3/INFO] [net.minecraft.server.level.progress.LoggerChunkProgressListener/]: Preparing spawn area: 17%
[13Aug2026 09:35:55.739] [Worker-Main-3/INFO] [net.minecraft.server.level.progress.LoggerChunkProgressListener/]: Preparing spawn area: 18%
[13Aug2026 09:35:56.228] [Worker-Main-1/INFO] [net.minecraft.server.level.progress.LoggerChunkProgressListener/]: Preparing spawn area: 18%
[13Aug2026 09:35:56.728] [Worker-Main-1/INFO] [net.minecraft.server.level.progress.LoggerChunkProgressListener/]: Preparing spawn area: 20%
[13Aug2026 09:35:57.221] [Worker-Main-2/INFO] [net.minecraft.server.level.progress.LoggerChunkProgressListener/]: Preparing spawn area: 21%
[13Aug2026 09:35:57.717] [Worker-Main-2/INFO] [net.minecraft.server.level.progress.LoggerChunkProgressListener/]: Preparing spawn area: 22%
[13Aug2026 09:35:58.220] [Worker-Main-2/INFO] [net.minecraft.server.level.progress.LoggerChunkProgressListener/]: Preparing spawn area: 23%
[13Aug2026 09:35:58.717] [Worker-Main-2/INFO] [net.minecraft.server.level.progress.LoggerChunkProgressListener/]: Preparing spawn area: 23%
[13Aug2026 09:35:59.223] [Worker-Main-1/INFO] [net.minecraft.server.level.progress.LoggerChunkProgressListener/]: Preparing spawn area: 24%
[13Aug2026 09:35:59.726] [Worker-Main-1/INFO] [net.minecraft.server.level.progress.LoggerChunkProgressListener/]: Preparing spawn area: 25%
[13Aug2026 09:36:00.225] [Worker-Main-1/INFO] [net.minecraft.server.level.progress.LoggerChunkProgressListener/]: Preparing spawn area: 26%
[13Aug2026 09:36:00.718] [Worker-Main-1/INFO] [net.minecraft.server.level.progress.LoggerChunkProgressListener/]: Preparing spawn area: 27%
[13Aug2026 09:36:01.260] [Worker-Main-1/INFO] [net.minecraft.server.level.progress.LoggerChunkProgressListener/]: Preparing spawn area: 29%
[13Aug2026 09:36:01.749] [Worker-Main-3/INFO] [net.minecraft.server.level.progress.LoggerChunkProgressListener/]: Preparing spawn area: 30%
[13Aug2026 09:36:02.217] [Worker-Main-1/INFO] [net.minecraft.server.level.progress.LoggerChunkProgressListener/]: Preparing spawn area: 31%
[13Aug2026 09:36:02.723] [Worker-Main-3/INFO] [net.minecraft.server.level.progress.LoggerChunkProgressListener/]: Preparing spawn area: 32%
[13Aug2026 09:36:03.239] [Worker-Main-1/INFO] [net.minecraft.server.level.progress.LoggerChunkProgressListener/]: Preparing spawn area: 33%
[13Aug2026 09:36:03.783] [Worker-Main-1/INFO] [net.minecraft.server.level.progress.LoggerChunkProgressListener/]: Preparing spawn area: 34%
[13Aug2026 09:36:04.218] [Worker-Main-1/INFO] [net.minecraft.server.level.progress.LoggerChunkProgressListener/]: Preparing spawn area: 35%
[13Aug2026 09:36:04.309] [Worker-Main-3/ERROR] [net.minecraft.world.level.block.entity.SculkSensorBlockEntity/]: No key selector in MapLike[{event_delay:0,event_distance:3.602844f,range:8,source:{pos:[I;-404,-59,-499],type:"minecraft:block"}}]
[13Aug2026 09:36:04.732] [Worker-Main-2/INFO] [net.minecraft.server.level.progress.LoggerChunkProgressListener/]: Preparing spawn area: 37%
[13Aug2026 09:36:05.222] [Worker-Main-1/INFO] [net.minecraft.server.level.progress.LoggerChunkProgressListener/]: Preparing spawn area: 38%
[13Aug2026 09:36:05.719] [Worker-Main-1/INFO] [net.minecraft.server.level.progress.LoggerChunkProgressListener/]: Preparing spawn area: 40%
[13Aug2026 09:36:06.289] [Worker-Main-3/INFO] [net.minecraft.server.level.progress.LoggerChunkProgressListener/]: Preparing spawn area: 41%
[13Aug2026 09:36:06.727] [Worker-Main-2/INFO] [net.minecraft.server.level.progress.LoggerChunkProgressListener/]: Preparing spawn area: 42%
[13Aug2026 09:36:07.223] [Worker-Main-3/INFO] [net.minecraft.server.level.progress.LoggerChunkProgressListener/]: Preparing spawn area: 43%
[13Aug2026 09:36:07.648] [Worker-Main-3/ERROR] [net.minecraft.world.level.block.entity.SculkSensorBlockEntity/]: No key selector in MapLike[{event_delay:0,event_distance:3.602844f,range:8,source:{pos:[I;-404,-59,-499],type:"minecraft:block"}}]
[13Aug2026 09:36:07.807] [Worker-Main-2/INFO] [net.minecraft.server.level.progress.LoggerChunkProgressListener/]: Preparing spawn area: 43%
[13Aug2026 09:36:08.227] [Worker-Main-1/INFO] [net.minecraft.server.level.progress.LoggerChunkProgressListener/]: Preparing spawn area: 44%
[13Aug2026 09:36:08.717] [Worker-Main-3/INFO] [net.minecraft.server.level.progress.LoggerChunkProgressListener/]: Preparing spawn area: 45%
[13Aug2026 09:36:09.224] [Worker-Main-2/INFO] [net.minecraft.server.level.progress.LoggerChunkProgressListener/]: Preparing spawn area: 46%
[13Aug2026 09:36:09.734] [Worker-Main-2/INFO] [net.minecraft.server.level.progress.LoggerChunkProgressListener/]: Preparing spawn area: 48%
[13Aug2026 09:36:10.241] [Worker-Main-3/INFO] [net.minecraft.server.level.progress.LoggerChunkProgressListener/]: Preparing spawn area: 50%
[13Aug2026 09:36:10.760] [Worker-Main-1/INFO] [net.minecraft.server.level.progress.LoggerChunkProgressListener/]: Preparing spawn area: 51%
[13Aug2026 09:36:11.284] [Worker-Main-1/INFO] [net.minecraft.server.level.progress.LoggerChunkProgressListener/]: Preparing spawn area: 53%
[13Aug2026 09:36:11.775] [Worker-Main-1/INFO] [net.minecraft.server.level.progress.LoggerChunkProgressListener/]: Preparing spawn area: 54%
[13Aug2026 09:36:12.307] [Worker-Main-1/INFO] [net.minecraft.server.level.progress.LoggerChunkProgressListener/]: Preparing spawn area: 54%
[13Aug2026 09:36:12.349] [Worker-Main-2/ERROR] [net.minecraft.world.level.block.entity.SculkSensorBlockEntity/]: No key selector in MapLike[{event_delay:0,event_distance:3.602844f,range:8,source:{pos:[I;-404,-59,-499],type:"minecraft:block"}}]
[13Aug2026 09:36:12.746] [Worker-Main-1/INFO] [net.minecraft.server.level.progress.LoggerChunkProgressListener/]: Preparing spawn area: 54%
[13Aug2026 09:36:13.234] [Worker-Main-2/INFO] [net.minecraft.server.level.progress.LoggerChunkProgressListener/]: Preparing spawn area: 56%
[13Aug2026 09:36:13.435] [Worker-Main-2/ERROR] [net.minecraft.world.level.block.entity.SculkSensorBlockEntity/]: No key selector in MapLike[{event_delay:0,event_distance:3.602844f,range:8,source:{pos:[I;-404,-59,-499],type:"minecraft:block"}}]
[13Aug2026 09:36:13.729] [Worker-Main-1/INFO] [net.minecraft.server.level.progress.LoggerChunkProgressListener/]: Preparing spawn area: 57%
[13Aug2026 09:36:14.228] [Worker-Main-1/INFO] [net.minecraft.server.level.progress.LoggerChunkProgressListener/]: Preparing spawn area: 58%
[13Aug2026 09:36:14.680] [Netty Epoll Server IO #3/INFO] [net.minecraftforge.server.ServerLifecycleHooks/SERVERHOOKS]: Disconnecting Player (server is still starting): literal{Server is still starting! Please wait before reconnecting.}
[13Aug2026 09:36:14.697] [Netty Epoll Server IO #4/INFO] [net.minecraftforge.server.ServerLifecycleHooks/SERVERHOOKS]: Disconnecting Player (server is still starting): literal{Server is still starting! Please wait before reconnecting.}
[13Aug2026 09:36:14.742] [Worker-Main-2/INFO] [net.minecraft.server.level.progress.LoggerChunkProgressListener/]: Preparing spawn area: 59%
[13Aug2026 09:36:15.218] [Worker-Main-2/INFO] [net.minecraft.server.level.progress.LoggerChunkProgressListener/]: Preparing spawn area: 60%
[13Aug2026 09:36:15.462] [Netty Epoll Server IO #5/INFO] [net.minecraftforge.server.ServerLifecycleHooks/SERVERHOOKS]: Disconnecting Player (server is still starting): literal{Server is still starting! Please wait before reconnecting.}
[13Aug2026 09:36:15.722] [Worker-Main-2/INFO] [net.minecraft.server.level.progress.LoggerChunkProgressListener/]: Preparing spawn area: 61%
[13Aug2026 09:36:16.222] [Worker-Main-1/INFO] [net.minecraft.server.level.progress.LoggerChunkProgressListener/]: Preparing spawn area: 62%
[13Aug2026 09:36:16.765] [Worker-Main-3/INFO] [net.minecraft.server.level.progress.LoggerChunkProgressListener/]: Preparing spawn area: 64%
[13Aug2026 09:36:17.221] [Worker-Main-2/INFO] [net.minecraft.server.level.progress.LoggerChunkProgressListener/]: Preparing spawn area: 65%
[13Aug2026 09:36:17.660] [Netty Epoll Server IO #6/INFO] [net.minecraftforge.server.ServerLifecycleHooks/SERVERHOOKS]: Disconnecting Player (server is still starting): literal{Server is still starting! Please wait before reconnecting.}
[13Aug2026 09:36:17.726] [Worker-Main-1/INFO] [net.minecraft.server.level.progress.LoggerChunkProgressListener/]: Preparing spawn area: 66%
[13Aug2026 09:36:18.229] [Worker-Main-2/INFO] [net.minecraft.server.level.progress.LoggerChunkProgressListener/]: Preparing spawn area: 68%
[13Aug2026 09:36:18.817] [Worker-Main-3/INFO] [net.minecraft.server.level.progress.LoggerChunkProgressListener/]: Preparing spawn area: 68%
[13Aug2026 09:36:19.249] [Worker-Main-3/INFO] [net.minecraft.server.level.progress.LoggerChunkProgressListener/]: Preparing spawn area: 69%
[13Aug2026 09:36:19.727] [Worker-Main-3/INFO] [net.minecraft.server.level.progress.LoggerChunkProgressListener/]: Preparing spawn area: 71%
[13Aug2026 09:36:20.224] [Worker-Main-1/INFO] [net.minecraft.server.level.progress.LoggerChunkProgressListener/]: Preparing spawn area: 72%
[13Aug2026 09:36:20.736] [Worker-Main-1/INFO] [net.minecraft.server.level.progress.LoggerChunkProgressListener/]: Preparing spawn area: 73%
[13Aug2026 09:36:21.255] [Worker-Main-2/INFO] [net.minecraft.server.level.progress.LoggerChunkProgressListener/]: Preparing spawn area: 74%
[13Aug2026 09:36:21.340] [Netty Epoll Server IO #7/INFO] [net.minecraftforge.server.ServerLifecycleHooks/SERVERHOOKS]: Disconnecting Player (server is still starting): literal{Server is still starting! Please wait before reconnecting.}
[13Aug2026 09:36:21.752] [Worker-Main-1/INFO] [net.minecraft.server.level.progress.LoggerChunkProgressListener/]: Preparing spawn area: 75%
[13Aug2026 09:36:22.222] [Worker-Main-3/INFO] [net.minecraft.server.level.progress.LoggerChunkProgressListener/]: Preparing spawn area: 75%
[13Aug2026 09:36:22.725] [Worker-Main-2/INFO] [net.minecraft.server.level.progress.LoggerChunkProgressListener/]: Preparing spawn area: 78%
[13Aug2026 09:36:23.134] [Netty Epoll Server IO #0/INFO] [net.minecraftforge.server.ServerLifecycleHooks/SERVERHOOKS]: Disconnecting Player (server is still starting): literal{Server is still starting! Please wait before reconnecting.}
[13Aug2026 09:36:23.232] [Worker-Main-2/INFO] [net.minecraft.server.level.progress.LoggerChunkProgressListener/]: Preparing spawn area: 79%
[13Aug2026 09:36:23.720] [Worker-Main-1/INFO] [net.minecraft.server.level.progress.LoggerChunkProgressListener/]: Preparing spawn area: 80%
[13Aug2026 09:36:24.221] [Worker-Main-1/INFO] [net.minecraft.server.level.progress.LoggerChunkProgressListener/]: Preparing spawn area: 82%
[13Aug2026 09:36:24.731] [Worker-Main-1/INFO] [net.minecraft.server.level.progress.LoggerChunkProgressListener/]: Preparing spawn area: 83%
[13Aug2026 09:36:25.221] [Worker-Main-2/INFO] [net.minecraft.server.level.progress.LoggerChunkProgressListener/]: Preparing spawn area: 84%
[13Aug2026 09:36:25.760] [Worker-Main-1/INFO] [net.minecraft.server.level.progress.LoggerChunkProgressListener/]: Preparing spawn area: 86%
[13Aug2026 09:36:26.290] [Worker-Main-2/INFO] [net.minecraft.server.level.progress.LoggerChunkProgressListener/]: Preparing spawn area: 87%
[13Aug2026 09:36:26.733] [Worker-Main-2/INFO] [net.minecraft.server.level.progress.LoggerChunkProgressListener/]: Preparing spawn area: 88%
[13Aug2026 09:36:27.025] [Worker-Main-2/ERROR] [net.minecraft.world.level.block.entity.SculkSensorBlockEntity/]: No key selector in MapLike[{event_delay:0,event_distance:3.602844f,range:8,source:{pos:[I;-404,-59,-499],type:"minecraft:block"}}]
[13Aug2026 09:36:27.224] [Worker-Main-1/INFO] [net.minecraft.server.level.progress.LoggerChunkProgressListener/]: Preparing spawn area: 90%
[13Aug2026 09:36:27.740] [Worker-Main-2/INFO] [net.minecraft.server.level.progress.LoggerChunkProgressListener/]: Preparing spawn area: 91%
[13Aug2026 09:36:28.233] [Worker-Main-3/INFO] [net.minecraft.server.level.progress.LoggerChunkProgressListener/]: Preparing spawn area: 92%
[13Aug2026 09:36:28.726] [Worker-Main-3/INFO] [net.minecraft.server.level.progress.LoggerChunkProgressListener/]: Preparing spawn area: 93%
[13Aug2026 09:36:29.221] [Worker-Main-3/INFO] [net.minecraft.server.level.progress.LoggerChunkProgressListener/]: Preparing spawn area: 95%
[13Aug2026 09:36:29.760] [Worker-Main-3/INFO] [net.minecraft.server.level.progress.LoggerChunkProgressListener/]: Preparing spawn area: 96%
[13Aug2026 09:36:30.224] [Worker-Main-1/INFO] [net.minecraft.server.level.progress.LoggerChunkProgressListener/]: Preparing spawn area: 97%
[13Aug2026 09:36:30.731] [Worker-Main-3/INFO] [net.minecraft.server.level.progress.LoggerChunkProgressListener/]: Preparing spawn area: 99%
[13Aug2026 09:36:30.900] [Server thread/INFO] [net.minecraft.server.level.progress.LoggerChunkProgressListener/]: Time elapsed: 60184 ms
[13Aug2026 09:36:30.901] [Server thread/INFO] [net.minecraft.server.dedicated.DedicatedServer/]: Done (91.128s)! For help, type "help"
[13Aug2026 09:36:31.057] [Server thread/INFO] [net.minecraftforge.server.permission.PermissionAPI/]: Successfully initialized permission handler forge:default_handler
[13Aug2026 09:36:31.062] [Server thread/INFO] [org.admany.lc2h.LC2H/]: [LC2H] Registered with Quantified API
[13Aug2026 09:36:31.408] [Server thread/INFO] [journeymap/]: Loaded null for service interface journeymap.api.services.WebMapService
[13Aug2026 09:36:31.410] [Server thread/INFO] [journeymap/]: Loaded journeymap.common.helpers.ForgeClientHooks@774a0821 for service interface journeymap.api.services.ClientPlatformService
[13Aug2026 09:36:31.412] [Server thread/INFO] [journeymap/]: Loaded journeymap.common.helpers.ForgeHooks@2c244dd5 for service interface journeymap.api.services.CommonPlatformService
[13Aug2026 09:36:31.424] [Server thread/INFO] [journeymap/]: Found @JourneyMapPlugin: journeymap.api.plugins.LoadedChunkOverlayPlugin
[13Aug2026 09:36:31.424] [Server thread/INFO] [net.petemc.daycount.DayCount/]: client side mod, ignoring server side
[13Aug2026 09:36:31.424] [Server thread/INFO] [net.chaoscraft.chaoszprojectbandits.ChaosZProjectBandits/]: Server is starting...
[13Aug2026 09:36:31.425] [Server thread/INFO] [org.admany.lc2h.LC2H/]: [Quantified] Triggering OpenCL probe due to: server-start
[13Aug2026 09:36:31.425] [Server thread/INFO] [org.admany.lc2h.LC2H/]: [Quantified] Scheduling OpenCL probe attempt #2 (server-start) in 0 ms
[13Aug2026 09:36:31.425] [Server thread/INFO] [org.admany.quantified.core.common.gpu.backend.VulkanProbeScheduler/]: Triggering Vulkan probe due to: server-start
[13Aug2026 09:36:31.425] [Quantified-OpenCL-Probe-Scheduler/INFO] [org.admany.lc2h.LC2H/]: [Quantified] Running OpenCL probe attempt #2 (server-start)
[13Aug2026 09:36:31.426] [Server thread/WARN] [org.admany.quantified.core.common.gpu.backend.VulkanProbeScheduler/]: Vulkan probe attempts exhausted; giving up after 3 tries
[13Aug2026 09:36:31.426] [Server thread/INFO] [org.admany.anticheat.anticheatmod/]: [96m[ADM Anticheat] [0mChecking server environment... LAN config loaded: true, LANAnticheatOn: false
[13Aug2026 09:36:31.426] [Quantified-OpenCL-Probe/WARN] [org.admany.lc2h.LC2H/]: [Quantified] OpenCL runtime unavailable: No Java binding found
[13Aug2026 09:36:31.426] [Server thread/INFO] [org.admany.anticheat.anticheatmod/]: [96m[ADM Anticheat] [0mLocal server IP binding detected: all interfaces. Running in passive mode.
[13Aug2026 09:36:31.436] [Server thread/INFO] [journeymap/]: Initialized IJourneyMapPlugin as:journeymap.api.plugins.LoadedChunkOverlayPlugin: for:journeymap_chunk_overlay
[13Aug2026 09:36:31.504] [Server thread/INFO] [com.finderfeed.fdlib.FDLib/]: Loading FD configs...
[13Aug2026 09:36:31.504] [Server thread/INFO] [com.finderfeed.fdlib.FDLib/]: Loading config fdbosses:bosses
[13Aug2026 09:36:31.506] [Server thread/INFO] [com.finderfeed.fdlib.FDLib/]: Loading config fdbosses:bosses_clientside
[13Aug2026 09:36:31.507] [Server thread/INFO] [com.finderfeed.fdlib.FDLib/]: Loading config fdlib:test
[13Aug2026 09:36:31.507] [Server thread/INFO] [com.finderfeed.fdlib.FDLib/]: Loading config fdlib:fdlib_client
[13Aug2026 09:36:31.507] [Server thread/INFO] [com.finderfeed.fdlib.FDLib/]: Loaded FD configs.
[13Aug2026 09:36:31.656] [Server thread/INFO] [patchouli/]: Sending reload packet to clients
[13Aug2026 09:36:31.658] [Server thread/WARN] [ModernFix/]: Dedicated server took 148.789 seconds to load
[13Aug2026 09:36:33.629] [Quantified-Vulkan-Probe-Scheduler/INFO] [org.admany.quantified.core.common.gpu.backend.VulkanProbeScheduler/]: Running Vulkan probe attempt #3 (retry:unavailable)
[13Aug2026 09:36:33.630] [Quantified-Vulkan-Probe-Scheduler/INFO] [org.admany.quantified.core.common.gpu.backend.VulkanRuntime/]: [Vulkan][Probe 3] Reprobe requested on thread 'Quantified-Vulkan-Probe-Scheduler' (group=main')
[13Aug2026 09:36:33.630] [Quantified-Vulkan-Probe-Scheduler/INFO] [org.admany.quantified.core.common.gpu.backend.VulkanRuntime/]: [Vulkan][Probe 3] Probe start on thread 'Quantified-Vulkan-Probe-Scheduler' LWJGL-stack=64 MiB
[13Aug2026 09:36:33.630] [Quantified-Vulkan-Probe-Scheduler/INFO] [org.admany.quantified.core.common.gpu.backend.VulkanRuntime/]: [Vulkan][Probe 3] Environment: os=Linux 6.8.0-1052-azure, arch=amd64, java=25.0.2, vendor=Microsoft, lwjgl.stack.bytes=67108864, quantified.lwjgl.stackSizeBytes=67108864, quantified.lwjgl.stackSizeKb=65536, quantified.gpuThreadStackBytes=<unset>, quantified.gpuThreadStackKb=<unset>, quantified.probeThreadStackBytes=<unset>, quantified.probeThreadStackKb=<unset>, org.lwjgl.system.stackSizeKb=65536
[13Aug2026 09:36:33.630] [Quantified-Vulkan-Probe-Scheduler/INFO] [org.admany.quantified.core.common.gpu.backend.VulkanRuntime/]: [Vulkan][Probe 3] Loader env: VK_ICD_FILENAMES=<unset>, VK_DRIVER_FILES=<unset>, VK_LAYER_PATH=<unset>, VK_INSTANCE_LAYERS=<unset>, VK_LOADER_DEBUG=<unset>, VK_LOADER_LAYERS_DISABLE=<unset>
[13Aug2026 09:36:34.251] [Quantified-Vulkan-Probe-Scheduler/INFO] [org.admany.quantified.core.common.gpu.backend.VulkanRuntime/]: [Vulkan][Probe 3] Launching isolated Vulkan probe: /usr/local/sdkman/candidates/java/25.0.2-ms/bin/java --enable-native-access=ALL-UNNAMED --sun-misc-unsafe-memory-access=allow -Xms16m -Xmx256m -XX:MaxDirectMemorySize=128m -Xss16m -Dorg.lwjgl.system.stackSize=16384 -Dquantified.lwjgl.stackSizeKb=16384 -Dquantified.lwjgl.stackSizeBytes=16777216 -Dorg.lwjgl.system.SharedLibraryExtractPath=/workspaces/khunglong30/config/QuantifiedAPI/cache/tools/vulkanProbe/natives -Dorg.lwjgl.librarypath=/workspaces/khunglong30/config/QuantifiedAPI/cache/tools/vulkanProbe/natives -cp /workspaces/khunglong30/config/QuantifiedAPI/cache/tools/vulkanProbe/quantified-vulkan-probe.jar:/workspaces/khunglong30/config/QuantifiedAPI/cache/tools/vulkanProbe/lib/lwjgl-3.3.3-natives-linux-arm64.jar:/workspaces/khunglong30/config/QuantifiedAPI/cache/tools/vulkanProbe/lib/lwjgl-3.3.3-natives-linux.jar:/workspaces/khunglong30/config/QuantifiedAPI/cache/tools/vulkanProbe/lib/lwjgl-3.3.3-natives-windows.jar:/workspaces/khunglong30/config/QuantifiedAPI/cache/tools/vulkanProbe/lib/lwjgl-3.3.3.jar:/workspaces/khunglong30/config/QuantifiedAPI/cache/tools/vulkanProbe/lib/lwjgl-vulkan-3.3.3.jar org.admany.quantified.vulkan.probe.VulkanProbeEntrypoint [VK_LOADER_LAYERS_DISABLE=~implicit~, VK_LOADER_DEBUG=error]
[13Aug2026 09:36:34.444] [Quantified-Vulkan-Probe-Stdout/INFO] [org.admany.quantified.core.common.gpu.backend.VulkanRuntime/]: [Vulkan][Probe 3] [Subprocess] [probe] [heartbeat] startup
[13Aug2026 09:36:34.444] [Quantified-Vulkan-Probe-Stdout/INFO] [org.admany.quantified.core.common.gpu.backend.VulkanRuntime/]: [Vulkan][Probe 3] [Subprocess] [probe] [heartbeat] pre-librarypath-config
[13Aug2026 09:36:34.459] [Quantified-Vulkan-Probe-Stdout/INFO] [org.admany.quantified.core.common.gpu.backend.VulkanRuntime/]: [Vulkan][Probe 3] [Subprocess] [probe] java=25.0.2, vendor=Microsoft, os=Linux 6.8.0-1052-azure, arch=amd64
[13Aug2026 09:36:34.465] [Quantified-Vulkan-Probe-Stdout/INFO] [org.admany.quantified.core.common.gpu.backend.VulkanRuntime/]: [Vulkan][Probe 3] [Subprocess] [probe] org.lwjgl.system.stackSizeKb=16384, quantified.lwjgl.stackSizeBytes=16777216
[13Aug2026 09:36:34.467] [Quantified-Vulkan-Probe-Stdout/INFO] [org.admany.quantified.core.common.gpu.backend.VulkanRuntime/]: [Vulkan][Probe 3] [Subprocess] [probe] java.library.path=/usr/java/packages/lib:/usr/lib64:/lib64:/lib:/usr/lib
[13Aug2026 09:36:34.468] [Quantified-Vulkan-Probe-Stdout/INFO] [org.admany.quantified.core.common.gpu.backend.VulkanRuntime/]: [Vulkan][Probe 3] [Subprocess] [probe] org.lwjgl.librarypath=/workspaces/khunglong30/config/QuantifiedAPI/cache/tools/vulkanProbe/natives
[13Aug2026 09:36:34.469] [Quantified-Vulkan-Probe-Stdout/INFO] [org.admany.quantified.core.common.gpu.backend.VulkanRuntime/]: [Vulkan][Probe 3] [Subprocess] [probe] org.lwjgl.system.SharedLibraryExtractPath(original)=/workspaces/khunglong30/config/QuantifiedAPI/cache/tools/vulkanProbe/natives
[13Aug2026 09:36:34.469] [Quantified-Vulkan-Probe-Stdout/INFO] [org.admany.quantified.core.common.gpu.backend.VulkanRuntime/]: [Vulkan][Probe 3] [Subprocess] [probe] org.lwjgl.system.SharedLibraryExtractPath(effective)=/workspaces/khunglong30/config/QuantifiedAPI/cache/tools/vulkanProbe/natives
[13Aug2026 09:36:34.470] [Quantified-Vulkan-Probe-Stdout/INFO] [org.admany.quantified.core.common.gpu.backend.VulkanRuntime/]: [Vulkan][Probe 3] [Subprocess] [probe] [heartbeat] post-librarypath-config
[13Aug2026 09:36:34.483] [Quantified-Vulkan-Probe-Stdout/INFO] [org.admany.quantified.core.common.gpu.backend.VulkanRuntime/]: [Vulkan][Probe 3] [Subprocess] [probe] [heartbeat] pre-VK-init
[13Aug2026 09:36:34.834] [Quantified-Vulkan-Probe-Stdout/INFO] [org.admany.quantified.core.common.gpu.backend.VulkanRuntime/]: [Vulkan][Probe 3] [Subprocess] [LWJGL] Failed to load a library. Possible solutions:
[13Aug2026 09:36:34.834] [Quantified-Vulkan-Probe-Stdout/INFO] [org.admany.quantified.core.common.gpu.backend.VulkanRuntime/]: [Vulkan][Probe 3] [Subprocess] 	a) Install the library or the driver that provides the library.
[13Aug2026 09:36:34.835] [Quantified-Vulkan-Probe-Stdout/INFO] [org.admany.quantified.core.common.gpu.backend.VulkanRuntime/]: [Vulkan][Probe 3] [Subprocess] 	b) Ensure that the library is accessible from the system library paths.
[13Aug2026 09:36:34.835] [Quantified-Vulkan-Probe-Stdout/INFO] [org.admany.quantified.core.common.gpu.backend.VulkanRuntime/]: [Vulkan][Probe 3] [Subprocess] [LWJGL] Enable debug mode with -Dorg.lwjgl.util.Debug=true for better diagnostics.
[13Aug2026 09:36:34.836] [Quantified-Vulkan-Probe-Stdout/INFO] [org.admany.quantified.core.common.gpu.backend.VulkanRuntime/]: [Vulkan][Probe 3] [Subprocess] [LWJGL] Enable the SharedLibraryLoader debug mode with -Dorg.lwjgl.util.DebugLoader=true for better diagnostics.
[13Aug2026 09:36:34.838] [Quantified-Vulkan-Probe-Stdout/INFO] [org.admany.quantified.core.common.gpu.backend.VulkanRuntime/]: [Vulkan][Probe 3] [Subprocess] [probe] VK bootstrap failure: java.lang.UnsatisfiedLinkError: Failed to locate library: libvulkan.so.1
[13Aug2026 09:36:34.838] [Quantified-Vulkan-Probe-Stdout/INFO] [org.admany.quantified.core.common.gpu.backend.VulkanRuntime/]: [Vulkan][Probe 3] [Subprocess] java.lang.UnsatisfiedLinkError: Failed to locate library: libvulkan.so.1
[13Aug2026 09:36:34.838] [Quantified-Vulkan-Probe-Stdout/INFO] [org.admany.quantified.core.common.gpu.backend.VulkanRuntime/]: [Vulkan][Probe 3] [Subprocess] 	at org.lwjgl.system.Library.loadNative(Library.java:346)
[13Aug2026 09:36:34.839] [Quantified-Vulkan-Probe-Stdout/INFO] [org.admany.quantified.core.common.gpu.backend.VulkanRuntime/]: [Vulkan][Probe 3] [Subprocess] 	at org.lwjgl.system.Library.loadNative(Library.java:236)
[13Aug2026 09:36:34.840] [Quantified-Vulkan-Probe-Stdout/INFO] [org.admany.quantified.core.common.gpu.backend.VulkanRuntime/]: [Vulkan][Probe 3] [Subprocess] 	at org.lwjgl.system.Library.loadNative(Library.java:217)
[13Aug2026 09:36:34.841] [Quantified-Vulkan-Probe-Stdout/INFO] [org.admany.quantified.core.common.gpu.backend.VulkanRuntime/]: [Vulkan][Probe 3] [Subprocess] 	at org.lwjgl.system.Library.loadNative(Library.java:431)
[13Aug2026 09:36:34.841] [Quantified-Vulkan-Probe-Stdout/INFO] [org.admany.quantified.core.common.gpu.backend.VulkanRuntime/]: [Vulkan][Probe 3] [Subprocess] 	at org.lwjgl.system.Library.loadNative(Library.java:402)
[13Aug2026 09:36:34.841] [Quantified-Vulkan-Probe-Stdout/INFO] [org.admany.quantified.core.common.gpu.backend.VulkanRuntime/]: [Vulkan][Probe 3] [Subprocess] 	at org.lwjgl.vulkan.VK.create(VK.java:52)
[13Aug2026 09:36:34.841] [Quantified-Vulkan-Probe-Stdout/INFO] [org.admany.quantified.core.common.gpu.backend.VulkanRuntime/]: [Vulkan][Probe 3] [Subprocess] 	at org.lwjgl.vulkan.VK.<clinit>(VK.java:37)
[13Aug2026 09:36:34.841] [Quantified-Vulkan-Probe-Stdout/INFO] [org.admany.quantified.core.common.gpu.backend.VulkanRuntime/]: [Vulkan][Probe 3] [Subprocess] 	at java.base/java.lang.Class.forName0(Native Method)
[13Aug2026 09:36:34.841] [pool-10-thread-1/INFO] [Supplementaries/]: Searching for closest structure among [ResourceKey[minecraft:worldgen/structure / minecraft:village_savanna], ResourceKey[minecraft:worldgen/structure / minecraft:village_plains], ResourceKey[minecraft:worldgen/structure / minecraft:village_desert], ResourceKey[minecraft:worldgen/structure / minecraft:village_snowy], ResourceKey[minecraft:worldgen/structure / minecraft:village_taiga], ResourceKey[minecraft:worldgen/structure / atmospheric:village_scrubland]] from pos BlockPos{x=-251, y=72, z=75}
[13Aug2026 09:36:34.842] [Quantified-Vulkan-Probe-Stdout/INFO] [org.admany.quantified.core.common.gpu.backend.VulkanRuntime/]: [Vulkan][Probe 3] [Subprocess] 	at java.base/java.lang.Class.forName(Class.java:467)
[13Aug2026 09:36:34.842] [Quantified-Vulkan-Probe-Stdout/INFO] [org.admany.quantified.core.common.gpu.backend.VulkanRuntime/]: [Vulkan][Probe 3] [Subprocess] 	at java.base/java.lang.Class.forName(Class.java:458)
[13Aug2026 09:36:34.842] [Quantified-Vulkan-Probe-Stdout/INFO] [org.admany.quantified.core.common.gpu.backend.VulkanRuntime/]: [Vulkan][Probe 3] [Subprocess] 	at org.admany.quantified.vulkan.probe.VulkanProbeEntrypoint.bootstrapVulkanBinding(VulkanProbeEntrypoint.java:89)
[13Aug2026 09:36:34.842] [Quantified-Vulkan-Probe-Stdout/INFO] [org.admany.quantified.core.common.gpu.backend.VulkanRuntime/]: [Vulkan][Probe 3] [Subprocess] 	at org.admany.quantified.vulkan.probe.VulkanProbeEntrypoint.main(VulkanProbeEntrypoint.java:69)
[13Aug2026 09:36:34.842] [Quantified-Vulkan-Probe-Stdout/INFO] [org.admany.quantified.core.common.gpu.backend.VulkanRuntime/]: [Vulkan][Probe 3] [Subprocess] [probe] [heartbeat] post-VK-init-failed
[13Aug2026 09:36:34.843] [Quantified-Vulkan-Probe-Stdout/INFO] [org.admany.quantified.core.common.gpu.backend.VulkanRuntime/]: [Vulkan][Probe 3] [Subprocess] [probe] [heartbeat] done
[13Aug2026 09:36:34.843] [Quantified-Vulkan-Probe-Stdout/INFO] [org.admany.quantified.core.common.gpu.backend.VulkanRuntime/]: [Vulkan][Probe 3] [Subprocess] {"ok":false,"code":"vk_class_init_failed","maxApiVersion":0,"selectedApiVersion":0,"devices":[],"failure":"UnsatisfiedLinkError: Failed to locate library: libvulkan.so.1"}
[13Aug2026 09:36:34.881] [Quantified-Vulkan-Probe-Scheduler/WARN] [org.admany.quantified.core.common.gpu.backend.VulkanRuntime/]: [Vulkan][Probe 3] UnsatisfiedLinkError: Failed to locate library: libvulkan.so.1
[13Aug2026 09:36:34.882] [Quantified-Vulkan-Probe-Scheduler/WARN] [org.admany.quantified.core.common.gpu.backend.VulkanProbeScheduler/]: Vulkan probe attempts exhausted; giving up after 3 tries
[13Aug2026 09:36:34.913] [Server thread/WARN] [net.minecraft.server.MinecraftServer/]: Can't keep up! Is the server overloaded? Running 3155ms or 63 ticks behind
[13Aug2026 09:36:49.035] [Server thread/INFO] [net.minecraft.server.players.PlayerList/]: Mach20[/127.46.158.149:53581] logged in with entity id 1366 at (-118.5, 116.0, 107.5)
[13Aug2026 09:36:49.293] [Server thread/INFO] [ModernFix/]: Using enhanced recipe sync for player Mach20
[13Aug2026 09:36:49.361] [Server thread/INFO] [net.minecraft.server.MinecraftServer/]: Mach20 joined the game
[13Aug2026 09:36:49.918] [Server thread/INFO] [org.admany.lc2h.LC2H/]: LC2H: Deferring GPU warmup until Quantified probe confirms availability
[13Aug2026 09:36:49.924] [Server thread/INFO] [org.admany.lc2h.LC2H/]: LC2H: OpenCL not available (initializeGpuWarmup): OpenCL runtime unavailable: No Java OpenCL binding found (org.lwjgl.opencl) (binding: NONE)
[13Aug2026 09:36:49.930] [Server thread/INFO] [Jade/]: Syncing config to Mach20 (95fb7a53-97dd-3bf9-b1fe-b448ac33f577)
[13Aug2026 09:36:50.216] [Server thread/INFO] [org.admany.anticheat.anticheatmod/]: [Anticheat] [Handshake]  Server is running in LAN/Essentials mode. Skipping validation for player Mach20.
[13Aug2026 09:36:50.312] [Server thread/INFO] [Enigmatic Legacy/INFO]: Synchronizing omniconfig files to Mach20...
[13Aug2026 09:36:50.313] [Server thread/INFO] [Enigmatic Legacy/INFO]: Sending data for enigmaticaddons-common.omniconf
[13Aug2026 09:36:50.314] [Server thread/INFO] [Enigmatic Legacy/INFO]: Sending data for enigmaticlegacy-common.omniconf
[13Aug2026 09:36:50.320] [Server thread/INFO] [Enigmatic Legacy/INFO]: Granting starter gear to Mach20
[13Aug2026 09:36:50.422] [Server thread/INFO] [org.admany.anticheat.anticheatmod/]: [Anticheat] [Environment] Responding to client as non-ADM server (LAN/local mode)
[13Aug2026 09:36:50.427] [Server thread/INFO] [ImprovableSkills/]: Sending skill data to Mach20 (95fb7a53-97dd-3bf9-b1fe-b448ac33f577)
[13Aug2026 09:36:50.796] [Server thread/INFO] [Enigmatic Legacy/INFO]: Blue Skies detected: false
[13Aug2026 09:36:54.096] [Server thread/INFO] [net.minecraft.server.MinecraftServer/]: Mach20 has made the advancement [Tu Tiên Giới]
[13Aug2026 09:37:14.884] [Server thread/WARN] [net.minecraft.server.MinecraftServer/]: Can't keep up! Is the server overloaded? Running 24976ms or 499 ticks behind
[13Aug2026 09:37:28.920] [Server thread/INFO] [mixin/]: Mixing MixinPiglinTasks from enigmaticlegacy.mixins.json into net.minecraft.world.entity.monster.piglin.PiglinAi
[13Aug2026 09:37:28.921] [Server thread/INFO] [mixin/]: Renaming synthetic method lambda$onPiglinBarter$0(Ljava/util/List;Lnet/minecraft/world/item/ItemStack;)V to mddccb0e$lambda$onPiglinBarter$0$0 in enigmaticlegacy.mixins.json:MixinPiglinTasks
[13Aug2026 09:37:34.433] [Server thread/INFO] [net.minecraft.server.MinecraftServer/]: Mach20 has made the advancement [Not a Diamond]
[13Aug2026 09:38:23.953] [SkinRestorer-Fetch-2/WARN] [SkinRestorer/]: Failed to fetch skin 'mojang:Banhmat'
java.lang.IllegalStateException: not found
	at net.lionarius.skinrestorer.util.WebUtils.throwOnClientErrors(WebUtils.java:141) ~[skinrestorer-2.10.0+1.20-forge.jar%23275!/:2.10.0+1.20-forge]
	at net.lionarius.skinrestorer.skin.provider.base.YggdrasilSkinProvider.getProfile(YggdrasilSkinProvider.java:50) ~[skinrestorer-2.10.0+1.20-forge.jar%23275!/:2.10.0+1.20-forge]
	at net.lionarius.skinrestorer.skin.provider.builtin.MojangSkinProvider.lambda$new$0(MojangSkinProvider.java:43) ~[skinrestorer-2.10.0+1.20-forge.jar%23275!/:2.10.0+1.20-forge]
	at net.minecraft.server.players.GameProfileCache.m_10993_(GameProfileCache.java:98) ~[server-1.20.1-20230612.114412-srg.jar%23291!/:?]
	at net.minecraft.server.players.GameProfileCache.m_10996_(GameProfileCache.java:150) ~[server-1.20.1-20230612.114412-srg.jar%23291!/:?]
	at net.lionarius.skinrestorer.skin.provider.builtin.MojangSkinProvider.resolveUuid(MojangSkinProvider.java:74) ~[skinrestorer-2.10.0+1.20-forge.jar%23275!/:2.10.0+1.20-forge]
	at net.lionarius.skinrestorer.skin.provider.base.ProfileSkinProvider.getCacheKey(ProfileSkinProvider.java:40) ~[skinrestorer-2.10.0+1.20-forge.jar%23275!/:2.10.0+1.20-forge]
	at net.lionarius.skinrestorer.skin.provider.base.ProfileSkinProvider.getCacheKey(ProfileSkinProvider.java:17) ~[skinrestorer-2.10.0+1.20-forge.jar%23275!/:2.10.0+1.20-forge]
	at net.lionarius.skinrestorer.skin.provider.base.AbstractSkinProvider.fetchSkin(AbstractSkinProvider.java:52) ~[skinrestorer-2.10.0+1.20-forge.jar%23275!/:2.10.0+1.20-forge]
	at net.minecraft.server.network.ServerLoginPacketListenerImpl.mddccb0e$lambda$skinrestorer$fetchSkin$3$1(ServerLoginPacketListenerImpl.java:646) ~[server-1.20.1-20230612.114412-srg.jar%23291!/:?]
	at java.util.Optional.map(Optional.java:260) ~[?:?]
	at net.minecraft.server.network.ServerLoginPacketListenerImpl.skinrestorer$fetchSkin(ServerLoginPacketListenerImpl.java:646) ~[server-1.20.1-20230612.114412-srg.jar%23291!/:?]
	at net.minecraft.server.network.ServerLoginPacketListenerImpl.mddccb0e$lambda$waitForSkin$0$4(ServerLoginPacketListenerImpl.java:595) ~[server-1.20.1-20230612.114412-srg.jar%23291!/:?]
	at java.util.concurrent.CompletableFuture$AsyncSupply.run(CompletableFuture.java:1789) ~[?:?]
	at java.util.concurrent.ThreadPoolExecutor.runWorker(ThreadPoolExecutor.java:1090) ~[?:?]
	at java.util.concurrent.ThreadPoolExecutor$Worker.run(ThreadPoolExecutor.java:614) ~[?:?]
	at java.lang.Thread.run(Thread.java:1474) ~[?:?]
[13Aug2026 09:38:23.987] [Server thread/INFO] [net.minecraft.server.players.PlayerList/]: Banhmat[/127.164.151.121:40771] logged in with entity id 1847 at (-117.5, 113.0, 100.5)
[13Aug2026 09:38:24.032] [Server thread/INFO] [ModernFix/]: Using enhanced recipe sync for player Banhmat
[13Aug2026 09:38:24.036] [Server thread/INFO] [net.minecraft.server.MinecraftServer/]: Banhmat joined the game
[13Aug2026 09:38:24.098] [Server thread/INFO] [org.admany.lc2h.LC2H/]: LC2H: Deferring GPU warmup until Quantified probe confirms availability
[13Aug2026 09:38:24.099] [Server thread/INFO] [Jade/]: Syncing config to Banhmat (4210534a-7e27-3b6c-aef6-dc1732a2c894)
[13Aug2026 09:38:24.296] [Server thread/INFO] [org.admany.anticheat.anticheatmod/]: [Anticheat] [Handshake]  Server is running in LAN/Essentials mode. Skipping validation for player Banhmat.
[13Aug2026 09:38:24.301] [Server thread/INFO] [Enigmatic Legacy/INFO]: Synchronizing omniconfig files to Banhmat...
[13Aug2026 09:38:24.302] [Server thread/INFO] [Enigmatic Legacy/INFO]: Sending data for enigmaticaddons-common.omniconf
[13Aug2026 09:38:24.303] [Server thread/INFO] [Enigmatic Legacy/INFO]: Sending data for enigmaticlegacy-common.omniconf
[13Aug2026 09:38:24.303] [Server thread/INFO] [Enigmatic Legacy/INFO]: Granting starter gear to Banhmat
[13Aug2026 09:38:24.608] [Server thread/INFO] [org.admany.anticheat.anticheatmod/]: [Anticheat] [Environment] Responding to client as non-ADM server (LAN/local mode)
[13Aug2026 09:38:24.610] [Server thread/INFO] [ImprovableSkills/]: Sending skill data to Banhmat (4210534a-7e27-3b6c-aef6-dc1732a2c894)
[13Aug2026 09:38:31.089] [Server thread/INFO] [net.minecraft.server.MinecraftServer/]: Banhmat has made the advancement [Tu Tiên Giới]
[13Aug2026 09:39:07.892] [Server thread/INFO] [net.minecraft.server.MinecraftServer/]: Mach20 has made the advancement [Acquire Hardware]
[13Aug2026 09:40:19.540] [Server thread/INFO] [net.minecraft.server.MinecraftServer/]: Banhmat has made the advancement [Apothic Affixes]
[13Aug2026 09:40:19.541] [Server thread/INFO] [net.minecraft.server.MinecraftServer/]: Banhmat has made the advancement [I Found It Underground]
[13Aug2026 09:40:31.439] [Server thread/INFO] [net.minecraft.server.MinecraftServer/]: Banhmat has made the advancement [Suit Up]
[13Aug2026 09:40:45.688] [Server thread/INFO] [net.minecraft.server.MinecraftServer/]: Mach20 was slain by Zombie
[13Aug2026 09:43:05.756] [Server thread/INFO] [net.minecraft.server.MinecraftServer/]: No entity was found
[13Aug2026 09:43:47.494] [Server thread/INFO] [net.minecraft.server.MinecraftServer/]: Teleported Banhmat to Mach20
[13Aug2026 09:43:52.392] [Server thread/INFO] [net.minecraft.server.MinecraftServer/]: Mach20 has made the advancement [Isn't It Iron Pick]
[13Aug2026 09:44:39.740] [Server thread/INFO] [net.minecraft.server.MinecraftServer/]: Gamerule keepInventory is now set to: true
[13Aug2026 09:45:15.523] [Server thread/INFO] [net.minecraft.server.MinecraftServer/]: Teleported Mach20 to Banhmat
[13Aug2026 09:47:18.938] [Server thread/INFO] [net.minecraft.server.MinecraftServer/]: Banhmat has made the advancement [Monster Hunter]
[13Aug2026 09:47:27.738] [Server thread/INFO] [net.minecraft.server.MinecraftServer/]: Mach20 has made the advancement [Stone Age]
[13Aug2026 09:48:18.794] [Server thread/INFO] [net.minecraft.server.MinecraftServer/]: Mach20 has made the advancement [This Must be a Sign!]
[13Aug2026 09:48:47.587] [Server thread/INFO] [net.minecraft.server.MinecraftServer/]: Mach20 has made the advancement [Monster Hunter]
[13Aug2026 09:49:41.499] [Server thread/INFO] [net.minecraft.server.MinecraftServer/]: Banhmat has made the advancement [Stone Age]
[13Aug2026 09:50:57.799] [Server thread/INFO] [net.minecraft.server.MinecraftServer/]: Mach20 has made the advancement [Apothic Affixes]
[13Aug2026 09:50:57.799] [Server thread/INFO] [net.minecraft.server.MinecraftServer/]: Mach20 has made the advancement [I Found It Underground]
[13Aug2026 09:51:53.233] [Server thread/INFO] [net.minecraft.server.MinecraftServer/]: Mach20 was slain by Zombie
[13Aug2026 09:53:46.343] [Server thread/WARN] [net.minecraft.server.network.ServerGamePacketListenerImpl/]: Mach20 moved wrongly!
[13Aug2026 09:54:47.984] [Server thread/INFO] [org.admany.lc2h.LC2H/]:       :::        ::::::::   ::::::::  :::    ::: 
[13Aug2026 09:54:47.984] [Server thread/INFO] [org.admany.lc2h.LC2H/]:      :+:       :+:    :+: :+:    :+: :+:    :+:  
[13Aug2026 09:54:47.985] [Server thread/INFO] [org.admany.lc2h.LC2H/]:     +:+       +:+              +:+  +:+    +:+   
[13Aug2026 09:54:47.985] [Server thread/INFO] [org.admany.lc2h.LC2H/]:    +#+       +#+            +#+    +#++:++#++    
[13Aug2026 09:54:47.985] [Server thread/INFO] [org.admany.lc2h.LC2H/]:   +#+       +#+          +#+      +#+    +#+     
[13Aug2026 09:54:47.985] [Server thread/INFO] [org.admany.lc2h.LC2H/]:  #+#       #+#    #+#  #+#       #+#    #+#      
[13Aug2026 09:54:47.985] [Server thread/INFO] [org.admany.lc2h.LC2H/]: ########## ########  ########## ###    ###       
[13Aug2026 09:54:47.985] [Server thread/INFO] [org.admany.lc2h.LC2H/]: [LC2H] LC2H ChunkPostProcessor rescan triggered (auto after 5s)
[13Aug2026 09:55:33.141] [Server thread/INFO] [net.minecraft.server.MinecraftServer/]: Mach20 was blown up by Creeper
[13Aug2026 09:56:12.852] [Server thread/INFO] [net.minecraft.server.MinecraftServer/]: Mach20 has made the advancement [Khai Mạch - Meridian Awakening]
[13Aug2026 09:57:03.393] [Server thread/INFO] [net.minecraft.server.MinecraftServer/]: Banhmat has made the advancement [Bark Off]
[13Aug2026 09:57:10.589] [Server thread/WARN] [net.minecraft.server.network.ServerGamePacketListenerImpl/]: Mach20 moved wrongly!
[13Aug2026 09:59:11.545] [Server thread/INFO] [net.minecraft.server.MinecraftServer/]: Mach20 has reached the goal [Worthy Equipment]
[13Aug2026 09:59:27.784] [Server thread/INFO] [net.minecraft.server.MinecraftServer/]: Mach20 has made the advancement [Custom Backpacks]
[13Aug2026 09:59:30.489] [Server thread/INFO] [net.minecraft.server.MinecraftServer/]: Mach20 was slain by Zombie
[13Aug2026 09:59:38.587] [Server thread/INFO] [net.minecraft.server.MinecraftServer/]: Mach20 was slain by Zombie
[13Aug2026 10:00:21.326] [Server thread/INFO] [net.minecraft.world.entity.LivingEntity/]: Named entity Skeleton['Undead Knight'/12639, l='ServerLevel[world]', x=-59.71, y=68.41, z=63.87] died: Undead Knight suffocated in a wall
[13Aug2026 10:01:07.503] [Server thread/INFO] [net.minecraft.server.MinecraftServer/]: Mach20 was slain by Zombie
[13Aug2026 10:01:23.284] [Server thread/INFO] [net.minecraft.server.MinecraftServer/]: Mach20 was slain by Zombie
[13Aug2026 10:01:54.086] [Server thread/INFO] [net.minecraft.server.MinecraftServer/]: Mach20 was slain by Zombie
[13Aug2026 10:02:28.439] [Server thread/INFO] [net.minecraft.server.MinecraftServer/]: Mach20 was slain by Zombie
[13Aug2026 10:03:01.835] [Server thread/INFO] [net.minecraft.server.MinecraftServer/]: Mach20 was slain by Zombie
[13Aug2026 10:06:39.489] [Server thread/INFO] [net.minecraft.server.MinecraftServer/]: Banhmat has made the advancement [Acquire Hardware]
[13Aug2026 10:06:47.342] [Server thread/INFO] [net.minecraft.server.MinecraftServer/]: Banhmat has made the advancement [Isn't It Iron Pick]
[13Aug2026 10:08:47.440] [Server thread/INFO] [net.minecraft.server.MinecraftServer/]: Mach20 joined zombies while trying to escape Zombie.
[13Aug2026 10:09:21.840] [Server thread/INFO] [net.minecraft.server.MinecraftServer/]: Mach20 has made the advancement [Crops of the Wild]
[13Aug2026 10:09:30.901] [Server thread/INFO] [net.minecraft.server.MinecraftServer/]: [Banhmat: Skin changed]
[13Aug2026 10:09:43.000] [Server thread/INFO] [net.minecraft.server.MinecraftServer/]: Banhmat has made the advancement [Welcome To The Machine]
[13Aug2026 10:10:25.291] [Server thread/INFO] [net.minecraft.server.MinecraftServer/]: Mach20 was slain by Zombie
[13Aug2026 10:10:37.387] [Server thread/INFO] [net.minecraft.server.MinecraftServer/]: Mach20 was slain by Zombie
[13Aug2026 10:11:05.585] [Server thread/INFO] [net.minecraft.server.MinecraftServer/]: Banhmat was slain by Skeleton
[13Aug2026 10:11:48.098] [Server thread/INFO] [net.minecraft.server.MinecraftServer/]: Banhmat was slain by Skeleton
[13Aug2026 10:12:55.844] [Server thread/INFO] [net.minecraft.server.MinecraftServer/]: Banhmat was doomed to fall by Skeleton
[13Aug2026 10:13:29.440] [Server thread/INFO] [net.minecraft.server.MinecraftServer/]: Banhmat has made the advancement [Weed Wacker]
[13Aug2026 10:14:02.488] [Server thread/INFO] [net.minecraft.server.MinecraftServer/]: Banhmat has made the advancement [Khai Mạch - Meridian Awakening]
[13Aug2026 10:14:37.830] [Server thread/INFO] [net.minecraft.server.MinecraftServer/]: Banhmat has made the advancement [How'd You Get This?]
[13Aug2026 10:15:55.687] [Server thread/INFO] [net.minecraft.server.MinecraftServer/]: Mach20 drowned
[13Aug2026 10:16:28.387] [Server thread/INFO] [net.minecraft.server.MinecraftServer/]: Mach20 drowned
[13Aug2026 10:17:28.398] [Server thread/INFO] [net.minecraft.server.MinecraftServer/]: Banhmat has made the advancement [Dye your backpack!]
[13Aug2026 10:24:22.207] [Server thread/INFO] [net.minecraft.server.MinecraftServer/]: [Banhmat: Config for waifu_of_god of type SERVER not found]
[13Aug2026 10:24:32.739] [Server thread/INFO] [net.minecraft.server.MinecraftServer/]: [Banhmat: Config for waifu_of_god of type CLIENT not found]
[13Aug2026 11:01:41.781] [Server thread/INFO] [net.minecraft.server.MinecraftServer/]: Mach20 has made the advancement [Hạ Linh - Lower Spirit]
[13Aug2026 11:04:23.887] [Server thread/INFO] [net.minecraft.server.MinecraftServer/]: Banhmat has made the advancement [Hạ Linh - Lower Spirit]
[13Aug2026 11:34:08.880] [Server thread/INFO] [net.minecraft.server.MinecraftServer/]: Mach20 has made the advancement [Hạ Đài - Lower Foundation]
[13Aug2026 11:37:41.887] [Server thread/INFO] [net.minecraft.server.MinecraftServer/]: Banhmat has made the advancement [Hạ Đài - Lower Foundation]
[13Aug2026 12:04:50.883] [Server thread/INFO] [net.minecraft.server.MinecraftServer/]: Mach20 has made the advancement [Trung Thai - Middle Core]
[13Aug2026 12:08:21.184] [Server thread/INFO] [net.minecraft.server.MinecraftServer/]: Gave 1000 experience points to Banhmat
[13Aug2026 12:08:34.036] [Server thread/INFO] [net.minecraft.server.MinecraftServer/]: Gave 1000 experience points to Banhmat
[13Aug2026 12:08:49.179] [Server thread/INFO] [net.minecraft.server.MinecraftServer/]: Gave 3000 experience points to Banhmat
[13Aug2026 12:10:24.450] [Server thread/INFO] [net.minecraft.server.MinecraftServer/]: Gave 3000 experience points to Banhmat
[13Aug2026 12:10:35.036] [Server thread/INFO] [net.minecraft.server.MinecraftServer/]: Gave 3000 experience points to Banhmat
[13Aug2026 12:10:37.432] [Server thread/INFO] [net.minecraft.server.MinecraftServer/]: Gave 3000 experience points to Banhmat
[13Aug2026 12:10:40.331] [Server thread/INFO] [net.minecraft.server.MinecraftServer/]: Gave 3000 experience points to Banhmat
[13Aug2026 12:10:46.479] [Server thread/INFO] [net.minecraft.server.MinecraftServer/]: Gave 3000 experience points to Banhmat
[13Aug2026 12:10:47.682] [Server thread/INFO] [net.minecraft.server.MinecraftServer/]: Gave 3000 experience points to Banhmat
[13Aug2026 12:10:48.730] [Server thread/INFO] [net.minecraft.server.MinecraftServer/]: Gave 3000 experience points to Banhmat
[13Aug2026 12:10:54.487] [Server thread/INFO] [net.minecraft.server.MinecraftServer/]: Gave 3000 experience points to Banhmat
[13Aug2026 12:10:55.629] [Server thread/INFO] [net.minecraft.server.MinecraftServer/]: Gave 3000 experience points to Banhmat
[13Aug2026 12:11:03.440] [Server thread/INFO] [net.minecraft.server.MinecraftServer/]: Gave 5000 experience points to Banhmat
[13Aug2026 12:11:08.631] [Server thread/INFO] [net.minecraft.server.MinecraftServer/]: Gave 5000 experience points to Banhmat
[13Aug2026 12:11:13.484] [Server thread/INFO] [net.minecraft.server.MinecraftServer/]: Gave 5000 experience points to Banhmat
[13Aug2026 12:11:15.338] [Server thread/INFO] [net.minecraft.server.MinecraftServer/]: Gave 5000 experience points to Banhmat
[13Aug2026 12:11:33.984] [Server thread/INFO] [net.minecraft.server.MinecraftServer/]: Banhmat has made the advancement [Trung Thai - Middle Core]
[13Aug2026 12:34:50.879] [Server thread/INFO] [net.minecraft.server.MinecraftServer/]: Mach20 has made the advancement [Trung Hồn - Middle Soul]
[13Aug2026 12:44:56.132] [Server thread/INFO] [net.minecraft.server.MinecraftServer/]: Banhmat has made the advancement [Trung Hồn - Middle Soul]
[13Aug2026 12:51:32.179] [Server thread/INFO] [net.minecraft.server.MinecraftServer/]: Gave 10000 experience points to Banhmat
[13Aug2026 12:51:40.330] [Server thread/INFO] [net.minecraft.server.MinecraftServer/]: Gave 100000 experience points to Banhmat
[13Aug2026 12:51:52.484] [Server thread/INFO] [net.minecraft.server.MinecraftServer/]: Gave 100000 experience points to Banhmat
[13Aug2026 12:51:57.034] [Server thread/INFO] [net.minecraft.server.MinecraftServer/]: Gave 100000 experience points to Banhmat
[13Aug2026 12:52:24.979] [Server thread/INFO] [net.minecraft.server.MinecraftServer/]: Gave 10000 experience points to Banhmat
[13Aug2026 12:52:30.282] [Server thread/INFO] [net.minecraft.server.MinecraftServer/]: Mach20 has made the advancement [Cao Diễn - High Manifestation]
[13Aug2026 12:52:30.838] [Server thread/INFO] [net.minecraft.server.MinecraftServer/]: Gave 10000 experience points to Banhmat
[13Aug2026 12:52:35.131] [Server thread/INFO] [net.minecraft.server.MinecraftServer/]: Banhmat has made the advancement [Cao Diễn - High Manifestation]
[13Aug2026 12:53:22.551] [Server thread/INFO] [net.minecraft.server.MinecraftServer/]: Banhmat has completed the challenge [Overkill]
[13Aug2026 12:53:27.738] [Server thread/INFO] [net.minecraft.server.MinecraftServer/]: Banhmat has made the advancement [Voluntary Exile]
[13Aug2026 12:54:35.492] [Server thread/INFO] [net.minecraft.server.MinecraftServer/]: Gave 1000000 experience points to Banhmat
[13Aug2026 12:54:45.266] [Server thread/INFO] [net.minecraft.server.MinecraftServer/]: Gave 1000000 experience points to Banhmat
[13Aug2026 12:54:45.310] [Server thread/INFO] [net.minecraft.server.MinecraftServer/]: Banhmat has made the advancement [Cao Vực - High Internal Domain]
[13Aug2026 12:56:03.379] [Server thread/INFO] [net.minecraft.server.MinecraftServer/]: Gave 1000000 experience points to Banhmat
[13Aug2026 12:56:35.184] [Server thread/INFO] [net.minecraft.server.MinecraftServer/]: Gamerule keepInventory is now set to: true
[13Aug2026 12:56:42.178] [Server thread/INFO] [net.minecraft.server.MinecraftServer/]: Gamerule keepInventory is now set to: false
[13Aug2026 12:57:19.017] [Server thread/INFO] [net.minecraft.server.MinecraftServer/]: Gamerule keepInventory is now set to: true
[13Aug2026 12:57:23.200] [Server thread/INFO] [net.minecraft.server.MinecraftServer/]: Gave 1000000 experience points to Banhmat
[13Aug2026 12:57:35.067] [Server thread/INFO] [net.minecraft.server.MinecraftServer/]: Gave 1000000 experience points to Banhmat
[13Aug2026 12:59:41.348] [Server thread/INFO] [net.minecraft.server.MinecraftServer/]: Gave 1000000 experience points to Banhmat
[13Aug2026 12:59:43.193] [Server thread/INFO] [net.minecraft.server.MinecraftServer/]: Gave 1000000 experience points to Banhmat
[13Aug2026 12:59:49.752] [Server thread/INFO] [net.minecraft.server.MinecraftServer/]: Gave 1000000 experience points to Banhmat
[13Aug2026 12:59:49.806] [Server thread/INFO] [net.minecraft.server.MinecraftServer/]: Banhmat has made the advancement [Thượng Thể - Upper Body]
[13Aug2026 13:00:40.188] [Server thread/WARN] [net.minecraft.server.network.ServerGamePacketListenerImpl/]: Banhmat moved wrongly!
[13Aug2026 13:00:52.095] [Server thread/INFO] [net.minecraft.server.MinecraftServer/]: Gamerule keepInventory is now set to: false
[13Aug2026 13:00:56.597] [Server thread/INFO] [net.minecraft.server.MinecraftServer/]: Banhmat was killed
[13Aug2026 13:00:56.601] [Server thread/INFO] [net.minecraft.server.MinecraftServer/]: Killed Banhmat
[13Aug2026 13:01:16.141] [Server thread/INFO] [net.minecraft.server.MinecraftServer/]: Gamerule keepInventory is now set to: true
[13Aug2026 13:01:33.395] [Server thread/INFO] [net.minecraft.server.MinecraftServer/]: Gave 2000000 experience points to Banhmat
[13Aug2026 13:02:07.438] [Server thread/INFO] [net.minecraft.server.MinecraftServer/]: Gave 2000000 experience points to Banhmat
[13Aug2026 13:02:18.446] [Server thread/INFO] [net.minecraft.server.MinecraftServer/]: Gave 2000000 experience points to Banhmat
[13Aug2026 13:02:20.389] [Server thread/INFO] [net.minecraft.server.MinecraftServer/]: Gave 2000000 experience points to Banhmat
[13Aug2026 13:02:20.436] [Server thread/INFO] [net.minecraft.server.MinecraftServer/]: Banhmat has made the advancement [Thượng Tâm - Upper Mind]
[13Aug2026 13:03:16.505] [Server thread/INFO] [net.minecraft.server.MinecraftServer/]: Gave 2000000 experience points to Banhmat
[13Aug2026 13:03:18.207] [Server thread/INFO] [net.minecraft.server.MinecraftServer/]: Gave 2000000 experience points to Banhmat
[13Aug2026 13:03:32.799] [Server thread/INFO] [net.minecraft.server.MinecraftServer/]: Gave 3000000 experience points to Banhmat
[13Aug2026 13:03:34.740] [Server thread/INFO] [net.minecraft.server.MinecraftServer/]: Gave 3000000 experience points to Banhmat
[13Aug2026 13:04:14.143] [Server thread/WARN] [net.minecraft.server.network.ServerGamePacketListenerImpl/]: Banhmat was kicked for floating too long!
[13Aug2026 13:04:14.191] [Server thread/INFO] [net.minecraft.server.network.ServerGamePacketListenerImpl/]: Banhmat lost connection: Flying is not enabled on this server
[13Aug2026 13:04:14.191] [Server thread/INFO] [net.minecraft.server.MinecraftServer/]: Banhmat left the game
[13Aug2026 13:04:29.414] [Server thread/INFO] [org.admany.lc2h.LC2H/]: [LC2H] Diagnostics reporter stopped
[13Aug2026 13:04:29.418] [Server thread/INFO] [org.admany.lc2h.LC2H/]: [LC2H] StallDetector stopped
[13Aug2026 13:04:29.419] [Server thread/INFO] [org.admany.lc2h.LC2H/]: [LC2H] Fast shutdown started
[13Aug2026 13:04:29.419] [Server thread/INFO] [org.admany.lc2h.LC2H/]: AsyncMultiChunkPlanner: Shutting down warmup executor
[13Aug2026 13:04:29.419] [Server thread/INFO] [org.admany.lc2h.LC2H/]: AsyncMultiChunkPlanner: Shutdown complete
[13Aug2026 13:04:29.420] [Server thread/INFO] [org.admany.lc2h.LC2H/]: [LC2H] Multi-chunk planner shut down
[13Aug2026 13:04:29.420] [Server thread/INFO] [org.admany.lc2h.LC2H/]: AsyncBuildingInfoPlanner: Shutting down
[13Aug2026 13:04:29.423] [Server thread/INFO] [org.admany.lc2h.LC2H/]: AsyncBuildingInfoPlanner: Shutdown complete
[13Aug2026 13:04:29.423] [Server thread/INFO] [org.admany.lc2h.LC2H/]: [LC2H] Building info planner shut down
[13Aug2026 13:04:29.423] [Server thread/INFO] [org.admany.lc2h.LC2H/]: AsyncTerrainFeaturePlanner: Shutting down
[13Aug2026 13:04:29.423] [Server thread/INFO] [org.admany.lc2h.LC2H/]: AsyncTerrainFeaturePlanner: Shutdown complete
[13Aug2026 13:04:29.424] [Server thread/INFO] [org.admany.lc2h.LC2H/]: [LC2H] Terrain feature planner shut down
[13Aug2026 13:04:29.424] [Server thread/INFO] [org.admany.lc2h.LC2H/]: AsyncTerrainCorrectionPlanner: Shutting down
[13Aug2026 13:04:29.424] [Server thread/INFO] [org.admany.lc2h.LC2H/]: AsyncTerrainCorrectionPlanner: Shutdown complete
[13Aug2026 13:04:29.424] [Server thread/INFO] [org.admany.lc2h.LC2H/]: [LC2H] Terrain correction planner shut down
[13Aug2026 13:04:29.425] [Server thread/INFO] [org.admany.lc2h.LC2H/]: [LC2H] City planner shut down
[13Aug2026 13:04:29.426] [Server thread/INFO] [org.admany.lc2h.LC2H/]: [LC2H] Planner batch queue drained
[13Aug2026 13:04:29.426] [Server thread/INFO] [org.admany.lc2h.LC2H/]: [LC2H] Chunk warmup system shut down
[13Aug2026 13:04:29.427] [Server thread/INFO] [org.admany.lc2h.LC2H/]: [LC2H] Vine cluster cleaner shut down
[13Aug2026 13:04:29.427] [Server thread/INFO] [org.admany.lc2h.LC2H/]: [LC2H] Server rescheduler cleared
[13Aug2026 13:04:29.432] [Server thread/INFO] [org.admany.anticheat.anticheatmod/]: [Anticheat] [Shutdown] 🔄 Stopping hot config reloader...
[13Aug2026 13:04:29.434] [Server thread/INFO] [org.admany.anticheat.anticheatmod/]: [Anticheat] [Config] Hot config reloading stopped
[13Aug2026 13:04:29.434] [Server thread/INFO] [org.admany.anticheat.anticheatmod/]: [Anticheat] [Shutdown] ✓ Hot config reloader stopped successfully
[13Aug2026 13:04:29.459] [Server thread/INFO] [net.minecraft.server.MinecraftServer/]: Stopping server
[13Aug2026 13:04:29.466] [Server thread/INFO] [net.minecraft.server.MinecraftServer/]: Saving players
[13Aug2026 13:04:29.518] [Server thread/INFO] [net.minecraft.server.network.ServerGamePacketListenerImpl/]: Mach20 lost connection: Server closed
[13Aug2026 13:04:29.518] [Server thread/INFO] [net.minecraft.server.MinecraftServer/]: Mach20 left the game
[13Aug2026 13:04:29.562] [Server thread/INFO] [net.minecraft.server.MinecraftServer/]: Saving worlds
[13Aug2026 13:04:30.079] [Server thread/INFO] [net.minecraft.server.MinecraftServer/]: Saving chunks for level 'ServerLevel[world]'/minecraft:overworld
[13Aug2026 13:04:32.842] [Server thread/INFO] [net.minecraft.server.MinecraftServer/]: Saving chunks for level 'ServerLevel[world]'/waifu_of_god:khong_gian_loan_luu
[13Aug2026 13:04:32.843] [Server thread/INFO] [net.minecraft.server.MinecraftServer/]: Saving chunks for level 'ServerLevel[world]'/minecraft:the_nether
[13Aug2026 13:04:32.844] [Server thread/INFO] [net.minecraft.server.MinecraftServer/]: Saving chunks for level 'ServerLevel[world]'/waifu_of_god:player_world_2
[13Aug2026 13:04:32.844] [Server thread/INFO] [net.minecraft.server.MinecraftServer/]: Saving chunks for level 'ServerLevel[world]'/waifu_of_god:son_ha_do_world
[13Aug2026 13:04:32.845] [Server thread/INFO] [net.minecraft.server.MinecraftServer/]: Saving chunks for level 'ServerLevel[world]'/waifu_of_god:player_world_6
[13Aug2026 13:04:32.846] [Server thread/INFO] [net.minecraft.server.MinecraftServer/]: Saving chunks for level 'ServerLevel[world]'/waifu_of_god:sinh_menh_than_vuc
[13Aug2026 13:04:32.847] [Server thread/INFO] [net.minecraft.server.MinecraftServer/]: Saving chunks for level 'ServerLevel[world]'/waifu_of_god:player_world_1
[13Aug2026 13:04:32.848] [Server thread/INFO] [net.minecraft.server.MinecraftServer/]: Saving chunks for level 'ServerLevel[world]'/waifu_of_god:player_world_5
[13Aug2026 13:04:32.848] [Server thread/INFO] [net.minecraft.server.MinecraftServer/]: Saving chunks for level 'ServerLevel[world]'/waifu_of_god:player_world_7
[13Aug2026 13:04:32.849] [Server thread/INFO] [net.minecraft.server.MinecraftServer/]: Saving chunks for level 'ServerLevel[world]'/waifu_of_god:player_world_8
[13Aug2026 13:04:32.850] [Server thread/INFO] [net.minecraft.server.MinecraftServer/]: Saving chunks for level 'ServerLevel[world]'/lostcities:lostcity
[13Aug2026 13:04:32.851] [Server thread/INFO] [net.minecraft.server.MinecraftServer/]: Saving chunks for level 'ServerLevel[world]'/waifu_of_god:u_minh_gioi
[13Aug2026 13:04:32.853] [Server thread/INFO] [net.minecraft.server.MinecraftServer/]: Saving chunks for level 'ServerLevel[world]'/waifu_of_god:player_world_4
[13Aug2026 13:04:32.854] [Server thread/INFO] [net.minecraft.server.MinecraftServer/]: Saving chunks for level 'ServerLevel[world]'/waifu_of_god:u_minh_than_vuc
[13Aug2026 13:04:32.855] [Server thread/INFO] [net.minecraft.server.MinecraftServer/]: Saving chunks for level 'ServerLevel[world]'/waifu_of_god:loi_than_vuc
[13Aug2026 13:04:32.856] [Server thread/INFO] [net.minecraft.server.MinecraftServer/]: Saving chunks for level 'ServerLevel[world]'/waifu_of_god:player_world_3
[13Aug2026 13:04:32.857] [Server thread/INFO] [net.minecraft.server.MinecraftServer/]: Saving chunks for level 'ServerLevel[world]'/minecraft:the_end
[13Aug2026 13:04:32.923] [Server thread/INFO] [net.minecraft.server.MinecraftServer/]: ThreadedAnvilChunkStorage (world): All chunks are saved
[13Aug2026 13:04:32.923] [Server thread/INFO] [net.minecraft.server.MinecraftServer/]: ThreadedAnvilChunkStorage (khong_gian_loan_luu): All chunks are saved
[13Aug2026 13:04:32.924] [Server thread/INFO] [net.minecraft.server.MinecraftServer/]: ThreadedAnvilChunkStorage (DIM-1): All chunks are saved
[13Aug2026 13:04:32.924] [Server thread/INFO] [net.minecraft.server.MinecraftServer/]: ThreadedAnvilChunkStorage (player_world_2): All chunks are saved
[13Aug2026 13:04:32.924] [Server thread/INFO] [net.minecraft.server.MinecraftServer/]: ThreadedAnvilChunkStorage (son_ha_do_world): All chunks are saved
[13Aug2026 13:04:32.924] [Server thread/INFO] [net.minecraft.server.MinecraftServer/]: ThreadedAnvilChunkStorage (player_world_6): All chunks are saved
[13Aug2026 13:04:32.924] [Server thread/INFO] [net.minecraft.server.MinecraftServer/]: ThreadedAnvilChunkStorage (sinh_menh_than_vuc): All chunks are saved
[13Aug2026 13:04:32.924] [Server thread/INFO] [net.minecraft.server.MinecraftServer/]: ThreadedAnvilChunkStorage (player_world_1): All chunks are saved
[13Aug2026 13:04:32.924] [Server thread/INFO] [net.minecraft.server.MinecraftServer/]: ThreadedAnvilChunkStorage (player_world_5): All chunks are saved
[13Aug2026 13:04:32.924] [Server thread/INFO] [net.minecraft.server.MinecraftServer/]: ThreadedAnvilChunkStorage (player_world_7): All chunks are saved
[13Aug2026 13:04:32.924] [Server thread/INFO] [net.minecraft.server.MinecraftServer/]: ThreadedAnvilChunkStorage (player_world_8): All chunks are saved
[13Aug2026 13:04:32.924] [Server thread/INFO] [net.minecraft.server.MinecraftServer/]: ThreadedAnvilChunkStorage (lostcity): All chunks are saved
[13Aug2026 13:04:32.924] [Server thread/INFO] [net.minecraft.server.MinecraftServer/]: ThreadedAnvilChunkStorage (u_minh_gioi): All chunks are saved
[13Aug2026 13:04:32.924] [Server thread/INFO] [net.minecraft.server.MinecraftServer/]: ThreadedAnvilChunkStorage (player_world_4): All chunks are saved
[13Aug2026 13:04:32.924] [Server thread/INFO] [net.minecraft.server.MinecraftServer/]: ThreadedAnvilChunkStorage (u_minh_than_vuc): All chunks are saved
[13Aug2026 13:04:32.924] [Server thread/INFO] [net.minecraft.server.MinecraftServer/]: ThreadedAnvilChunkStorage (loi_than_vuc): All chunks are saved
[13Aug2026 13:04:32.924] [Server thread/INFO] [net.minecraft.server.MinecraftServer/]: ThreadedAnvilChunkStorage (player_world_3): All chunks are saved
[13Aug2026 13:04:32.924] [Server thread/INFO] [net.minecraft.server.MinecraftServer/]: ThreadedAnvilChunkStorage (DIM1): All chunks are saved
[13Aug2026 13:04:32.924] [Server thread/INFO] [net.minecraft.server.MinecraftServer/]: ThreadedAnvilChunkStorage: All dimensions are saved
[13Aug2026 13:04:33.712] [Server thread/INFO] [org.admany.lc2h.LC2H/]: Destroyed OpenCL context during shutdown to release GPU memory
[13Aug2026 13:04:33.712] [Server thread/INFO] [org.admany.lc2h.LC2H/]: Cleared GPU caches
[13Aug2026 13:04:33.712] [Server thread/INFO] [org.admany.lc2h.LC2H/]: [LC2H] GPU caches cleared
[13Aug2026 13:04:33.713] [Server thread/INFO] [org.admany.lc2h.LC2H/]: [LC2H] FeatureCache: Force shutdown initiated
[13Aug2026 13:04:33.715] [Server thread/INFO] [org.admany.lc2h.LC2H/]: [LC2H] FeatureCache: Force disconnected from Quantified API
[13Aug2026 13:04:33.715] [Server thread/INFO] [org.admany.lc2h.LC2H/]: [LC2H] FeatureCache: Force shutdown complete
[13Aug2026 13:04:33.716] [Server thread/INFO] [org.admany.lc2h.LC2H/]: [LC2H] Feature cache system force shut down
[13Aug2026 13:04:33.717] [Server thread/INFO] [Framework/]: Unloading server configs...
[13Aug2026 13:04:33.726] [Server thread/INFO] [Framework/]: Sending config unload event for refurbished_furniture.server.toml
[13Aug2026 13:04:33.737] [Server thread/INFO] [Framework/]: Finished unloading server configs
